epoch,subset,n,mae_mchirp,mae_merger_time,mae_snr,mae_sky_position,mae_coa_phase,r2_mchirp,r2_merger_time,r2_snr,r2_sky_position,r2_coa_phase,std_ratio_mchirp,std_ratio_merger_time,std_ratio_snr,std_ratio_sky_position,std_ratio_coa_phase
5,full,5000,3.19888,0.0511459,3.06284,1.33076,1.55565,0.68034,-0.0972977,-1.15119,0.207661,0.0145618,1.08798,0.0889962,0.672431,0.269465,0.219624
5,snr_low,1667,4.41454,0.0501074,4.24517,1.32859,1.54122,0.379728,-0.0572897,-31.8471,0.209978,-0.0249324,0.931245,0.0491284,1.64344,0.265315,0.14765
5,snr_mid,1666,2.76078,0.0516695,3.19741,1.32187,1.57397,0.794923,-0.102041,-16.9952,0.212469,0.018964,1.08136,0.0612219,1.24512,0.270069,0.188933
5,snr_high,1667,2.42107,0.051661,1.74601,1.34181,1.55177,0.854143,-0.133321,-5.15844,0.200564,0.046312,1.20556,0.0661644,1.06577,0.27245,0.268118
5,mchirp_low,2500,2.67582,0.0512842,3.38156,1.34211,1.55894,0.173512,-0.097421,-1.53307,0.188759,0.00925965,0.992023,0.0924704,0.678469,0.273891,0.128735
5,mchirp_high,2500,3.72194,0.0510076,2.74411,1.3194,1.55236,-0.18517,-0.0974948,-0.774079,0.226781,0.0193297,1.41322,0.0849151,0.639359,0.261814,0.254741
5,merger_early,2500,3.27752,0.0665666,3.07459,1.34552,1.55363,0.65903,-5.61345,-1.19527,0.206694,0.0260704,1.09187,0.180942,0.686748,0.266944,0.220469
5,merger_late,2500,3.12025,0.0357251,3.05108,1.31599,1.55768,0.701394,-1.23495,-1.10844,0.208654,0.00275016,1.0839,0.173628,0.658197,0.272062,0.218763
5,q_low,1667,2.49889,0.0515216,3.21287,1.33247,1.56303,0.4418,-0.0880219,-1.31583,0.198216,0.0260351,1.13505,0.0865762,0.653349,0.272042,0.169143
5,q_mid,1666,3.29973,0.0504398,3.06433,1.32774,1.53832,0.622649,-0.0814155,-1.13227,0.208689,0.0226785,1.14234,0.0903567,0.680863,0.269849,0.2308
5,q_high,1667,3.79808,0.0514758,2.91131,1.33206,1.56559,0.664381,-0.123976,-1.00565,0.215992,-0.00553394,1.09443,0.0885713,0.679992,0.265826,0.229608
5,q_low_mchirp_low,1241,2.32445,0.0513302,3.33166,1.34989,1.5548,0.000522406,-0.0749428,-1.4566,0.184425,0.0233759,1.14899,0.0877693,0.650205,0.2716,0.127484
5,q_low_mchirp_high,426,3.00708,0.0520791,2.86682,1.28172,1.58703,-3.64292,-0.128906,-0.903432,0.240054,0.0324578,2.2063,0.0829739,0.638641,0.271197,0.242141
5,q_high_mchirp_low,544,3.09614,0.0519418,3.40546,1.34425,1.55248,0.243118,-0.175428,-1.65535,0.195835,0.00106374,0.833036,0.0929772,0.676609,0.274158,0.127015
5,q_high_mchirp_high,1123,4.13811,0.0512501,2.67193,1.32616,1.57194,-0.336502,-0.104903,-0.70387,0.225869,-0.00897754,1.43474,0.086056,0.654627,0.25873,0.242006
10,full,5000,3.14263,0.0496746,2.08971,1.52879,1.57196,0.703866,-0.0157105,-0.126814,0.110574,-0.0140763,0.982969,0.0500693,0.697697,0.155741,1.01397
10,snr_low,1667,4.47864,0.0493982,3.04416,1.5126,1.61906,0.384745,-0.0118455,-16.8916,0.102905,-0.108204,0.92277,0.0316897,1.64405,0.145926,1.22189
10,snr_mid,1666,2.66116,0.0501857,2.33884,1.52673,1.5773,0.832525,-0.0189769,-9.10093,0.114512,-0.00530736,0.976693,0.0382687,1.28531,0.158354,1.03379
10,snr_high,1667,2.28781,0.0494403,0.886276,1.54705,1.51952,0.880951,-0.0173375,-0.870146,0.114267,0.0635192,1.02115,0.0508032,0.718894,0.155603,0.670366
10,mchirp_low,2500,2.74682,0.0498911,2.24708,1.51987,1.56462,0.159887,-0.0207713,-0.266983,0.0736825,-0.00953989,0.916676,0.0594776,0.698789,0.124687,0.646434
10,mchirp_high,2500,3.53844,0.0494582,1.93233,1.53772,1.5793,-0.0561694,-0.010927,0.0115774,0.147949,-0.0190767,1.17278,0.0326457,0.689877,0.140869,1.25027
10,merger_early,2500,3.21797,0.0563135,2.09017,1.55012,1.55387,0.68488,-4.00606,-0.145635,0.105351,0.0117076,0.982069,0.100915,0.705106,0.15428,1.00842
10,merger_late,2500,3.06729,0.0430358,2.08925,1.50747,1.59005,0.722623,-2.11145,-0.10858,0.11599,-0.0404141,0.983621,0.0985276,0.690377,0.157229,1.01957
10,q_low,1667,2.54969,0.050059,2.17743,1.53576,1.53989,0.444984,-0.0140709,-0.191722,0.0772983,0.036192,1.04275,0.052142,0.697004,0.125757,0.803239
10,q_mid,1666,3.16177,0.0494217,2.08836,1.5271,1.59744,0.647085,-0.00950299,-0.119882,0.115246,-0.0516486,1.03146,0.0509235,0.694362,0.156928,1.09809
10,q_high,1667,3.71644,0.0495431,2.00333,1.52352,1.57857,0.700061,-0.0247874,-0.0691987,0.139042,-0.028385,0.982319,0.0469296,0.701439,0.171723,1.10448
10,q_low_mchirp_low,1241,2.43862,0.0500368,2.25841,1.53995,1.53855,-0.05094,-0.0113287,-0.257801,0.0640272,0.0254061,1.06024,0.0548638,0.690969,0.115618,0.650147
10,q_low_mchirp_high,426,2.87328,0.0501237,1.94155,1.52356,1.5438,-3.23602,-0.0239007,0.00185312,0.1173,0.0652778,1.78014,0.0297538,0.702963,0.114184,1.09767
10,q_high_mchirp_low,544,3.13117,0.0496787,2.16985,1.5021,1.57154,0.240191,-0.0632982,-0.255182,0.0893792,-0.00451618,0.768176,0.0639429,0.70463,0.134303,0.58726
10,q_high_mchirp_high,1123,3.99996,0.0494774,1.92267,1.5339,1.58198,-0.166549,-0.011347,0.0171756,0.16338,-0.0402465,1.17954,0.0327712,0.696024,0.150109,1.2666
15,full,5000,2.17799,0.0493119,3.01803,1.29008,1.57585,0.807184,-0.00098322,-1.16816,0.421431,-0.0100348,0.935442,0.0127798,0.469649,0.418686,1.43891
15,snr_low,1667,3.33777,0.0491738,4.61231,1.3103,1.62269,0.604873,-0.00104407,-36.1863,0.389816,-0.10148,0.73588,0.00877565,1.03454,0.361038,1.10269
15,snr_mid,1666,1.89369,0.0498259,3.09952,1.2885,1.57255,0.862404,-0.000493067,-15.6299,0.423651,0.00691168,0.964412,0.0126425,0.980302,0.42266,1.40748
15,snr_high,1667,1.30235,0.0489364,1.34232,1.27145,1.53229,0.947401,-0.00249704,-2.74975,0.450653,0.0570342,1.0689,0.0158827,0.602514,0.459629,1.53148
15,mchirp_low,2500,2.35181,0.0492924,2.97283,1.28211,1.56875,-0.11351,-0.000538367,-1.13176,0.407263,-0.00529671,0.892116,0.00786429,0.476679,0.382832,1.33857
15,mchirp_high,2500,2.00417,0.0493315,3.06324,1.29805,1.58294,0.630183,-0.00172255,-1.20429,0.435765,-0.0152332,1.1663,0.0141106,0.461068,0.439957,1.51553
15,merger_early,2500,2.19764,0.0473326,3.02682,1.30604,1.57705,0.802694,-2.8241,-1.20383,0.418355,0.000655495,0.930906,0.0258668,0.474404,0.41402,1.43306
15,merger_late,2500,2.15834,0.0512913,3.00925,1.27412,1.57464,0.811603,-3.10313,-1.1336,0.424621,-0.0210166,0.939897,0.0250398,0.464959,0.42348,1.44479
15,q_low,1667,1.85302,0.0494614,3.05252,1.29921,1.56087,0.57381,-0.0014759,-1.1946,0.407812,0.0225165,0.94775,0.00831019,0.469024,0.402345,1.37334
15,q_mid,1666,2.19856,0.0494536,3.03015,1.27281,1.5915,0.781529,-0.00332004,-1.16539,0.432648,-0.0398192,0.965468,0.0120398,0.468354,0.423762,1.46024
15,q_high,1667,2.4824,0.049021,2.97145,1.29821,1.57518,0.812953,0.00071032,-1.14648,0.423875,-0.0140108,0.93278,0.0143636,0.4718,0.428475,1.47832
15,q_low_mchirp_low,1241,1.9628,0.0494657,3.03916,1.29946,1.5629,-0.119871,-0.00243254,-1.18144,0.404819,0.00688506,0.998379,0.00779488,0.468456,0.384035,1.34364
15,q_low_mchirp_high,426,1.53322,0.0494486,3.09144,1.29849,1.55495,-0.170636,-0.000215641,-1.23314,0.416179,0.0650952,1.53144,0.00936138,0.470262,0.44329,1.44187
15,q_high_mchirp_low,544,2.97207,0.0483869,2.79869,1.27499,1.54776,-0.328336,-0.00358708,-1.01102,0.408553,0.0261494,0.838061,0.00773597,0.485913,0.373784,1.27408
15,q_high_mchirp_high,1123,2.2452,0.0493282,3.05513,1.30946,1.58847,0.558062,-0.00181751,-1.20946,0.431383,-0.0338044,1.19283,0.0143933,0.461137,0.440852,1.54177
20,full,5000,1.36929,0.0493065,0.927499,1.34087,1.57321,0.912982,-0.000385985,0.734386,0.313672,-0.00796542,0.974358,0.0148433,0.973072,0.698697,0.761671
20,snr_low,1667,2.16738,0.0491637,0.971078,1.44316,1.56762,0.793809,-0.000778796,-1.60933,0.168199,-0.0623663,0.925629,0.0111927,1.57263,0.540114,0.855121
20,snr_mid,1666,1.13833,0.0498227,1.02677,1.33527,1.58399,0.95884,-7.21706e-05,-1.68596,0.335331,0.00763074,0.980754,0.0146212,1.91093,0.703823,0.664149
20,snr_high,1667,0.802035,0.0489333,0.784709,1.24418,1.56804,0.981452,-0.0013924,-0.702855,0.436833,0.0264275,1.00853,0.0179162,1.45756,0.756669,0.7321
20,mchirp_low,2500,1.20699,0.0492959,0.940417,1.31298,1.56271,0.76154,0.000276774,0.725205,0.308738,-0.00352792,0.970244,0.0134458,0.990769,0.631344,0.797752
20,mchirp_high,2500,1.5316,0.049317,0.91458,1.36877,1.58371,0.684933,-0.0013439,0.743434,0.318622,-0.0128647,1.04152,0.016127,0.95525,0.727607,0.718693
20,merger_early,2500,1.38221,0.0479028,0.954185,1.35299,1.59167,0.909825,-2.89426,0.719359,0.317116,-0.0145907,0.975571,0.0299497,0.976435,0.692233,0.741593
20,merger_late,2500,1.35638,0.0507101,0.900813,1.32875,1.55476,0.916096,-3.03298,0.749014,0.310081,-0.00133071,0.973128,0.0291757,0.969746,0.705326,0.781587
20,q_low,1667,1.08352,0.0494548,0.910115,1.3544,1.56753,0.855373,0.00012286,0.747813,0.282388,0.0183115,1.06164,0.0126718,0.967215,0.697214,0.780848
20,q_mid,1666,1.36415,0.0494412,0.927428,1.32406,1.56858,0.896438,-0.0029376,0.733651,0.32482,-0.0209616,1.01534,0.0140335,0.980363,0.712398,0.755345
20,q_high,1667,1.66021,0.0490235,0.944953,1.34414,1.58352,0.907434,0.000501281,0.721213,0.333775,-0.0222061,0.968201,0.0161981,0.972031,0.684493,0.744894
20,q_low_mchirp_low,1241,1.01414,0.0494657,0.91647,1.34303,1.54305,0.735296,-0.00055331,0.744195,0.295267,0.0333526,1.10203,0.0124561,0.968215,0.651191,0.798427
20,q_low_mchirp_high,426,1.28561,0.0494231,0.8916,1.38753,1.63885,-0.164741,0.000546275,0.758411,0.240811,-0.0246123,1.44955,0.0111254,0.963981,0.791737,0.713307
20,q_high_mchirp_low,544,1.48326,0.0484432,0.985834,1.28716,1.57183,0.747706,-0.00581738,0.692588,0.334601,-0.0170689,0.829547,0.0142936,1.00395,0.579536,0.800256
20,q_high_mchirp_high,1123,1.74593,0.0493046,0.92515,1.37174,1.58919,0.645933,-0.00107726,0.734504,0.333369,-0.0249421,1.05766,0.0170047,0.956768,0.697599,0.714487
25,full,5000,1.49525,0.049306,1.12505,1.53758,1.56819,0.895817,0.000585476,0.623361,-0.0514997,-0.00322132,1.01506,0.0213954,0.925554,1.20014,0.202377
25,snr_low,1667,2.37254,0.0491525,0.797736,1.68047,1.53751,0.747629,-0.000105227,-0.718841,-0.26639,-0.0254168,0.957733,0.0165425,1.33361,1.04609,0.25181
25,snr_mid,1666,1.19698,0.0498307,1.20848,1.54277,1.58419,0.957056,-0.000422919,-2.58768,-0.057,0.00239709,1.02076,0.0187345,1.80557,1.25505,0.186251
25,snr_high,1667,0.916036,0.0489352,1.36899,1.3895,1.58289,0.976486,0.00120957,-3.57528,0.167614,0.0114455,1.05363,0.0191618,1.58441,1.21351,0.160725
25,mchirp_low,2500,1.21764,0.0493239,1.11311,1.62328,1.56853,0.766334,0.00132486,0.625896,-0.130253,-0.00730492,0.967925,0.0213833,0.935828,1.14562,0.189524
25,mchirp_high,2500,1.77285,0.0492881,1.13699,1.45188,1.56785,0.593698,-0.000449074,0.620827,0.0283595,0.000329724,1.1778,0.0205275,0.915302,1.20775,0.204037
25,merger_early,2500,1.50732,0.0501722,1.14152,1.54311,1.57206,0.890768,-3.17704,0.610088,-0.0381246,0.00390231,1.01669,0.0432897,0.931916,1.18645,0.199319
25,merger_late,2500,1.48317,0.0484399,1.10858,1.53204,1.56432,0.900801,-2.76125,0.636267,-0.0654193,-0.0105737,1.01345,0.0419232,0.919298,1.21416,0.205442
25,q_low,1667,1.11229,0.0495263,1.0963,1.59827,1.58907,0.838716,0.0013642,0.644579,-0.127399,-0.0133001,1.04385,0.0177639,0.916229,1.21884,0.198453
25,q_mid,1666,1.54812,0.0493352,1.11741,1.51583,1.5469,0.874975,0.000540721,0.63396,-0.030774,0.0102366,1.05195,0.0206268,0.931268,1.20208,0.199343
25,q_high,1667,1.82536,0.0490567,1.16144,1.49862,1.5686,0.887021,-0.00131793,0.590563,0.00356684,-0.00665425,1.02528,0.0238041,0.929597,1.17545,0.202298
25,q_low_mchirp_low,1241,1.02459,0.0494977,1.09162,1.63399,1.57387,0.732594,0.00244876,0.645344,-0.143616,-0.00692286,1.08137,0.0187573,0.915833,1.18468,0.186236
25,q_low_mchirp_high,426,1.36776,0.0496097,1.10993,1.4942,1.63335,-0.483793,-0.00347992,0.642338,-0.0785171,-0.032106,1.58498,0.014349,0.917327,1.27721,0.223466
25,q_high_mchirp_low,544,1.48818,0.0486096,1.20013,1.59307,1.57149,0.769988,-0.0126507,0.547908,-0.0719566,-0.0110008,0.839032,0.0247539,0.953502,1.07948,0.203753
25,q_high_mchirp_high,1123,1.9887,0.0492732,1.1427,1.45287,1.5672,0.541814,-0.000547549,0.610368,0.0405772,-0.0047673,1.20996,0.0221508,0.918213,1.17622,0.193384
30,full,5000,1.37995,0.0492976,0.926494,1.47149,1.56924,0.916731,0.000439704,0.735172,0.0304898,0.000975951,0.995256,0.0210701,0.980276,1.02981,0.914877
30,snr_low,1667,2.09032,0.049164,0.896769,1.56035,1.5813,0.817768,-0.000159191,-1.24592,-0.123971,-0.0602837,0.936658,0.0200991,1.56207,0.705201,1.00237
30,snr_mid,1666,1.18708,0.0498071,1.02288,1.5229,1.5791,0.951709,0.000212317,-1.66352,-0.0360012,0.00932894,1.00246,0.0203002,1.92057,1.10012,0.897225
30,snr_high,1667,0.862342,0.0489221,0.859891,1.33126,1.54732,0.976874,0.000184494,-1.06014,0.249995,0.0488096,1.0418,0.0222396,1.52172,1.11668,0.842835
30,mchirp_low,2500,1.2605,0.0492993,0.930693,1.49662,1.55122,0.695924,0.00103458,0.728911,0.00737173,0.013668,1.01543,0.0215918,0.996554,0.950087,0.896954
30,mchirp_high,2500,1.49941,0.0492959,0.922294,1.44636,1.58725,0.741087,-0.000449813,0.741337,0.0538762,-0.0121026,1.07575,0.020247,0.963806,1.0591,0.932528
30,merger_early,2500,1.40144,0.0488222,0.950608,1.47958,1.58591,0.913746,-3.00765,0.722834,0.0405506,-0.00696473,0.998099,0.0424931,0.985212,1.01314,0.897833
30,merger_late,2500,1.35846,0.0497731,0.902379,1.46341,1.55256,0.919674,-2.92068,0.747178,0.0200169,0.00894988,0.992434,0.0414277,0.975391,1.04677,0.931938
30,q_low,1667,1.32304,0.049446,0.898521,1.50392,1.5483,0.806137,0.00170116,0.751598,-0.0227397,0.0398005,1.06931,0.0180558,0.976755,1.04707,0.918363
30,q_mid,1666,1.35376,0.0493995,0.924896,1.45368,1.58774,0.902208,-0.00154935,0.735849,0.0445559,-0.0229131,1.03129,0.0199605,0.984862,1.04297,0.903455
30,q_high,1667,1.46304,0.0490475,0.956063,1.45687,1.57169,0.92366,-5.156e-06,0.717511,0.0695539,-0.0152418,0.994336,0.0232705,0.979615,0.995056,0.9219
30,q_low_mchirp_low,1241,1.26146,0.0494442,0.904024,1.51702,1.53451,0.596275,0.00149223,0.749625,-0.0155426,0.0444582,1.13622,0.0188374,0.976834,0.995404,0.912109
30,q_low_mchirp_high,426,1.50243,0.0494512,0.882487,1.46576,1.58845,-0.235763,0.000728751,0.757377,-0.0470363,0.0258414,1.4293,0.0147419,0.976521,1.14764,0.935976
30,q_high_mchirp_low,544,1.33677,0.0485558,1.00025,1.47795,1.53371,0.708647,-0.00930881,0.679442,0.0524588,0.0238379,0.885123,0.0256427,1.00755,0.847317,0.86857
30,q_high_mchirp_high,1123,1.52421,0.0492856,0.93466,1.44665,1.59008,0.735829,-0.000182714,0.735189,0.0779308,-0.0345093,1.09688,0.0215053,0.965209,1.01379,0.946513
35,full,5000,1.34786,0.0492974,0.971469,1.41449,1.56424,0.912518,0.000561269,0.711155,0.134813,-0.0018949,0.98155,0.0258314,0.969447,0.867144,0.525244
35,snr_low,1667,2.12872,0.049169,0.822617,1.49874,1.52888,0.7929,-0.00042826,-0.852342,-0.00704,-0.0269223,0.931149,0.0268579,1.4461,0.528966,0.590451
35,snr_mid,1666,1.12351,0.0497984,1.07468,1.46319,1.58924,0.958513,0.00081973,-1.90399,0.0855977,-0.0187508,0.986096,0.0245129,1.91313,0.914568,0.525428
35,snr_high,1667,0.791218,0.0489252,1.01717,1.28157,1.57461,0.98128,0.000202772,-1.83179,0.324651,0.0375343,1.02076,0.0230989,1.60363,0.969363,0.456995
35,mchirp_low,2500,1.18314,0.0492942,0.991348,1.39697,1.56026,0.755106,0.00140965,0.694673,0.122485,-0.00274241,1.00321,0.0272365,0.973076,0.795212,0.503748
35,mchirp_high,2500,1.51258,0.0493007,0.951589,1.43201,1.56822,0.686148,-0.000582713,0.727416,0.147254,-0.00155151,1.07715,0.0234862,0.964018,0.893897,0.545362
35,merger_early,2500,1.35943,0.0488302,0.996866,1.43588,1.59099,0.9104,-3.00963,0.696639,0.130737,-0.0151175,0.98398,0.0519445,0.973982,0.857613,0.519117
35,merger_late,2500,1.33629,0.0497646,0.946071,1.3931,1.53749,0.914602,-2.91789,0.725283,0.139037,0.0114524,0.979121,0.0509345,0.964953,0.876939,0.53141
35,q_low,1667,1.22201,0.0494438,0.947248,1.42452,1.57366,0.832649,0.00192389,0.728669,0.0924043,0.00163643,1.05394,0.0228718,0.958918,0.8809,0.502868
35,q_mid,1666,1.30239,0.0493993,0.96122,1.41415,1.55296,0.897622,-0.00151638,0.716997,0.131758,0.000552675,1.01841,0.0244686,0.97541,0.885422,0.528486
35,q_high,1667,1.51915,0.0490493,1.00593,1.4048,1.56609,0.91103,0.000102176,0.68708,0.180016,-0.00827407,0.983283,0.0282309,0.974389,0.83102,0.543973
35,q_low_mchirp_low,1241,1.1716,0.049443,0.953109,1.41784,1.56411,0.677432,0.00176678,0.725447,0.107635,-0.00399278,1.12243,0.0241541,0.953644,0.827287,0.497694
35,q_low_mchirp_high,426,1.36887,0.0494462,0.930173,1.44399,1.6015,-0.239437,0.000796742,0.738108,0.0431357,0.0163131,1.4452,0.0183949,0.973264,0.990302,0.516132
35,q_high_mchirp_low,544,1.26708,0.0485681,1.11294,1.38366,1.58745,0.769909,-0.00931764,0.606711,0.149603,-0.0156742,0.87204,0.0318783,0.983891,0.721974,0.530186
35,q_high_mchirp_high,1123,1.64126,0.0492823,0.954094,1.41504,1.55574,0.655542,-2.02816e-05,0.724409,0.19492,-0.00490008,1.10598,0.0250037,0.965771,0.840097,0.550611
40,full,5000,1.3904,0.0493007,0.935879,1.37673,1.56852,0.9058,0.000321917,0.732141,0.186153,-9.27478e-05,0.966934,0.0264412,0.950247,0.845731,0.954489
40,snr_low,1667,2.22745,0.0491698,0.905304,1.46021,1.57689,0.773626,-0.000360282,-1.2641,0.0503107,-0.0657572,0.919206,0.0294469,1.51046,0.51243,1.03437
40,snr_mid,1666,1.14954,0.0498019,1.01112,1.41455,1.57618,0.956992,0.00072008,-1.59139,0.148251,0.0121868,0.971466,0.0251232,1.88559,0.876028,0.945687
40,snr_high,1667,0.794075,0.0489306,0.891259,1.25544,1.5525,0.981391,-0.00048223,-1.19529,0.358797,0.0479125,1.00136,0.0240826,1.50228,0.969612,0.883902
40,mchirp_low,2500,1.16924,0.0492923,0.942341,1.35827,1.56313,0.767432,0.00118371,0.725862,0.179824,-0.0013718,0.978174,0.0272272,0.959494,0.786971,0.941832
40,mchirp_high,2500,1.61157,0.0493091,0.929417,1.39518,1.57391,0.644582,-0.000835594,0.738323,0.192508,0.000679371,1.07358,0.0253599,0.940853,0.86438,0.967012
40,merger_early,2500,1.40343,0.0485279,0.95845,1.39548,1.5905,0.902365,-2.97268,0.720119,0.183463,-0.0127143,0.969799,0.0532103,0.955314,0.836856,0.938409
40,merger_late,2500,1.37738,0.0500735,0.913308,1.35797,1.54654,0.909189,-2.95427,0.743837,0.188937,0.0126432,0.964057,0.0521025,0.94522,0.854859,0.970521
40,q_low,1667,1.15789,0.0494159,0.918963,1.38835,1.57831,0.840892,0.00213392,0.745639,0.146103,0.00239256,1.03414,0.0244653,0.940978,0.865184,0.939983
40,q_mid,1666,1.35583,0.0494173,0.924177,1.37504,1.57199,0.890427,-0.00214421,0.736027,0.184134,-0.0125362,1.00405,0.0253973,0.957514,0.861357,0.951486
40,q_high,1667,1.65747,0.0490689,0.964491,1.36679,1.55526,0.898824,-0.000206341,0.714166,0.227987,0.00937376,0.968859,0.0280049,0.952649,0.807066,0.971275
40,q_low_mchirp_low,1241,1.10783,0.0494283,0.923427,1.37792,1.56912,0.710337,0.00136002,0.743878,0.166094,0.00144768,1.09422,0.0248896,0.938276,0.818363,0.947065
40,q_low_mchirp_high,426,1.30373,0.0493797,0.905961,1.41873,1.6051,-0.291647,0.00285303,0.750798,0.0820106,0.00401266,1.46932,0.0227207,0.948849,0.961061,0.918552
40,q_high_mchirp_low,544,1.31801,0.0485755,1.01766,1.34988,1.53421,0.767309,-0.00907182,0.673337,0.200422,0.0301278,0.850641,0.0306706,0.971769,0.714212,0.913516
40,q_high_mchirp_high,1123,1.82191,0.0493079,0.938735,1.37498,1.56546,0.598608,-0.000590806,0.733127,0.241494,-0.000961827,1.09941,0.0261486,0.942268,0.812105,0.997132
45,full,5000,1.37025,0.0493009,0.947577,1.40093,1.56076,0.910536,0.000303072,0.724937,0.14796,0.00502998,0.965144,0.0282376,0.962043,0.893881,1.09813
45,snr_low,1667,2.16623,0.049171,0.875682,1.48783,1.57186,0.789541,-0.000402972,-1.11889,0.00651845,-0.0600446,0.920092,0.0316576,1.507,0.559505,1.17145
45,snr_mid,1666,1.15125,0.0498009,1.03787,1.43727,1.57675,0.956042,0.000740055,-1.72207,0.110078,0.00501967,0.97074,0.0271963,1.91605,0.935262,1.08172
45,snr_high,1667,0.793153,0.0489311,0.929237,1.27772,1.53367,0.981169,-0.000516655,-1.39383,0.326152,0.0646138,0.999334,0.0242263,1.53928,1.01066,1.04075
45,mchirp_low,2500,1.20365,0.0492874,0.957931,1.38681,1.55035,0.743624,0.00131409,0.715414,0.139774,0.0186432,0.988852,0.0287934,0.969984,0.838507,1.09793
45,mchirp_high,2500,1.53686,0.0493144,0.937222,1.41506,1.57116,0.682367,-0.00100425,0.734323,0.156197,-0.00895981,1.0661,0.0270147,0.953502,0.908881,1.09825
45,merger_early,2500,1.38294,0.0484773,0.97102,1.41882,1.58459,0.907928,-2.96656,0.711702,0.147311,-0.00806283,0.967724,0.0568908,0.967532,0.880756,1.09395
45,merger_late,2500,1.35757,0.0501245,0.924134,1.38304,1.53693,0.913106,-2.96013,0.737816,0.148623,0.0182459,0.962562,0.0555797,0.956586,0.907284,1.10235
45,q_low,1667,1.21099,0.0494095,0.927842,1.40703,1.5553,0.831792,0.00231651,0.740378,0.112946,0.0352085,1.03355,0.025817,0.951611,0.915108,1.07932
45,q_mid,1666,1.31757,0.0494268,0.93514,1.39804,1.58095,0.896685,-0.00252964,0.730107,0.150084,-0.0251695,1.00008,0.0269456,0.969198,0.908164,1.10515
45,q_high,1667,1.58217,0.0490664,0.97974,1.39772,1.54603,0.907469,-6.29087e-05,0.703668,0.180682,0.0038902,0.967742,0.0301396,0.965736,0.854754,1.11008
45,q_low_mchirp_low,1241,1.18083,0.0494197,0.933193,1.40193,1.54157,0.67336,0.00153811,0.73769,0.128389,0.0399561,1.10376,0.0263603,0.948666,0.87123,1.07874
45,q_low_mchirp_high,426,1.29883,0.0493801,0.912254,1.42191,1.5953,-0.229674,0.00304938,0.748252,0.0630453,0.0209943,1.43448,0.0240013,0.960002,1.00347,1.08143
45,q_high_mchirp_low,544,1.3145,0.0485759,1.05284,1.38394,1.52909,0.747033,-0.00878717,0.648386,0.156694,0.0285245,0.86291,0.0323802,0.983223,0.762627,1.12746
45,q_high_mchirp_high,1123,1.71184,0.0493041,0.944328,1.40439,1.55423,0.646322,-0.000513109,0.729343,0.192437,-0.00833673,1.0939,0.0280689,0.95512,0.858374,1.09966
50,full,5000,1.37543,0.0493012,0.944937,1.39116,1.55917,0.9117,0.00043447,0.726774,0.163227,0.00691094,0.971752,0.0286135,0.957144,0.887121,1.09833
50,snr_low,1667,2.15766,0.0491721,0.93624,1.47903,1.57156,0.79506,-0.000325512,-1.41913,0.0234022,-0.0609695,0.924107,0.03251,1.535,0.564347,1.1752
50,snr_mid,1666,1.16446,0.0497992,1.02762,1.42156,1.57355,0.954789,0.00079845,-1.66745,0.132566,0.00980246,0.977786,0.0274067,1.90826,0.922033,1.08545
50,snr_high,1667,0.804046,0.0489327,0.870995,1.2729,1.5324,0.980617,-0.000258016,-1.10758,0.33265,0.0662094,1.0083,0.0242603,1.51655,1.0084,1.0345
50,mchirp_low,2500,1.22362,0.0492905,0.953505,1.37751,1.55069,0.734263,0.00143704,0.719599,0.154238,0.0186016,0.989662,0.0292224,0.966265,0.830458,1.09641
50,mchirp_high,2500,1.52724,0.049312,0.936368,1.40481,1.56765,0.693627,-0.000864336,0.73384,0.172281,-0.00517184,1.06224,0.027399,0.947547,0.902369,1.10039
50,merger_early,2500,1.39149,0.0486817,0.96712,1.40716,1.58375,0.909054,-2.99178,0.714289,0.164191,-0.00616612,0.974684,0.0576795,0.962469,0.873787,1.09562
50,merger_late,2500,1.35937,0.0499208,0.922753,1.37515,1.53458,0.914308,-2.93555,0.738922,0.162212,0.020111,0.968815,0.0562896,0.951851,0.900729,1.1008
50,q_low,1667,1.21109,0.0494131,0.929594,1.40061,1.55741,0.831137,0.00254617,0.740207,0.124663,0.0344864,1.04652,0.0263193,0.946867,0.908535,1.07982
50,q_mid,1666,1.33832,0.0494171,0.932565,1.38533,1.57801,0.896902,-0.00216805,0.730054,0.168859,-0.0222599,1.00846,0.0274634,0.964564,0.899763,1.10864
50,q_high,1667,1.57686,0.0490734,0.972643,1.38752,1.5421,0.91004,-0.000262737,0.70948,0.196021,0.00740441,0.97112,0.0303835,0.960414,0.84957,1.10673
50,q_low_mchirp_low,1241,1.16684,0.0494223,0.934828,1.39283,1.54536,0.671931,0.00181827,0.737686,0.143534,0.03837,1.10793,0.0267503,0.944297,0.863822,1.08038
50,q_low_mchirp_high,426,1.33998,0.0493864,0.914348,1.42328,1.5925,-0.233423,0.00312827,0.747592,0.0640423,0.0226799,1.44022,0.0248371,0.954273,0.997577,1.07883
50,q_high_mchirp_low,544,1.37394,0.0485946,1.02826,1.37334,1.52287,0.730545,-0.00945927,0.667052,0.170173,0.0307304,0.860478,0.0328021,0.980166,0.754028,1.11403
50,q_high_mchirp_high,1123,1.67516,0.0493054,0.945703,1.39439,1.55142,0.664009,-0.000491826,0.729183,0.208687,-0.00418442,1.08671,0.0282759,0.948835,0.853602,1.10233
55,full,5000,1.37853,0.0493018,0.946032,1.38287,1.5644,0.910941,0.000424258,0.726003,0.177081,0.00299896,0.973968,0.0284063,0.960695,0.874653,1.04031
55,snr_low,1667,2.16279,0.0491732,0.915206,1.47396,1.57566,0.793059,-0.000307994,-1.31363,0.0350143,-0.062183,0.924116,0.0323631,1.53167,0.553681,1.12818
55,snr_mid,1666,1.16565,0.0497992,1.03517,1.40979,1.57541,0.954693,0.000757466,-1.70313,0.152055,0.00754454,0.97974,0.0273023,1.92022,0.907873,1.02261
55,snr_high,1667,0.807025,0.0489334,0.887775,1.26489,1.54213,0.980374,-0.000264649,-1.19471,0.343149,0.0581884,1.01243,0.0244891,1.52103,0.996195,0.970782
55,mchirp_low,2500,1.21925,0.0492923,0.955764,1.36759,1.55901,0.735706,0.00136037,0.717827,0.168972,0.00819224,0.987498,0.0288378,0.970166,0.820782,1.03608
55,mchirp_high,2500,1.53781,0.0493114,0.9363,1.39815,1.56978,0.688898,-0.000807834,0.734058,0.185244,-0.00264416,1.0731,0.0274292,0.950669,0.888751,1.04445
55,merger_early,2500,1.39556,0.0487512,0.968396,1.39928,1.58744,0.908158,-3.00043,0.713189,0.177633,-0.0102661,0.976824,0.0572924,0.966128,0.861976,1.03151
55,merger_late,2500,1.36151,0.0498524,0.923668,1.36646,1.54135,0.913683,-2.92755,0.738472,0.176496,0.0163899,0.971107,0.0558526,0.955288,0.887605,1.04899
55,q_low,1667,1.22094,0.0494135,0.929105,1.39146,1.57185,0.829618,0.00253733,0.740483,0.13985,0.0152086,1.04382,0.0261739,0.950512,0.895542,1.01657
55,q_mid,1666,1.34278,0.049415,0.932849,1.37523,1.58007,0.895914,-0.00213031,0.729895,0.184947,-0.0207569,1.00983,0.0273491,0.968122,0.887736,1.05308
55,q_high,1667,1.57186,0.0490771,0.976134,1.38192,1.54128,0.909344,-0.000322497,0.707019,0.206343,0.0137807,0.974912,0.0300105,0.963864,0.83739,1.05069
55,q_low_mchirp_low,1241,1.17764,0.0494232,0.934467,1.38252,1.56228,0.669914,0.00176688,0.737785,0.15932,0.0169099,1.10491,0.0265099,0.948257,0.851512,1.01562
55,q_low_mchirp_high,426,1.34705,0.0493852,0.913482,1.41752,1.59973,-0.250737,0.00324675,0.748388,0.0773796,0.00946571,1.44884,0.0249701,0.956969,0.983716,1.01911
55,q_high_mchirp_low,544,1.35128,0.0486027,1.03993,1.36551,1.52105,0.735109,-0.00977403,0.659377,0.181397,0.0342746,0.858973,0.032153,0.983556,0.747508,1.05308
55,q_high_mchirp_high,1123,1.67872,0.0493069,0.945231,1.38987,1.55108,0.659188,-0.000431976,0.729145,0.218567,0.00357281,1.09914,0.0281275,0.952159,0.840274,1.04659
60,full,5000,1.37372,0.0493014,0.949334,1.39069,1.56127,0.911368,0.000441567,0.72439,0.16468,0.00554556,0.964443,0.0286119,0.959552,0.88384,1.03703
60,snr_low,1667,2.1565,0.0491737,0.900211,1.4809,1.57257,0.793933,-0.000311503,-1.23725,0.022423,-0.0603634,0.914611,0.032693,1.51974,0.56072,1.11687
60,snr_mid,1666,1.16408,0.0497971,1.03563,1.41943,1.57192,0.954753,0.000836212,-1.70642,0.136889,0.0100738,0.970477,0.0275127,1.91611,0.91959,1.02283
60,snr_high,1667,0.800433,0.0489338,0.912211,1.27174,1.53933,0.980753,-0.000288705,-1.30842,0.333675,0.0614199,1.0028,0.0245209,1.53812,1.00343,0.972024
60,mchirp_low,2500,1.21812,0.0492911,0.95927,1.37605,1.55548,0.734978,0.00140767,0.71567,0.156286,0.0116128,0.983917,0.0290916,0.96858,0.828483,1.03326
60,mchirp_high,2500,1.52931,0.0493117,0.939398,1.40532,1.56706,0.691512,-0.000820632,0.732983,0.173129,-0.000962745,1.05953,0.0275995,0.949974,0.898964,1.04092
60,merger_early,2500,1.38953,0.0487357,0.97171,1.40717,1.58352,0.908711,-2.99848,0.711541,0.16507,-0.00656083,0.967209,0.0577148,0.964866,0.87154,1.03177
60,merger_late,2500,1.3579,0.0498672,0.926958,1.37421,1.53902,0.913987,-2.92924,0.736892,0.164263,0.017758,0.961671,0.0562492,0.954261,0.896416,1.04194
60,q_low,1667,1.21241,0.0494125,0.931087,1.39938,1.56912,0.831646,0.00256629,0.739446,0.126757,0.0190591,1.03511,0.0264562,0.949187,0.905171,1.01113
60,q_mid,1666,1.32654,0.0494156,0.935614,1.38416,1.57538,0.89729,-0.00215766,0.728848,0.171698,-0.0172565,1.00035,0.0275769,0.967115,0.897098,1.05336
60,q_high,1667,1.58217,0.0490763,0.981293,1.38852,1.53932,0.908952,-0.000272239,0.70424,0.195464,0.0140524,0.965218,0.0301721,0.962765,0.845903,1.04653
60,q_low_mchirp_low,1241,1.17855,0.0494226,0.936532,1.39098,1.55875,0.670366,0.0017846,0.736589,0.145865,0.02044,1.09889,0.0267611,0.946713,0.86062,1.00979
60,q_low_mchirp_high,426,1.31104,0.0493832,0.915226,1.42383,1.59932,-0.212705,0.0033094,0.747818,0.0653997,0.0142132,1.43042,0.0253527,0.956275,0.994525,1.01483
60,q_high_mchirp_low,544,1.34923,0.0486013,1.04994,1.37259,1.5204,0.732854,-0.00966594,0.653211,0.170895,0.0338784,0.857555,0.0324364,0.982005,0.752905,1.0541
60,q_high_mchirp_high,1123,1.69501,0.0493064,0.948038,1.39624,1.54849,0.658087,-0.00040868,0.727939,0.207504,0.00416982,1.08529,0.0282399,0.951255,0.849809,1.04133
65,full,5000,1.3751,0.0493014,0.947127,1.38408,1.56052,0.911355,0.000434256,0.725446,0.174622,0.00599057,0.965029,0.0286807,0.959443,0.877634,1.05376
65,snr_low,1667,2.15675,0.0491737,0.924207,1.47492,1.56996,0.794398,-0.000331009,-1.35842,0.0332205,-0.0581901,0.915428,0.0327847,1.53354,0.557924,1.13424
65,snr_mid,1666,1.16717,0.0497963,1.03435,1.41025,1.57074,0.954404,0.000859437,-1.69849,0.149989,0.01066,0.971242,0.0275461,1.91814,0.910694,1.03891
65,snr_high,1667,0.801266,0.0489345,0.882875,1.26707,1.54087,0.980625,-0.00031476,-1.1703,0.339637,0.0601391,1.00311,0.0245007,1.52233,0.998937,0.988512
65,mchirp_low,2500,1.22304,0.0492901,0.956444,1.36995,1.55324,0.73155,0.00143316,0.717603,0.165242,0.0140635,0.984847,0.029193,0.96867,0.822658,1.05051
65,mchirp_high,2500,1.52717,0.0493126,0.937811,1.3982,1.56781,0.693367,-0.000860865,0.733171,0.184074,-0.00250604,1.06066,0.027638,0.94965,0.892563,1.05713
65,merger_early,2500,1.39185,0.0487166,0.969181,1.40094,1.58218,0.90862,-2.99611,0.712805,0.174548,-0.00554528,0.967875,0.057867,0.964853,0.865031,1.04884
65,merger_late,2500,1.35836,0.0498862,0.925073,1.36721,1.53887,0.914051,-2.9315,0.737745,0.174687,0.0176226,0.962179,0.0563715,0.954057,0.890511,1.05835
65,q_low,1667,1.22757,0.0494108,0.930717,1.39226,1.56679,0.828793,0.00259147,0.739614,0.138069,0.0229465,1.0357,0.0264948,0.94914,0.899326,1.03011
65,q_mid,1666,1.32583,0.0494177,0.933807,1.37704,1.57564,0.897334,-0.00220846,0.729128,0.181688,-0.0184283,1.00073,0.0276357,0.966931,0.890099,1.06967
65,q_high,1667,1.57187,0.0490758,0.97685,1.38293,1.53915,0.909567,-0.000269073,0.706992,0.203997,0.012593,0.965901,0.0302774,0.962671,0.840263,1.06152
65,q_low_mchirp_low,1241,1.19438,0.0494205,0.935962,1.38505,1.55474,0.662641,0.00182444,0.736958,0.155307,0.0259454,1.10032,0.0268261,0.946781,0.853792,1.0284
65,q_low_mchirp_high,426,1.32426,0.0493824,0.915439,1.41327,1.60189,-0.219026,0.00329075,0.747394,0.082588,0.0135946,1.43078,0.0253038,0.955892,0.990238,1.03495
65,q_high_mchirp_low,544,1.34308,0.0485999,1.0379,1.36734,1.5209,0.731457,-0.00959856,0.661085,0.178156,0.0318021,0.857991,0.0325897,0.981989,0.748251,1.06996
65,q_high_mchirp_high,1123,1.68271,0.0493063,0.947275,1.39048,1.548,0.661466,-0.000435686,0.728312,0.21666,0.00301061,1.08649,0.0283278,0.951095,0.843857,1.05612
70,full,5000,1.37358,0.0493017,0.94732,1.38384,1.56176,0.911543,0.000434305,0.72536,0.174834,0.00516374,0.963298,0.0286208,0.959363,0.879518,1.04287
70,snr_low,1667,2.15353,0.049174,0.919712,1.47499,1.57288,0.794959,-0.000319393,-1.33568,0.0332754,-0.0602099,0.913307,0.0327302,1.53153,0.562754,1.12433
70,snr_mid,1666,1.16676,0.049797,1.03474,1.40901,1.5722,0.954374,0.0008307,-1.70078,0.151646,0.00953362,0.969408,0.0275102,1.91855,0.912148,1.02713
70,snr_high,1667,0.800344,0.0489345,0.887561,1.26755,1.5402,0.980677,-0.000297118,-1.19245,0.338572,0.0607027,1.00186,0.0245403,1.52318,1.00022,0.977822
70,mchirp_low,2500,1.22299,0.0492912,0.956853,1.37003,1.55547,0.731067,0.00140474,0.717325,0.16529,0.0115391,0.983745,0.0290789,0.968666,0.824897,1.03933
70,mchirp_high,2500,1.52418,0.0493122,0.937786,1.39766,1.56805,0.694606,-0.000832236,0.733276,0.184452,-0.00165021,1.05843,0.0276324,0.949477,0.894229,1.04653
70,merger_early,2500,1.38985,0.0487463,0.969375,1.39896,1.58416,0.908887,-2.99981,0.712693,0.17715,-0.00747041,0.966108,0.0577466,0.964733,0.86748,1.03705
70,merger_late,2500,1.35732,0.0498571,0.925264,1.36872,1.53936,0.914159,-2.92805,0.737685,0.172415,0.0179131,0.960485,0.0562536,0.954016,0.891833,1.04827
70,q_low,1667,1.22552,0.049412,0.93051,1.39252,1.56931,0.829249,0.00257621,0.739784,0.137391,0.0188473,1.03386,0.0264423,0.949055,0.900207,1.01777
70,q_mid,1666,1.32231,0.0494162,0.934005,1.37675,1.57599,0.897679,-0.00216985,0.729122,0.182016,-0.017496,0.998886,0.0275987,0.966871,0.893418,1.05969
70,q_high,1667,1.57289,0.049077,0.977437,1.38224,1.53999,0.909658,-0.000292101,0.706565,0.204982,0.0133558,0.964194,0.0301789,0.962574,0.841632,1.05082
70,q_low_mchirp_low,1241,1.19458,0.049422,0.935796,1.38553,1.55773,0.662448,0.00179865,0.737089,0.154534,0.0218945,1.09896,0.0267477,0.946757,0.855244,1.01657
70,q_low_mchirp_high,426,1.31566,0.049383,0.915111,1.4129,1.60304,-0.20851,0.00330698,0.747679,0.0822053,0.00935652,1.42586,0.0253353,0.955623,0.99015,1.02108
70,q_high_mchirp_low,544,1.34282,0.0486027,1.04025,1.36841,1.52214,0.730527,-0.00971185,0.65955,0.176977,0.030576,0.857179,0.0324064,0.982014,0.748315,1.05847
70,q_high_mchirp_high,1123,1.68434,0.0493068,0.94701,1.38894,1.54864,0.662205,-0.000416383,0.7284,0.218705,0.00474247,1.08438,0.028273,0.950898,0.845535,1.04516
75,full,5000,1.37513,0.0493017,0.947654,1.38524,1.56136,0.911256,0.000438,0.725203,0.172795,0.00543189,0.964985,0.0287059,0.959549,0.879775,1.04144
75,snr_low,1667,2.15711,0.0491743,0.917206,1.47513,1.5721,0.794004,-0.000330101,-1.32249,0.0326481,-0.0595828,0.914746,0.0328263,1.53034,0.560715,1.12155
75,snr_mid,1666,1.16654,0.0497965,1.03475,1.41188,1.57207,0.954493,0.000847106,-1.70113,0.147455,0.00955834,0.971022,0.0275945,1.9182,0.912643,1.02639
75,snr_high,1667,0.801606,0.0489346,0.891063,1.26874,1.53992,0.980615,-0.000291981,-1.2091,0.337263,0.0608815,1.00368,0.0245529,1.52632,1.00087,0.976831
75,mchirp_low,2500,1.22141,0.0492909,0.957179,1.37195,1.55501,0.73271,0.00142355,0.717092,0.162391,0.0119203,0.984314,0.0291769,0.968777,0.824684,1.03788
75,mchirp_high,2500,1.52884,0.0493125,0.93813,1.39854,1.56771,0.692204,-0.000843721,0.733194,0.183287,-0.00149407,1.06093,0.0276986,0.949752,0.894755,1.04505
75,merger_early,2500,1.39183,0.048743,0.969736,1.40187,1.58351,0.908534,-2.99939,0.712508,0.173095,-0.0067881,0.967793,0.0579153,0.964916,0.867706,1.03602
75,merger_late,2500,1.35842,0.0498604,0.925572,1.36862,1.53922,0.913938,-2.92842,0.737556,0.172471,0.0177599,0.962171,0.0564239,0.954205,0.89212,1.04643
75,q_low,1667,1.225,0.0494118,0.930704,1.39369,1.56927,0.829392,0.00259287,0.739677,0.135722,0.0189913,1.03549,0.0265188,0.949173,0.900922,1.01588
75,q_mid,1666,1.32649,0.0494166,0.934222,1.37778,1.57533,0.897182,-0.0021811,0.729093,0.180568,-0.0171288,1.00076,0.0276737,0.967109,0.893228,1.05834
75,q_high,1667,1.57387,0.0490768,0.978028,1.38426,1.5395,0.909303,-0.000286643,0.706227,0.201989,0.0136524,0.965861,0.0302801,0.962774,0.841895,1.04982
75,q_low_mchirp_low,1241,1.19132,0.0494216,0.935979,1.38663,1.5575,0.664577,0.00182687,0.736959,0.152872,0.0219602,1.09975,0.026831,0.946828,0.855363,1.01472
75,q_low_mchirp_high,426,1.32311,0.0493834,0.915337,1.41428,1.60356,-0.219796,0.00328911,0.747638,0.080515,0.00971899,1.43154,0.0253935,0.955884,0.991913,1.01932
75,q_high_mchirp_low,544,1.34234,0.0486025,1.04154,1.36906,1.52167,0.732393,-0.00969453,0.658733,0.175991,0.0311919,0.857521,0.0325323,0.982124,0.749234,1.0574
75,q_high_mchirp_high,1123,1.68603,0.0493065,0.947264,1.39163,1.54813,0.6599,-0.000416478,0.728283,0.214729,0.00488355,1.08675,0.0283547,0.951172,0.845678,1.04421
80,full,5000,1.37579,0.0493017,0.947679,1.38467,1.56157,0.911076,0.000441813,0.725229,0.173503,0.00523793,0.963863,0.0287631,0.959002,0.879054,1.05092
80,snr_low,1667,2.15985,0.0491744,0.918847,1.4751,1.57221,0.793331,-0.000342136,-1.33053,0.0327094,-0.0597445,0.914204,0.0329017,1.53004,0.558643,1.13176
80,snr_mid,1666,1.16638,0.0497961,1.03412,1.4106,1.57173,0.954546,0.000864188,-1.69812,0.149021,0.00982675,0.969904,0.0276668,1.91726,0.911955,1.03517
80,snr_high,1667,0.801028,0.0489348,0.890117,1.26833,1.54076,0.980676,-0.000285861,-1.20363,0.337764,0.0602019,1.002,0.0245532,1.52576,1.00079,0.986225
80,mchirp_low,2500,1.2203,0.0492908,0.95714,1.37103,1.55503,0.733778,0.00143686,0.717185,0.163724,0.012046,0.984189,0.0292391,0.968433,0.824383,1.04705
80,mchirp_high,2500,1.53129,0.0493126,0.938218,1.39831,1.56811,0.69068,-0.00084944,0.733154,0.18336,-0.00200504,1.05902,0.0277453,0.949033,0.8938,1.05492
80,merger_early,2500,1.39234,0.0487502,0.969688,1.40167,1.58394,0.908305,-3.00029,0.712594,0.173254,-0.00751386,0.966648,0.0580341,0.964335,0.866718,1.04517
80,merger_late,2500,1.35924,0.0498532,0.925671,1.36767,1.53919,0.913808,-2.92755,0.737523,0.17375,0.0181069,0.961071,0.0565331,0.953692,0.891666,1.0563
80,q_low,1667,1.22106,0.049412,0.930888,1.39284,1.56878,0.83015,0.00260443,0.73962,0.137037,0.0200854,1.03499,0.0265798,0.948751,0.900474,1.02647
80,q_mid,1666,1.32643,0.0494165,0.934263,1.37796,1.57544,0.897062,-0.00218127,0.729069,0.180125,-0.0173392,0.999748,0.0277341,0.966529,0.892005,1.06774
80,q_high,1667,1.57987,0.0490767,0.977878,1.38321,1.54049,0.908806,-0.000286738,0.706387,0.20323,0.0121616,0.964607,0.0303345,0.962137,0.841438,1.05821
80,q_low_mchirp_low,1241,1.18776,0.0494217,0.936189,1.38582,1.55712,0.666692,0.00184268,0.736871,0.15415,0.0231392,1.09957,0.0268895,0.946489,0.85498,1.02513
80,q_low_mchirp_high,426,1.31806,0.0493837,0.915446,1.41331,1.60276,-0.218536,0.00328798,0.747673,0.0819453,0.0105772,1.43066,0.0254666,0.955234,0.991301,1.03019
80,q_high_mchirp_low,544,1.34371,0.0486027,1.04071,1.368,1.52367,0.733005,-0.00970023,0.659358,0.177279,0.0282239,0.857485,0.0326,0.981834,0.749001,1.06498
80,q_high_mchirp_high,1123,1.69426,0.0493063,0.94744,1.39058,1.54864,0.657343,-0.000413938,0.728227,0.215948,0.00411198,1.08473,0.0283948,0.950426,0.845173,1.05324
