epoch,circular_loss_coa_phase,circular_loss_polarization_angle,kappa_sky_position,loss,mae_coa_phase,mae_inclination,mae_mchirp,mae_merger_time,mae_polarization_angle,mae_snr,r2_coa_phase,r2_inclination,r2_mchirp,r2_merger_time,r2_polarization_angle,r2_snr,std_ratio_coa_phase,std_ratio_inclination,std_ratio_mchirp,std_ratio_merger_time,std_ratio_polarization_angle,std_ratio_snr,val_circular_loss_coa_phase,val_circular_loss_polarization_angle,val_kappa_sky_position,val_loss,val_mae_coa_phase,val_mae_inclination,val_mae_mchirp,val_mae_merger_time,val_mae_polarization_angle,val_mae_snr,val_r2_coa_phase,val_r2_inclination,val_r2_mchirp,val_r2_merger_time,val_r2_polarization_angle,val_r2_snr,val_std_ratio_coa_phase,val_std_ratio_inclination,val_std_ratio_mchirp,val_std_ratio_merger_time,val_std_ratio_polarization_angle,val_std_ratio_snr,val_weight_coa_phase,val_weight_inclination,val_weight_mchirp,val_weight_merger_time,val_weight_polarization_angle,val_weight_sky_position,val_weight_snr,weight_coa_phase,weight_inclination,weight_mchirp,weight_merger_time,weight_polarization_angle,weight_sky_position,weight_snr
0,1.0049139261245728,1.000454068183899,0.22202986478805542,6.608468055725098,1.4964723587036133,0.9136075377464294,0.9653627872467041,0.2761193513870239,1.459285020828247,1.2747045755386353,-5.977562427520752,-1.9292303323745728,-0.42101240158081055,-0.3046177625656128,-5.929037094116211,-3.177992343902588,2.43430495262146,1.3887889385223389,0.6471952795982361,0.550074577331543,2.4008445739746094,1.7948006391525269,1.0045582056045532,0.9969080090522766,0.1265077292919159,7.054177761077881,1.325098991394043,0.668842613697052,0.8576822280883789,0.26219379901885986,0.7790846228599548,2.317131996154785,-4.1497673988342285,-0.19772851467132568,-0.08236300945281982,-0.17064738273620605,-0.8461122512817383,-5.4710693359375,1.3039189577102661,0.44289812445640564,0.2803794741630554,0.2300328016281128,0.5537481904029846,0.2619958221912384,0.9979844093322754,1.0263139009475708,1.0412369966506958,1.0400898456573486,1.0003544092178345,0.9671528935432434,1.0051627159118652,0.9991974234580994,1.009556770324707,1.0206106901168823,1.0200226306915283,1.0001477003097534,0.9839169979095459,0.9999539852142334
1,0.9742053151130676,0.9694440364837646,0.10002432018518448,5.607003211975098,2.091947078704834,0.7236940860748291,0.8157238364219666,0.2560606896877289,1.3873367309570312,0.7599912881851196,-20.760007858276367,-0.5680250525474548,-0.04468250274658203,-0.11958968639373779,-4.77012300491333,0.11851036548614502,4.560338973999023,0.8591960072517395,0.6276641488075256,0.47927847504615784,2.2248029708862305,0.7496504783630371,1.0024476051330566,0.9931153059005737,0.10002676397562027,5.422482490539551,1.289025068283081,0.7457424402236938,0.8365945816040039,0.2550511360168457,1.721986174583435,0.7734964489936829,-3.6881449222564697,-0.6313967704772949,-0.03934335708618164,-0.21493041515350342,-7.172020435333252,0.08727401494979858,1.6773353815078735,0.7598733901977539,0.5889370441436768,0.4133699834346771,1.3139771223068237,0.707930862903595,1.0117850303649902,1.1086758375167847,1.1345852613449097,1.1252330541610718,1.0173630714416504,0.9015020132064819,1.047054648399353,1.0129601955413818,1.068043828010559,1.0898768901824951,1.0823026895523071,1.0160284042358398,0.9335532188415527,1.0252032279968262
2,0.9774970412254333,0.9720902442932129,0.10002212226390839,4.942107677459717,1.423545479774475,0.6908901929855347,0.7283445000648499,0.2185596376657486,1.7496094703674316,0.6504690647125244,-5.423489570617676,-0.4027007222175598,0.15254193544387817,0.15499550104141235,-9.554908752441406,0.3309606909751892,2.3605968952178955,0.7493636012077332,0.7196550965309143,0.5413767099380493,3.1181581020355225,0.8837953805923462,0.9945213794708252,0.9981194138526917,0.10000534355640411,8.010773658752441,3.27705454826355,1.468400478363037,0.9438226819038391,0.18531601130962372,7.682557582855225,1.63417649269104,-32.85698318481445,-4.901484966278076,-0.3131234645843506,0.29492127895355225,-121.23135375976562,-2.440842628479004,4.636415481567383,0.948430061340332,0.8895286321640015,0.811813235282898,1.8680551052093506,0.7075154185295105,1.0167810916900635,1.2452328205108643,1.2894361019134521,1.2669333219528198,1.0213392972946167,0.8172265291213989,1.1373597383499146,1.0207912921905518,1.177862286567688,1.2138957977294922,1.1949437856674194,1.0277836322784424,0.8577486872673035,1.0914229154586792
3,0.9769446849822998,0.9851441383361816,0.10000638663768768,4.182586193084717,1.4694187641143799,0.660444438457489,0.6136015057563782,0.16985630989074707,1.408358097076416,0.5648385286331177,-5.765264511108398,-0.22924870252609253,0.39299625158309937,0.4413265585899353,-5.467622756958008,0.4936230778694153,2.4154720306396484,0.5950066447257996,0.7801319360733032,0.7458289265632629,2.349883794784546,0.8885520696640015,0.994484007358551,0.9906653165817261,0.10000584274530411,11.227629661560059,2.6738498210906982,1.4950114488601685,1.6750179529190063,0.2618034780025482,4.390845775604248,3.9443893432617188,-17.750362396240234,-5.355888843536377,-2.3483636379241943,-0.268532395362854,-68.37964630126953,-15.426193237304688,3.8374645709991455,2.199714183807373,0.8858444094657898,0.8119298219680786,6.863470077514648,1.2380450963974,1.0171163082122803,1.4509515762329102,1.5410387516021729,1.4852219820022583,1.0114895105361938,0.7277945876121521,1.2941739559173584,1.0244011878967285,1.3474091291427612,1.414689064025879,1.3736809492111206,1.0187840461730957,0.770331084728241,1.2141817808151245
4,0.9775372743606567,0.9785052537918091,0.10000717639923096,3.4273669719696045,1.42841637134552,0.6526698470115662,0.5114139914512634,0.1444581151008606,1.8004969358444214,0.49839863181114197,-5.374452590942383,-0.1880345344543457,0.5628955364227295,0.581352949142456,-12.324094772338867,0.608788013458252,2.3296291828155518,0.5600781440734863,0.8399938941001892,0.814637303352356,3.518157720565796,0.8902887105941772,0.9925671815872192,1.0076442956924438,0.09999995678663254,22.539714813232422,1.5725882053375244,2.0603132247924805,5.506770610809326,0.18695324659347534,3.137514591217041,5.690121650695801,-7.324181079864502,-11.016730308532715,-29.794212341308594,0.26098793745040894,-26.9594783782959,-33.496131896972656,2.4724972248077393,2.94518780708313,1.5462126731872559,1.1714048385620117,4.398412704467773,1.949324131011963,1.0093494653701782,1.7323458194732666,1.9252426624298096,1.811218023300171,1.0139275789260864,0.6435847878456116,1.5413599014282227,1.023627519607544,1.5919886827468872,1.7327284812927246,1.643837332725525,1.0203946828842163,0.6833069324493408,1.415224313735962
5,0.9821342825889587,0.9877694249153137,0.10004940629005432,2.497083902359009,1.398358702659607,0.641014814376831,0.3994685113430023,0.1192082092165947,1.192713737487793,0.4368714988231659,-5.126027584075928,-0.10495877265930176,0.7206599712371826,0.7067552804946899,-3.585317373275757,0.6973535418510437,2.28629732131958,0.43886899948120117,0.8956107497215271,0.9013351202011108,1.907617211341858,0.8910365700721741,0.996799111366272,0.9939731359481812,0.10000070184469223,3.6738784313201904,3.6118874549865723,0.6531506180763245,0.41283077001571655,0.1101534515619278,0.9119569659233093,1.3161507844924927,-28.65558624267578,-0.10404789447784424,0.6997753977775574,0.7323044538497925,-1.4857783317565918,-1.0827388763427734,5.3006815910339355,0.30892419815063477,0.8174183964729309,0.9016491174697876,0.6415396928787231,0.8065192103385925,1.0125031471252441,2.0430779457092285,2.4298551082611084,2.208864688873291,1.006211757659912,0.5809835195541382,1.851227045059204,1.0161802768707275,1.890334129333496,2.1699745655059814,2.0044515132904053,1.0159305334091187,0.6106554269790649,1.6920231580734253
6,0.9792149066925049,0.9798591136932373,0.10000317543745041,1.6537957191467285,1.2462434768676758,0.6114671230316162,0.32298147678375244,0.10221510380506516,1.054477572441101,0.4014814794063568,-4.1897735595703125,0.0006205141544342041,0.8168007135391235,0.7811049818992615,-2.5572710037231445,0.7415252327919006,2.032348394393921,0.4076197147369385,0.9343571662902832,0.8996737599372864,1.5143815279006958,0.9145838022232056,0.9958996772766113,0.9903777241706848,0.10000190883874893,4.794376373291016,1.5831406116485596,0.6489295363426208,1.1209403276443481,0.1648564636707306,1.427337884902954,1.3082475662231445,-6.791787624359131,-0.08742547035217285,-0.5063931941986084,0.42759400606155396,-4.9604573249816895,-1.0691356658935547,2.2222604751586914,0.30619457364082336,0.9478160738945007,0.7561607956886292,1.4689741134643555,0.824404776096344,1.019805669784546,2.3954083919525146,3.063133716583252,2.693206310272217,1.0139614343643188,0.5334529280662537,2.225001096725464,1.0192915201187134,2.2207908630371094,2.7393922805786133,2.4445691108703613,1.0163822174072266,0.5560290217399597,2.038203239440918
7,0.9610905647277832,0.9876899123191833,0.10001543909311295,0.922766387462616,1.1524989604949951,0.5880882740020752,0.290363073348999,0.09925606101751328,1.1247340440750122,0.3834620416164398,-3.0737547874450684,0.07334989309310913,0.85536128282547,0.7950246334075928,-3.1649651527404785,0.7650560736656189,1.5464531183242798,0.406708300113678,0.9479075074195862,0.9170776009559631,1.75437593460083,0.9226806163787842,1.0005446672439575,0.9951310753822327,0.10002954304218292,1.4204587936401367,1.3180534839630127,0.6772307753562927,0.411354124546051,0.10534608364105225,0.9831989407539368,0.5535739064216614,-3.7791099548339844,-0.2386990189552307,0.7155675888061523,0.7588110566139221,-2.195279359817505,0.5209004878997803,0.7436848282814026,0.4013526141643524,0.9281601905822754,0.9074329137802124,1.352463722229004,0.8445139527320862,1.0317752361297607,2.781280040740967,3.8260903358459473,3.2802510261535645,1.0076220035552979,0.49703019857406616,2.662445306777954,1.0365599393844604,2.594322919845581,3.432577133178711,2.9786360263824463,1.0147795677185059,0.5143535137176514,2.4421517848968506
8,0.9556210041046143,0.9925734996795654,0.1001053899526596,0.1483900099992752,1.1881250143051147,0.5543723702430725,0.24083225429058075,0.09337508678436279,0.9486896991729736,0.3523915410041809,-3.3716604709625244,0.16573774814605713,0.9013782143592834,0.8195617198944092,-1.8608064651489258,0.802061140537262,1.8834011554718018,0.443409264087677,0.9659789800643921,0.9308603405952454,1.1594510078430176,0.9281728267669678,1.0015790462493896,1.0125616788864136,0.10001640021800995,1.4105974435806274,0.8404756784439087,0.7414284348487854,0.3885571360588074,0.10954569280147552,0.7613994479179382,0.6128738522529602,-1.1740601062774658,-0.6089975237846375,0.724055290222168,0.7332515716552734,-0.6866219639778137,0.40382397174835205,0.5956833958625793,0.5740308165550232,1.0086734294891357,0.8303709626197815,0.7006077766418457,0.6917294859886169,1.041568636894226,3.2213001251220703,4.784379482269287,3.9928481578826904,1.0074844360351562,0.4690958559513092,3.193452835083008,1.043051838874817,3.009841203689575,4.296767234802246,3.627044439315796,1.007189393043518,0.48237550258636475,2.928054094314575
9,0.9658470153808594,0.9942721724510193,0.1001868024468422,-0.47642508149147034,0.9101831316947937,0.5225450396537781,0.24705643951892853,0.09476073086261749,0.7711565494537354,0.3310807943344116,-1.599341869354248,0.23791414499282837,0.8984717130661011,0.8142644166946411,-0.7604030966758728,0.8250992298126221,1.1914156675338745,0.505584180355072,0.9745621681213379,0.9502429366111755,0.8781853318214417,0.9335894584655762,0.9957970976829529,1.004357933998108,0.10040606558322906,1.0064551830291748,0.7478809952735901,0.6950176358222961,0.3375400900840759,0.10201191902160645,0.7572146654129028,0.6884081959724426,-0.662661612033844,-0.35995322465896606,0.7923368811607361,0.7716406583786011,-0.66851806640625,0.29986506700515747,0.8082413077354431,0.4980735778808594,0.7841283679008484,0.96062171459198,0.43275031447410583,0.7972593307495117,1.039929747581482,3.702788829803467,5.851931571960449,4.853992462158203,0.9979931116104126,0.447837769985199,3.826537609100342,1.0326467752456665,3.4800772666931152,5.304512977600098,4.411620616912842,1.0097323656082153,0.4579223692417145,3.5113790035247803
10,0.9683577418327332,0.995984673500061,0.10093110054731369,-0.9802668690681458,1.05339777469635,0.5043174028396606,0.23255719244480133,0.09145598858594894,0.8314552903175354,0.3496588170528412,-2.9095239639282227,0.273255854845047,0.9086578488349915,0.8272684812545776,-1.0732733011245728,0.8062642812728882,1.7233339548110962,0.5544925332069397,0.9757608771324158,0.9434705376625061,1.023377776145935,0.9443594217300415,1.0138063430786133,1.0022568702697754,0.10168944299221039,0.43149909377098083,0.6544830203056335,0.7093863487243652,0.42413148283958435,0.08576057851314545,1.0156534910202026,0.443442165851593,-0.11349421739578247,-0.42719703912734985,0.7089512348175049,0.8312771916389465,-1.9932355880737305,0.6860237717628479,0.3255831003189087,0.6380823254585266,0.8307863473892212,0.9421477913856506,0.5092136263847351,0.8840150833129883,1.0473476648330688,4.185486316680908,7.102324485778809,5.896648406982422,1.0013110637664795,0.43183159828186035,4.493072986602783,1.0312166213989258,3.976982831954956,6.476425647735596,5.361682891845703,1.004482388496399,0.43940529227256775,4.161087989807129
11,0.9764127135276794,0.9963261485099792,0.10045485943555832,-1.4252849817276,0.9757266044616699,0.510541558265686,0.22721250355243683,0.08993247896432877,0.8172228336334229,0.33753615617752075,-1.8844738006591797,0.24710583686828613,0.9108097553253174,0.8331476449966431,-1.0089173316955566,0.8173967599868774,1.3960552215576172,0.583130955696106,0.9715754985809326,0.9541414976119995,0.9668298959732056,0.9353830814361572,1.0055400133132935,1.015213131904602,0.10002179443836212,2.978902578353882,0.790065586566925,0.6993197202682495,0.3855007290840149,0.15715982019901276,0.6856576204299927,1.1309493780136108,-0.8516464829444885,-0.3682674765586853,0.7491886019706726,0.5069103240966797,-0.293312668800354,-0.7037128210067749,0.8788936734199524,0.5004010200500488,0.8449490666389465,0.8023824691772461,0.5215096473693848,0.5638239979743958,1.0168089866638184,4.548996448516846,8.507780075073242,7.1568427085876465,1.0022889375686646,0.4200039505958557,5.236469268798828,1.0378004312515259,4.441822052001953,7.816310882568359,6.51015043258667,1.00239098072052,0.42558708786964417,4.8784050941467285
12,0.9955299496650696,0.988070011138916,0.10040532052516937,-2.0924034118652344,0.8531821370124817,0.48253411054611206,0.2018701583147049,0.0820089727640152,0.7408190369606018,0.30276763439178467,-1.174808382987976,0.3160330057144165,0.9309099912643433,0.861208438873291,-0.6264989972114563,0.8534997701644897,0.9495672583580017,0.6210440993309021,0.9792420268058777,0.9516101479530334,0.48538321256637573,0.9343289732933044,1.0052447319030762,1.0125837326049805,0.10006573051214218,1.6066837310791016,0.7751466035842896,0.7090778350830078,0.3043328821659088,0.08609794080257416,0.7728089690208435,0.8750864863395691,-0.7709373831748962,-0.43285220861434937,0.8244659900665283,0.822272002696991,-0.783237874507904,-0.08304846286773682,0.7952584028244019,0.6547765731811523,0.7810460925102234,0.9090313911437988,0.8557791113853455,0.7122713923454285,1.007338285446167,4.964280128479004,10.276488304138184,8.688639640808105,1.0155880451202393,0.4114867150783539,6.184664726257324,1.0064215660095215,4.827533721923828,9.374772071838379,7.901838779449463,1.0088049173355103,0.41548794507980347,5.706673622131348
13,0.9950889945030212,0.981553852558136,0.10228192806243896,-2.645961284637451,0.8101801872253418,0.4474841058254242,0.1932152658700943,0.08044564723968506,0.7356235980987549,0.30261531472206116,-0.9747950434684753,0.40206360816955566,0.9353685975074768,0.8683720827102661,-0.5977026224136353,0.8533287048339844,0.8808614015579224,0.6740142107009888,0.9800893664360046,0.951374888420105,0.6960487365722656,0.9474921822547913,1.0047123432159424,1.0111181735992432,0.10012392699718475,2.7057201862335205,0.7935662865638733,0.7057715654373169,0.32106295228004456,0.10780651867389679,0.9266581535339355,0.9912499189376831,-0.8632509112358093,-0.4156608581542969,0.785167396068573,0.7210018634796143,-1.5547044277191162,-0.3237459659576416,0.8209735155105591,0.5241847634315491,0.8710460662841797,0.8647559881210327,1.1936120986938477,0.6696222424507141,1.0066046714782715,5.520538806915283,12.299560546875,10.540070533752441,1.015042781829834,0.40552812814712524,7.1786017417907715,1.0061733722686768,5.3255414962768555,11.244904518127441,9.591710090637207,1.0192294120788574,0.40830954909324646,6.718406677246094
14,0.9954730272293091,0.9889854192733765,0.1015787348151207,-3.2022907733917236,0.8423926830291748,0.42225393652915955,0.1898128092288971,0.07418502122163773,0.7922479510307312,0.2826175391674042,-1.1269445419311523,0.46214559674263,0.9379477500915527,0.8883117437362671,-0.872865617275238,0.8725684285163879,0.9326494932174683,0.69736647605896,0.9842725992202759,0.9480682611465454,0.8689398765563965,0.9454832077026367,1.0055683851242065,1.0113344192504883,0.1007198914885521,2.8280019760131836,0.7637237906455994,0.7098077535629272,0.3694412410259247,0.0981835275888443,0.8212300539016724,0.9043352007865906,-0.7135098576545715,-0.4231715202331543,0.753335177898407,0.7703816294670105,-1.0181856155395508,-0.11811220645904541,0.7666347622871399,0.6452147960662842,0.7476016283035278,0.8778882622718811,0.9640265107154846,0.7139924168586731,0.9995447993278503,6.16605806350708,14.535731315612793,12.787895202636719,0.9999400973320007,0.4015505313873291,8.36828899383545,1.0050853490829468,5.941315174102783,13.457612037658691,11.634896278381348,1.0157630443572998,0.403394490480423,7.799221038818359
15,0.9947710037231445,0.9792968034744263,0.10702818632125854,-3.5974280834198,0.8252060413360596,0.4167265295982361,0.1952124983072281,0.07554536312818527,0.8040242195129395,0.27175670862197876,-1.025095820426941,0.47184261679649353,0.9350830316543579,0.8843449950218201,-1.0623960494995117,0.8821548223495483,0.8123506903648376,0.7231241464614868,0.9814704656600952,0.9553629159927368,1.0289194583892822,0.9464411735534668,1.0052876472473145,1.0087391138076782,0.10259447991847992,4.500637054443359,0.7683383226394653,0.7525655627250671,0.3225778043270111,0.08258037269115448,0.6798990964889526,1.0749399662017822,-0.7365146279335022,-0.6703097820281982,0.8183438777923584,0.8403443098068237,-0.2402936816215515,-0.46933913230895996,0.7246690988540649,0.7414298057556152,0.7264427542686462,0.922622561454773,0.42246392369270325,0.7015471458435059,0.9941837191581726,6.691256523132324,16.828083038330078,15.484533309936523,1.017622470855713,0.3990108370780945,9.707185745239258,1.009866714477539,6.558797836303711,15.686251640319824,14.10544490814209,1.01384437084198,0.4001629054546356,9.075531005859375
16,0.9949067831039429,0.9892609119415283,0.12900260090827942,-4.755161762237549,0.819780707359314,0.3137880861759186,0.13640208542346954,0.06919028609991074,0.7979784607887268,0.2139519900083542,-1.0146477222442627,0.6938842535018921,0.9666450023651123,0.9052450656890869,-0.857928454875946,0.9271826148033142,0.8442952632904053,0.8167634010314941,0.9878337383270264,0.964759349822998,0.8179016709327698,0.9628528356552124,1.0050724744796753,0.9921422004699707,0.12297966331243515,-1.2845227718353271,0.8225029110908508,0.6942238211631775,0.21957150101661682,0.08668550848960876,0.8094668388366699,0.42283502221107483,-1.0048072338104248,-0.33279329538345337,0.8972829580307007,0.8299055099487305,-0.9865596890449524,0.712631344795227,0.7946098446846008,0.544029951095581,0.9572008848190308,0.9341436624526978,0.7326933741569519,0.90395587682724,1.0016061067581177,7.561871528625488,18.656736373901367,17.0504093170166,1.009718418121338,0.3981828987598419,10.70949649810791,0.9973479509353638,7.076761722564697,17.71171760559082,16.25961685180664,1.0180555582046509,0.39857837557792664,10.18247127532959
17,0.9946984648704529,0.997593879699707,0.14094415307044983,-5.77974271774292,0.8207806348800659,0.19800598919391632,0.10509450733661652,0.06359539180994034,0.8302398920059204,0.15228740870952606,-1.009845495223999,0.8750362396240234,0.9818180203437805,0.9216999411582947,-1.0430302619934082,0.9629202485084534,0.7623226046562195,0.939998209476471,0.994289219379425,0.9662020802497864,0.7452355027198792,0.9811056852340698,1.0051414966583252,0.992802619934082,0.27430349588394165,-0.9020795822143555,0.8224802017211914,0.6967170238494873,0.21614423394203186,0.07494950294494629,0.7919057607650757,0.4389854967594147,-1.0035710334777832,-0.3606550693511963,0.8978139758110046,0.8696506023406982,-0.9022570252418518,0.6936517357826233,0.7829062342643738,0.5975841283798218,0.9010629057884216,0.9566270709037781,0.6538501977920532,0.9159616231918335,1.0027260780334473,8.997647285461426,20.085529327392578,18.792158126831055,1.002285122871399,0.39760756492614746,12.088899612426758,1.00440514087677,8.288459777832031,19.640710830688477,17.910602569580078,1.0051798820495605,0.3978743553161621,11.395392417907715
18,0.994537889957428,0.9984846711158752,0.1369956135749817,-6.306046962738037,0.8320721983909607,0.16211573779582977,0.0936819314956665,0.061185695230960846,0.8402694463729858,0.1307208240032196,-1.0718313455581665,0.916367769241333,0.9856285452842712,0.9290878772735596,-1.1106016635894775,0.9727733135223389,0.846113383769989,0.9645887017250061,0.9941585063934326,0.9671899080276489,0.87851482629776,0.9899513721466064,1.005170226097107,0.9906330108642578,0.16835156083106995,-0.8206976652145386,0.8070375323295593,0.6892352104187012,0.21710240840911865,0.08803088963031769,0.9112884402275085,0.4074622094631195,-0.932761549949646,-0.30101048946380615,0.8963124752044678,0.8233349323272705,-1.4740413427352905,0.7275705337524414,0.7448496222496033,0.5358506441116333,0.9343621134757996,0.9333447217941284,1.0077393054962158,0.897671103477478,1.003629207611084,10.520476341247559,20.085529327392578,20.085529327392578,1.0009026527404785,0.397174596786499,13.639520645141602,1.0036723613739014,9.768488883972168,20.085500717163086,19.642141342163086,1.002828598022461,0.39739301800727844,12.864723205566406
19,0.994682788848877,0.9965323209762573,0.1475684940814972,-6.494274616241455,0.8057363033294678,0.17632363736629486,0.0897006094455719,0.05882500484585762,0.8234561085700989,0.13529910147190094,-0.9436306357383728,0.9012132883071899,0.9865247011184692,0.9350669384002686,-1.004768967628479,0.9709279537200928,0.7386465668678284,0.9585602283477783,0.9951633810997009,0.9687713384628296,0.786005437374115,0.9889340400695801,1.0052450895309448,0.9928387403488159,0.10463206470012665,-0.1769946962594986,0.8175563812255859,0.704352855682373,0.2235497534275055,0.07373975217342377,0.7826846837997437,0.411590576171875,-0.980323314666748,-0.3927816152572632,0.8948541283607483,0.8726901412010193,-0.860001802444458,0.7231043577194214,0.7440527081489563,0.507843554019928,0.9177988767623901,0.9445179104804993,0.6571146249771118,0.9132292866706848,1.0049729347229004,11.957221031188965,20.085529327392578,20.085529327392578,1.0031867027282715,0.3969123363494873,15.253625869750977,1.0056359767913818,11.247880935668945,20.085500717163086,20.085500717163086,1.0013976097106934,0.39706915616989136,14.437348365783691
20,0.994570791721344,0.9984639286994934,0.1617041379213333,-6.537672519683838,0.8145880699157715,0.20034626126289368,0.09097645431756973,0.05846996232867241,0.7968457937240601,0.14351007342338562,-0.9870975017547607,0.8734801411628723,0.9862020611763,0.936156153678894,-0.891754686832428,0.9673057794570923,0.7908617258071899,0.9472351670265198,0.993923544883728,0.9694586396217346,0.8914796113967896,0.9877307415008545,1.0052906274795532,0.9916658401489258,0.154546856880188,0.19815106689929962,0.8215438723564148,0.6926257014274597,0.23746058344841003,0.07879763841629028,0.7490371465682983,0.4110283851623535,-0.9981839656829834,-0.3142707347869873,0.8843882083892822,0.8556350469589233,-0.6958534717559814,0.7223182916641235,0.7644281983375549,0.5490723252296448,0.9656225442886353,0.930055558681488,0.7254585027694702,0.9002957940101624,1.0067124366760254,13.258750915527344,20.085529327392578,20.085529327392578,1.003635048866272,0.3968467116355896,16.887815475463867,1.0033785104751587,12.620527267456055,20.085500717163086,20.085500717163086,1.0018641948699951,0.3968697488307953,16.072389602661133
21,0.9945859909057617,0.9958933591842651,0.15503805875778198,-6.478365421295166,0.8171625733375549,0.22235329449176788,0.0893622636795044,0.057265594601631165,0.7673217058181763,0.16306665539741516,-0.9946773052215576,0.8438137769699097,0.986640214920044,0.9388286471366882,-0.7488188147544861,0.9573538899421692,0.7472964525222778,0.9314467906951904,0.9937206506729126,0.9684455394744873,0.8703150153160095,0.9840713143348694,1.005213975906372,0.99114590883255,0.11148136854171753,1.2325676679611206,0.8142517805099487,0.7084446549415588,0.2350066602230072,0.07450677454471588,0.7001732587814331,0.4513445496559143,-0.965886652469635,-0.4068727493286133,0.8859801888465881,0.8688288331031799,-0.4156908392906189,0.6709311008453369,0.7356979846954346,0.5302560925483704,0.9035846590995789,0.9099318981170654,0.6347447633743286,0.9112852215766907,1.0058938264846802,14.359678268432617,20.085529327392578,20.085529327392578,1.0049870014190674,0.3968190550804138,18.406450271606445,1.0078612565994263,13.829641342163086,20.085500717163086,20.085500717163086,1.0034128427505493,0.39684224128723145,17.658767700195312
22,0.9945982694625854,0.9901531338691711,0.16542470455169678,-6.816754341125488,0.8200274109840393,0.19478100538253784,0.07923837751150131,0.0549657829105854,0.7755847573280334,0.1413581818342209,-1.0117886066436768,0.8797421455383301,0.9893211722373962,0.9441729784011841,-0.7834035158157349,0.9680399894714355,0.7795584201812744,0.9682061076164246,0.994722306728363,0.9673900008201599,0.8461448550224304,0.9897533655166626,1.0051190853118896,0.995094358921051,0.17263555526733398,0.3155280351638794,0.8295141458511353,0.6786059141159058,0.22650344669818878,0.07221000641584396,0.6787681579589844,0.39093661308288574,-1.0367705821990967,-0.24041855335235596,0.8881012797355652,0.875439465045929,-0.2652800679206848,0.7505608797073364,0.803114652633667,0.4827452301979065,0.9064526557922363,0.9661919474601746,0.483685165643692,0.8986243009567261,1.0057387351989746,15.071248054504395,20.085529327392578,20.085529327392578,1.007723331451416,0.3968704044818878,19.323179244995117,1.0041158199310303,14.69760799407959,20.085500717163086,20.085500717163086,1.0062367916107178,0.396835058927536,18.856918334960938
23,0.9940981864929199,0.972781240940094,0.18302994966506958,-7.424696445465088,0.8078662157058716,0.10974327474832535,0.06053562089800835,0.05166417732834816,0.663799524307251,0.10301482677459717,-0.9531551599502563,0.9614831209182739,0.994148850440979,0.9514144659042358,-0.18552380800247192,0.9831081032752991,0.7227976322174072,0.991401195526123,0.9969133734703064,0.9716359376907349,0.4455080032348633,0.9942029714584351,1.0051826238632202,0.9985619187355042,0.1509266197681427,0.4367084503173828,0.8403263092041016,0.6737058758735657,0.2155223786830902,0.07419762760400772,0.6476069688796997,0.3846859335899353,-1.0856585502624512,-0.22201967239379883,0.8955932855606079,0.8689115047454834,-0.06255972385406494,0.7556718587875366,0.8020973205566406,0.4632440209388733,0.9449970126152039,0.9512702822685242,0.23638921976089478,0.9170568585395813,1.006636142730713,16.151243209838867,20.085529327392578,20.085529327392578,1.0178046226501465,0.39707300066947937,20.085529327392578,1.0050708055496216,15.611517906188965,20.085500717163086,20.085500717163086,1.013197898864746,0.396970272064209,19.82832145690918
24,0.9942920207977295,0.9499142169952393,0.18611480295658112,-7.558437347412109,0.8178601861000061,0.10333137214183807,0.05940983071923256,0.05093112215399742,0.6500541567802429,0.0923038199543953,-1.0007951259613037,0.9644505977630615,0.9942276477813721,0.9526700973510742,-0.09944593906402588,0.9861786365509033,0.7512032389640808,0.9842070937156677,0.9969078302383423,0.971622884273529,0.3257845938205719,0.9949571490287781,1.0052603483200073,1.0021073818206787,0.17257463932037354,3.362455368041992,0.8316153287887573,0.6811602115631104,0.22336359322071075,0.07438348978757858,0.6848382949829102,0.5771147012710571,-1.044295072555542,-0.25893813371658325,0.8876136541366577,0.8673970103263855,-0.2717435359954834,0.492096483707428,0.774154543876648,0.4925518035888672,0.9010041952133179,0.9500110149383545,0.1779574304819107,0.8712588548660278,1.0057003498077393,17.223405838012695,20.085529327392578,20.085529327392578,1.0344698429107666,0.3972852826118469,20.085529327392578,1.006716012954712,16.7095890045166,20.085500717163086,20.085500717163086,1.033290147781372,0.39717936515808105,20.085500717163086
25,0.9937190413475037,1.0038360357284546,0.1927192658185959,-7.545556545257568,0.8018433451652527,0.10699422657489777,0.0568741112947464,0.04998137429356575,0.6930574178695679,0.09971392154693604,-0.929728090763092,0.963550329208374,0.9948107004165649,0.954268753528595,-0.34746795892715454,0.9842838048934937,0.7481995224952698,0.9899381399154663,0.9979134202003479,0.9731855988502502,0.19029542803764343,0.9948949217796326,1.0053625106811523,1.002321720123291,0.21458248794078827,1.336582899093628,0.8071839213371277,0.6772385835647583,0.22655925154685974,0.07357614487409592,0.7151587605476379,0.40985408425331116,-0.9331019520759583,-0.23021036386489868,0.8894072771072388,0.870599627494812,-0.4486209750175476,0.7278779745101929,0.7064852714538574,0.4637220501899719,0.9112495183944702,0.9685713648796082,0.2338973581790924,0.8923549056053162,1.0055960416793823,18.282651901245117,20.085529327392578,20.085529327392578,1.013797640800476,0.39752575755119324,20.085529327392578,1.0053704977035522,17.753732681274414,20.085500717163086,20.085500717163086,1.0236952304840088,0.39741453528404236,20.085500717163086
26,0.993715763092041,1.003739595413208,0.2012222707271576,-7.7106122970581055,0.8144803643226624,0.0905226394534111,0.05089481547474861,0.048137079924345016,0.7257170677185059,0.08120729774236679,-0.9936976432800293,0.9739355444908142,0.9958212375640869,0.9578251242637634,-0.5402348637580872,0.9894323348999023,0.7851439714431763,0.9936155676841736,0.9978328347206116,0.9749760031700134,0.2809838652610779,0.996675431728363,1.0053927898406982,1.0027077198028564,0.18238575756549835,1.2281664609909058,0.7906700372695923,0.6742163300514221,0.21763184666633606,0.07296741008758545,0.7474539279937744,0.38425466418266296,-0.8550031185150146,-0.2252368927001953,0.8954185247421265,0.8730931282043457,-0.6313270330429077,0.7577511072158813,0.6658914089202881,0.47099289298057556,0.9247704148292542,0.9693968296051025,0.29627668857574463,0.8970975875854492,1.006258487701416,19.404664993286133,20.085529327392578,20.085529327392578,1.0037105083465576,0.39786627888679504,20.085529327392578,1.00564706325531,18.84554672241211,20.085500717163086,20.085500717163086,1.0079656839370728,0.39765435457229614,20.085500717163086
27,0.9932429194450378,1.0035953521728516,0.2143741399049759,-7.839745998382568,0.7970829606056213,0.0770113542675972,0.03991293907165527,0.04549943283200264,0.7476161122322083,0.0671839490532875,-0.9069979190826416,0.9810827970504761,0.9974315166473389,0.9624810814857483,-0.6640814542770386,0.9926794767379761,0.7138864398002625,0.9976980686187744,0.9984748959541321,0.9756620526313782,0.31445929408073425,0.9975144863128662,1.0050815343856812,1.002869963645935,0.23771457374095917,1.2608779668807983,0.8147403001785278,0.672242283821106,0.2113901674747467,0.07307152450084686,0.7626808285713196,0.38393670320510864,-0.9677519798278809,-0.20620131492614746,0.899604082107544,0.8723165988922119,-0.7141034603118896,0.7584367394447327,0.752438485622406,0.44774678349494934,0.9249647855758667,0.9714474081993103,0.32496076822280884,0.9062426090240479,1.006516933441162,19.98431396484375,20.085529327392578,20.085529327392578,1.0015701055526733,0.3980913460254669,20.085529327392578,1.005656361579895,19.695837020874023,20.085500717163086,20.085500717163086,1.0027682781219482,0.3979654610157013,20.085500717163086
28,0.9919624328613281,1.0036072731018066,0.2224133312702179,-7.952316761016846,0.7955315113067627,0.04582107812166214,0.034598831087350845,0.04431702569127083,0.7643117904663086,0.05631888657808304,-0.9035565853118896,0.9932914972305298,0.9980926513671875,0.9643710255622864,-0.7543533444404602,0.9948645830154419,0.7368690371513367,0.999505877494812,0.9987446665763855,0.9760029315948486,0.35069772601127625,0.9980658888816833,1.0047557353973389,1.0030056238174438,0.2807285487651825,1.390774130821228,0.8120988607406616,0.6727324724197388,0.21282272040843964,0.07326965034008026,0.7763570547103882,0.39105451107025146,-0.9562787413597107,-0.2072737216949463,0.8988070487976074,0.8719596266746521,-0.786918044090271,0.749738335609436,0.7775653600692749,0.4475720226764679,0.9292577505111694,0.9651204943656921,0.3487677574157715,0.8993173241615295,1.007202386856079,20.085529327392578,20.085529327392578,20.085529327392578,1.0001907348632812,0.3983716666698456,20.085529327392578,1.0067447423934937,20.07716178894043,20.085500717163086,20.085500717163086,1.0007716417312622,0.39821553230285645,20.085500717163086
29,0.9912168979644775,1.0035767555236816,0.23199348151683807,-7.973081588745117,0.7793592214584351,0.039683155715465546,0.034209344536066055,0.04317164048552513,0.7782315611839294,0.05125850439071655,-0.8246617317199707,0.9949997663497925,0.9981575608253479,0.9662430286407471,-0.8273734450340271,0.9957606792449951,0.7093129754066467,1.0001325607299805,0.998958170413971,0.9766353368759155,0.37337231636047363,0.9991703629493713,1.0050104856491089,1.0031384229660034,0.19192096590995789,1.278246521949768,0.7834696173667908,0.6718252301216125,0.21185418963432312,0.07296478748321533,0.7908427119255066,0.3842020630836487,-0.8140592575073242,-0.2058367133140564,0.8993406295776367,0.8727039694786072,-0.8614248037338257,0.7588706612586975,0.6844871044158936,0.4469791352748871,0.924953043460846,0.9616780877113342,0.37311771512031555,0.9048680663108826,1.0076103210449219,20.085529327392578,20.085529327392578,20.085529327392578,0.9987181425094604,0.3987121880054474,20.085529327392578,1.007784366607666,20.085500717163086,20.085500717163086,20.085500717163086,1.000671148300171,0.39856722950935364,20.085500717163086
30,0.9882441163063049,1.0035364627838135,0.2434179186820984,-7.994640350341797,0.752803385257721,0.037763386964797974,0.030071625486016273,0.04200897365808487,0.7893112897872925,0.045000795274972916,-0.6934165358543396,0.995474636554718,0.9985669255256653,0.9679465293884277,-0.882858157157898,0.9966845512390137,0.6584973335266113,0.9998685121536255,0.9991016387939453,0.9769251942634583,0.3873043358325958,0.9988101720809937,1.00541353225708,1.003236174583435,0.3010546565055847,1.3012111186981201,0.7436934113502502,0.6720677614212036,0.21107447147369385,0.07326528429985046,0.8030268549919128,0.3856155574321747,-0.6088817119598389,-0.20787566900253296,0.899914562702179,0.8714800477027893,-0.9223940968513489,0.7571908235549927,0.559359073638916,0.4494490325450897,0.924702525138855,0.9634937644004822,0.3923897445201874,0.8955598473548889,1.009598970413208,20.085529327392578,20.085529327392578,20.085529327392578,0.9975876808166504,0.3991260528564453,20.085529327392578,1.0075496435165405,20.085500717163086,20.085500717163086,20.085500717163086,0.9982227683067322,0.3989187479019165,20.085500717163086
31,0.983403742313385,1.0035234689712524,0.26279836893081665,-7.972220420837402,0.724848747253418,0.04015204682946205,0.031196990981698036,0.04155265912413597,0.7983019351959229,0.059620290994644165,-0.5482240319252014,0.9948508143424988,0.9984297752380371,0.9685617685317993,-0.9274255037307739,0.9941757321357727,0.620546281337738,0.9984433054924011,0.9990839958190918,0.9782416224479675,0.40128713846206665,0.9983876943588257,1.005355715751648,1.0033280849456787,0.26287227869033813,1.3190054893493652,0.6839619874954224,0.6719394326210022,0.21186816692352295,0.07315560430288315,0.8106291890144348,0.38762882351875305,-0.27161920070648193,-0.2060367465019226,0.8996144533157349,0.8722187280654907,-0.959036111831665,0.7554739713668823,0.3527185618877411,0.4466497302055359,0.9322661757469177,0.958990216255188,0.4061616361141205,0.8949446678161621,1.0120010375976562,20.085529327392578,20.085529327392578,20.085529327392578,0.9974342584609985,0.3996475040912628,20.085529327392578,1.0103667974472046,20.085500717163086,20.085500717163086,20.085500717163086,0.9970544576644897,0.39938226342201233,20.085500717163086
32,0.962576150894165,1.0034992694854736,0.2879812717437744,-8.01404857635498,0.6509139537811279,0.038033705204725266,0.02820236049592495,0.04002964869141579,0.8032925128936768,0.05133230239152908,-0.1195770800113678,0.9954125881195068,0.9987328052520752,0.9706565141677856,-0.9517689347267151,0.9956538081169128,0.32518211007118225,1.000087022781372,0.9991903305053711,0.9768890738487244,0.40777841210365295,0.9985765218734741,1.0065363645553589,1.0033693313598633,0.33610212802886963,1.327530026435852,0.6376845836639404,0.6724113821983337,0.21229591965675354,0.0739184319972992,0.8148706555366516,0.3860678970813751,-0.010351836681365967,-0.2079533338546753,0.8990228772163391,0.8695701360702515,-0.9790205359458923,0.7570309638977051,0.0692126452922821,0.44782817363739014,0.9281719326972961,0.9672653675079346,0.4139137864112854,0.8970569968223572,1.016174554824829,20.085529327392578,20.085529327392578,20.085529327392578,0.9972087740898132,0.40004071593284607,20.085529327392578,1.013680100440979,20.085500717163086,20.085500717163086,20.085500717163086,0.9968787431716919,0.3998357951641083,20.085500717163086
33,0.8988951444625854,1.003510594367981,0.30614665150642395,-8.068449974060059,0.6292083263397217,0.045772429555654526,0.03010554611682892,0.03994620963931084,0.8077970743179321,0.049141597002744675,0.011455893516540527,0.993211030960083,0.9985429048538208,0.9708055853843689,-0.9725343585014343,0.9960348010063171,0.138810396194458,0.9963750243186951,0.9991646409034729,0.9784563183784485,0.4198595881462097,0.9982052445411682,0.9998812675476074,1.0033690929412842,0.31632083654403687,1.3144091367721558,0.6433963179588318,0.6720439195632935,0.21587491035461426,0.07459277659654617,0.8141632080078125,0.38496583700180054,-0.04800337553024292,-0.20869165658950806,0.8968709707260132,0.8668414354324341,-0.9762410521507263,0.7583417296409607,0.20913898944854736,0.44946929812431335,0.9064105749130249,0.9578702449798584,0.4124821424484253,0.8949249982833862,1.0307468175888062,20.085529327392578,20.085529327392578,20.085529327392578,0.9969658851623535,0.40048956871032715,20.085529327392578,1.0240285396575928,20.085500717163086,20.085500717163086,20.085500717163086,0.9970008730888367,0.4002945125102997,20.085500717163086
34,0.8504390120506287,1.003517746925354,0.3200750946998596,-8.088473320007324,0.625230073928833,0.060270898044109344,0.03344130516052246,0.040827687829732895,0.8101552724838257,0.05080537497997284,0.0248754620552063,0.9884787201881409,0.9982038736343384,0.9695950746536255,-0.9841294288635254,0.9957782626152039,0.1309123933315277,0.9935438632965088,0.998414158821106,0.9774434566497803,0.4166930019855499,0.997852087020874,1.006056308746338,1.0034117698669434,0.29135820269584656,1.4287463426589966,0.6374858617782593,0.6760615110397339,0.2162533700466156,0.0740824043750763,0.8206125497817993,0.385242760181427,-0.010592401027679443,-0.226154625415802,0.8970809578895569,0.8699315786361694,-1.0070828199386597,0.755025327205658,0.10211548209190369,0.4649016559123993,0.9243133068084717,0.9722951650619507,0.4220910668373108,0.9032589197158813,1.0484007596969604,20.085529327392578,20.085529327392578,20.085529327392578,0.9971963167190552,0.4009712338447571,20.085529327392578,1.0392649173736572,20.085500717163086,20.085500717163086,20.085500717163086,0.9972454905509949,0.40071335434913635,20.085500717163086
35,0.817487895488739,1.0035043954849243,0.33781012892723083,-8.107898712158203,0.6213139295578003,0.06345804780721664,0.03735271096229553,0.04125669598579407,0.81275475025177,0.05550782382488251,0.03568220138549805,0.9871834516525269,0.9977614879608154,0.9690616726875305,-0.9952852129936218,0.9951177835464478,0.13843773305416107,0.9929713010787964,0.9982081055641174,0.9770259261131287,0.42103955149650574,0.9974236488342285,1.0111279487609863,1.0034210681915283,0.3400062918663025,1.3744267225265503,0.6373797655105591,0.6733739376068115,0.21475835144519806,0.07444228231906891,0.8192123174667358,0.38565367460250854,-0.010135948657989502,-0.21408003568649292,0.8971282243728638,0.8685328364372253,-1.000282645225525,0.7576674222946167,0.10539115220308304,0.45822811126708984,0.9228270649909973,0.9567683935165405,0.421152800321579,0.8895789384841919,1.0665233135223389,20.085529327392578,20.085529327392578,20.085529327392578,0.9971393346786499,0.40151137113571167,20.085529327392578,1.057883381843567,20.085500717163086,20.085500717163086,20.085500717163086,0.997453510761261,0.40125608444213867,20.085500717163086
36,0.7962964177131653,1.0035066604614258,0.3519793450832367,-8.128748893737793,0.6196116209030151,0.06711151450872421,0.038762032985687256,0.041497401893138885,0.8141319155693054,0.05453208461403847,0.04059979319572449,0.9857532978057861,0.9975945949554443,0.9686576724052429,-1.0037825107574463,0.9952929615974426,0.14009396731853485,0.9924715757369995,0.9986109137535095,0.9767833352088928,0.42226067185401917,0.9972363114356995,0.9963250756263733,1.003477931022644,0.3579075336456299,1.3844709396362305,0.6384544968605042,0.6738986372947693,0.21583206951618195,0.07422300428152084,0.8239501118659973,0.3845501244068146,-0.019269168376922607,-0.2176932692527771,0.8963854312896729,0.8691191673278809,-1.0227566957473755,0.7565698623657227,0.1412733942270279,0.45883962512016296,0.9165571928024292,0.9670988321304321,0.42932385206222534,0.8996897339820862,1.084030270576477,20.085529327392578,20.085529327392578,20.085529327392578,0.9967154264450073,0.40207093954086304,20.085529327392578,1.0752254724502563,20.085500717163086,20.085500717163086,20.085500717163086,0.9966344833374023,0.4017457664012909,20.085500717163086
37,0.7630072832107544,1.0034743547439575,0.38525035977363586,-8.199074745178223,0.6156921982765198,0.05829591304063797,0.03517179936170578,0.04066792130470276,0.8157376050949097,0.04999527335166931,0.050092339515686035,0.9892851114273071,0.9980424046516418,0.969815731048584,-1.0109894275665283,0.9960265755653381,0.15900874137878418,0.9961908459663391,0.9986805319786072,0.9772104024887085,0.4273669123649597,0.9978309273719788,0.9999822974205017,1.0034691095352173,0.3555021584033966,1.364122748374939,0.6373642683029175,0.6733728647232056,0.21549031138420105,0.07378709316253662,0.8242303133010864,0.38375967741012573,-0.01206672191619873,-0.2149001955986023,0.8970751166343689,0.8703394532203674,-1.0241872072219849,0.7584044933319092,0.1135927364230156,0.46076512336730957,0.9218395352363586,0.9609537720680237,0.429067462682724,0.8972683548927307,1.0932830572128296,20.085529327392578,20.085529327392578,20.085529327392578,0.9966586828231812,0.4024513363838196,20.085529327392578,1.088679313659668,20.085500717163086,20.085500717163086,20.085500717163086,0.996662437915802,0.4022866189479828,20.085500717163086
38,0.749750554561615,1.0034754276275635,0.3943995237350464,-8.229741096496582,0.6156140565872192,0.05303280055522919,0.0340733639895916,0.040264710783958435,0.8186817765235901,0.047614991664886475,0.05131229758262634,0.9911319017410278,0.9981650710105896,0.9703927636146545,-1.0208051204681396,0.99638831615448,0.1476411670446396,0.9973804354667664,0.9987760186195374,0.9780207872390747,0.4380652606487274,0.9979954361915588,1.0028352737426758,1.0035274028778076,0.45204320549964905,1.400805115699768,0.6365375518798828,0.6741956472396851,0.21430110931396484,0.07355320453643799,0.8250530958175659,0.3855915665626526,-0.007035970687866211,-0.21568948030471802,0.8977944254875183,0.8705590963363647,-1.0272642374038696,0.7558835744857788,0.08681641519069672,0.460884153842926,0.9242095351219177,0.9631794691085815,0.43364858627319336,0.8948594927787781,1.102157473564148,20.085529327392578,20.085529327392578,20.085529327392578,0.9967586398124695,0.40287214517593384,20.085529327392578,1.0978139638900757,20.085500717163086,20.085500717163086,20.085500717163086,0.9965095520019531,0.40264564752578735,20.085500717163086
39,0.7336553335189819,1.0034654140472412,0.4276634454727173,-8.265048027038574,0.6145009398460388,0.04878121614456177,0.03242456540465355,0.04020840302109718,0.815941572189331,0.0450240820646286,0.0542735755443573,0.9925182461738586,0.9983401894569397,0.9705080389976501,-1.010171890258789,0.9967597723007202,0.14849820733070374,0.996943473815918,0.9989196062088013,0.9770807027816772,0.4324483871459961,0.9982015490531921,0.9964319467544556,1.0035151243209839,0.42907291650772095,1.3898611068725586,0.6368976831436157,0.6739203333854675,0.21461467444896698,0.07422896474599838,0.8231586217880249,0.3859306573867798,-0.009208977222442627,-0.21482789516448975,0.8974214792251587,0.868938684463501,-1.018431305885315,0.7558231949806213,0.10055483877658844,0.46082401275634766,0.9212404489517212,0.9680781960487366,0.43079811334609985,0.9013323783874512,1.1107784509658813,20.085529327392578,20.085529327392578,20.085529327392578,0.996671199798584,0.4034040570259094,20.085529327392578,1.106594204902649,20.085500717163086,20.085500717163086,20.085500717163086,0.9969074726104736,0.40316808223724365,20.085500717163086
40,0.7279293537139893,1.0034589767456055,0.43702375888824463,-8.274003982543945,0.6139472126960754,0.04828500375151634,0.03278222307562828,0.039973437786102295,0.8157083988189697,0.04511628672480583,0.05586397647857666,0.9926871657371521,0.9982998967170715,0.9708296060562134,-1.0094287395477295,0.996738076210022,0.14944393932819366,0.996224045753479,0.998715877532959,0.9770633578300476,0.4334811568260193,0.9977399110794067,1.0013905763626099,1.0035640001296997,0.4476417899131775,1.3796666860580444,0.637050211429596,0.6739336252212524,0.21391157805919647,0.07375755906105042,0.8238890767097473,0.3852934241294861,-0.009667813777923584,-0.21566861867904663,0.8980453014373779,0.8707279562950134,-1.0211101770401,0.7572059631347656,0.09854818135499954,0.46208447217941284,0.9234956502914429,0.9619855284690857,0.4348388612270355,0.8958508968353271,1.1189881563186646,20.085529327392578,20.085529327392578,20.085529327392578,0.9965412020683289,0.40393728017807007,20.085529327392578,1.1149173974990845,20.085500717163086,20.085500717163086,20.085500717163086,0.9966400265693665,0.4036742150783539,20.085500717163086
41,0.7244481444358826,1.003462314605713,0.4609953761100769,-8.281778335571289,0.6148836016654968,0.048302702605724335,0.03217563405632973,0.03986397758126259,0.8178790211677551,0.04482704773545265,0.05403488874435425,0.9926531314849854,0.9983664751052856,0.9710495471954346,-1.0182437896728516,0.9967429041862488,0.13954602181911469,0.9980002641677856,0.9989593625068665,0.9769296646118164,0.4418677091598511,0.9981848001480103,0.9960529208183289,1.0036180019378662,0.5083843469619751,1.3894845247268677,0.6361588835716248,0.6737995147705078,0.21438851952552795,0.07346315681934357,0.8249251246452332,0.3854300379753113,-0.006231904029846191,-0.21533656120300293,0.8972024917602539,0.8717033267021179,-1.024878978729248,0.7564767003059387,0.08265476673841476,0.4615686535835266,0.9224499464035034,0.9648019075393677,0.439749151468277,0.8975129127502441,1.1266554594039917,20.085529327392578,20.085529327392578,20.085529327392578,0.996584415435791,0.4045531749725342,20.085529327392578,1.1227895021438599,20.085500717163086,20.085500717163086,20.085500717163086,0.996697723865509,0.40426063537597656,20.085500717163086
42,0.7100160121917725,1.003458023071289,0.4855758547782898,-8.309769630432129,0.6120818257331848,0.045847177505493164,0.03142666816711426,0.03980659320950508,0.8166730999946594,0.04237603768706322,0.06074967980384827,0.9933980703353882,0.9984410405158997,0.9711166620254517,-1.0132789611816406,0.997069776058197,0.15030093491077423,0.9977054595947266,0.998749852180481,0.9774948954582214,0.43824368715286255,0.9984276294708252,1.0007209777832031,1.0036107301712036,0.5216108560562134,1.4095842838287354,0.6366056203842163,0.6731989979743958,0.21449020504951477,0.07369185239076614,0.8245469927787781,0.38630929589271545,-0.008063137531280518,-0.2154342532157898,0.897309422492981,0.870661735534668,-1.0233690738677979,0.75529944896698,0.09222961217164993,0.4621662199497223,0.9216251969337463,0.9635550379753113,0.4387211501598358,0.893566370010376,1.1306308507919312,20.085529327392578,20.085529327392578,20.085529327392578,0.9965769648551941,0.40491408109664917,20.085529327392578,1.1287002563476562,20.085500717163086,20.085500717163086,20.085500717163086,0.9966005682945251,0.4047127962112427,20.085500717163086
43,0.7010295987129211,1.0034505128860474,0.490717351436615,-8.330145835876465,0.6124830842018127,0.04282538592815399,0.030474474653601646,0.03966021165251732,0.8173468708992004,0.03927581384778023,0.06010958552360535,0.9942312836647034,0.9985387325286865,0.9713377952575684,-1.0146284103393555,0.9974942207336426,0.14465652406215668,0.9979444742202759,0.9990777969360352,0.9772660732269287,0.4403882324695587,0.9985882043838501,0.9998120069503784,1.0036193132400513,0.5358507633209229,1.3913079500198364,0.6367746591567993,0.673150360584259,0.2142210304737091,0.07359727472066879,0.8252255320549011,0.38564056158065796,-0.008713960647583008,-0.2154216766357422,0.8978853821754456,0.8704883456230164,-1.026634693145752,0.7567875981330872,0.09542898833751678,0.4628133475780487,0.9268381595611572,0.9646793603897095,0.4398476183414459,0.8928844928741455,1.1345710754394531,20.085529327392578,20.085529327392578,20.085529327392578,0.996606171131134,0.4052981734275818,20.085529327392578,1.1326128244400024,20.085500717163086,20.085500717163086,20.085500717163086,0.9965446591377258,0.4050863981246948,20.085500717163086
44,0.6946670413017273,1.003448724746704,0.5139628648757935,-8.34395980834961,0.6113945245742798,0.04087327793240547,0.02965088002383709,0.03933807089924812,0.8175535202026367,0.03845253214240074,0.06291511654853821,0.9947640895843506,0.9986155033111572,0.9717104434967041,-1.016713261604309,0.9976239800453186,0.15206938982009888,0.9982773661613464,0.9992004632949829,0.9781161546707153,0.4431983530521393,0.9985025525093079,1.0042756795883179,1.0036412477493286,0.5138425230979919,1.393194317817688,0.637599527835846,0.6733995676040649,0.21405811607837677,0.07341320812702179,0.8251916766166687,0.38509780168533325,-0.012683987617492676,-0.21545374393463135,0.8979981541633606,0.8714315891265869,-1.0262022018432617,0.7567394971847534,0.11159181594848633,0.46178433299064636,0.9260139465332031,0.9637580513954163,0.44129401445388794,0.8968679308891296,1.1384395360946655,20.085529327392578,20.085529327392578,20.085529327392578,0.996566891670227,0.40572047233581543,20.085529327392578,1.136527419090271,20.085500717163086,20.085500717163086,20.085500717163086,0.996589720249176,0.4055095314979553,20.085500717163086
45,0.6956928372383118,1.0034480094909668,0.5277091264724731,-8.343485832214355,0.6104576587677002,0.04020852968096733,0.029602132737636566,0.039376214146614075,0.8185216784477234,0.039805516600608826,0.0646197497844696,0.9949078559875488,0.9986091256141663,0.9716667532920837,-1.0188663005828857,0.9974750280380249,0.1598535031080246,0.998847484588623,0.9994398951530457,0.9764001369476318,0.44535475969314575,0.9982964992523193,1.0090057849884033,1.0036559104919434,0.503801703453064,1.3969076871871948,0.6377499103546143,0.6735445261001587,0.2143067866563797,0.07387102395296097,0.8251415491104126,0.3847273886203766,-0.013051509857177734,-0.2155347466468811,0.8977705836296082,0.8701738119125366,-1.0257420539855957,0.7574684023857117,0.11132878810167313,0.46235769987106323,0.9232024550437927,0.9669545888900757,0.44226473569869995,0.8987566828727722,1.1421619653701782,20.085529327392578,20.085529327392578,20.085529327392578,0.996518611907959,0.40616869926452637,20.085529327392578,1.1403143405914307,20.085500717163086,20.085500717163086,20.085500717163086,0.9964090585708618,0.40595871210098267,20.085500717163086
46,0.6881572008132935,1.003443956375122,0.5268542766571045,-8.352972984313965,0.6106482148170471,0.03903593495488167,0.0293257012963295,0.03931371495127678,0.8174656629562378,0.04168939217925072,0.06457465887069702,0.9951961040496826,0.9986408352851868,0.9716649055480957,-1.0157181024551392,0.9972046613693237,0.15555420517921448,0.9999048113822937,0.9991448521614075,0.9782612323760986,0.443233460187912,0.9986355900764465,1.003474473953247,1.0036667585372925,0.5425615310668945,1.3971226215362549,0.6368211507797241,0.6733881235122681,0.21493282914161682,0.07366088777780533,0.8258916735649109,0.3851732611656189,-0.008261501789093018,-0.21486181020736694,0.8974050283432007,0.8701822757720947,-1.0291739702224731,0.7573438286781311,0.08994325250387192,0.46249228715896606,0.9227436184883118,0.9671029448509216,0.4437832534313202,0.8961239457130432,1.1458827257156372,20.085529327392578,20.085529327392578,20.085529327392578,0.9966243505477905,0.4066172242164612,20.085529327392578,1.144012212753296,20.085500717163086,20.085500717163086,20.085500717163086,0.9966906905174255,0.4063655734062195,20.085500717163086
47,0.6843958497047424,1.0034458637237549,0.547401487827301,-8.367681503295898,0.6105237007141113,0.03725346922874451,0.02821459248661995,0.03900812193751335,0.8175669312477112,0.03775119036436081,0.06501969695091248,0.9956170916557312,0.9987438321113586,0.9721108675003052,-1.0155119895935059,0.9976426959037781,0.15218909084796906,0.9988325834274292,0.9993701577186584,0.9783405661582947,0.4445085823535919,0.9988446831703186,1.0081943273544312,1.0036747455596924,0.5723852515220642,1.4037563800811768,0.6369948387145996,0.6734010577201843,0.21506905555725098,0.0738183781504631,0.8256670832633972,0.38502874970436096,-0.009066939353942871,-0.21475893259048462,0.8973454236984253,0.869580864906311,-1.0280179977416992,0.7573298215866089,0.09370975196361542,0.4620007574558258,0.9220492839813232,0.9648299217224121,0.44404011964797974,0.8955004215240479,1.1477395296096802,20.085529327392578,20.085529327392578,20.085529327392578,0.9965766668319702,0.40686720609664917,20.085529327392578,1.1468132734298706,20.085500717163086,20.085500717163086,20.085500717163086,0.9965516924858093,0.40673550963401794,20.085500717163086
48,0.6811373233795166,1.0034427642822266,0.5595272779464722,-8.373055458068848,0.6106650829315186,0.036049578338861465,0.02825814113020897,0.03899167478084564,0.8167459964752197,0.03828655183315277,0.06518235802650452,0.9959122538566589,0.9987481236457825,0.9721364378929138,-1.0126824378967285,0.9976218938827515,0.15163834393024445,0.9988567233085632,0.9989059567451477,0.9779545664787292,0.443882554769516,0.9983074069023132,1.0031225681304932,1.0036731958389282,0.5614068508148193,1.3971023559570312,0.6371148228645325,0.6735008955001831,0.21476154029369354,0.07362747937440872,0.8252341151237488,0.3853105902671814,-0.010387897491455078,-0.21520233154296875,0.897620677947998,0.8703672885894775,-1.0259135961532593,0.7570688724517822,0.10222841799259186,0.46214720606803894,0.9240036010742188,0.968220055103302,0.4435252249240875,0.8978278040885925,1.149581789970398,20.085529327392578,20.085529327392578,20.085529327392578,0.9965740442276001,0.407132089138031,20.085529327392578,1.1486811637878418,20.085500717163086,20.085500717163086,20.085500717163086,0.9965574145317078,0.4069930911064148,20.085500717163086
49,0.679233729839325,1.0034412145614624,0.5584578514099121,-8.37903118133545,0.6104044318199158,0.03570156544446945,0.028199641034007072,0.03888824209570885,0.8165435194969177,0.03682936355471611,0.06531515717506409,0.9959754943847656,0.9987460374832153,0.9722237586975098,-1.0119330883026123,0.9978132843971252,0.15353375673294067,0.9984108805656433,0.9992439150810242,0.9796231389045715,0.44444388151168823,0.9986444115638733,1.0024391412734985,1.0036791563034058,0.5820235013961792,1.3924283981323242,0.6371943354606628,0.6732058525085449,0.21479494869709015,0.0735393613576889,0.8244091272354126,0.3850947916507721,-0.010472357273101807,-0.21418148279190063,0.8974791765213013,0.8706163763999939,-1.02194344997406,0.7574295997619629,0.1020578145980835,0.4619410037994385,0.9213085770606995,0.9655545949935913,0.44297537207603455,0.8991689682006836,1.151401400566101,20.085529327392578,20.085529327392578,20.085529327392578,0.9965478181838989,0.40739259123802185,20.085529327392578,1.1505047082901,20.085500717163086,20.085500717163086,20.085500717163086,0.9965479969978333,0.4072556495666504,20.085500717163086
50,0.6768017411231995,1.003440260887146,0.5698442459106445,-8.382502555847168,0.6099939942359924,0.03509169816970825,0.02801375463604927,0.0387338325381279,0.817131757736206,0.03709736838936806,0.06653168797492981,0.9961165189743042,0.9987655878067017,0.9724485874176025,-1.0136983394622803,0.9977737665176392,0.15504078567028046,0.99876868724823,0.9992013573646545,0.9797236323356628,0.4461745321750641,0.9984857439994812,1.0038431882858276,1.0036965608596802,0.5903464555740356,1.3979291915893555,0.6369808912277222,0.6733914017677307,0.21500825881958008,0.07367203384637833,0.8251705169677734,0.38487666845321655,-0.009434700012207031,-0.21424061059951782,0.8973352313041687,0.8703299760818481,-1.025244951248169,0.757506251335144,0.0967240184545517,0.46141570806503296,0.9214848279953003,0.9679012298583984,0.44499918818473816,0.8999385833740234,1.153197169303894,20.085529327392578,20.085529327392578,20.085529327392578,0.9965821504592896,0.4076663851737976,20.085529327392578,1.1523077487945557,20.085500717163086,20.085500717163086,20.085500717163086,0.9965947866439819,0.40752968192100525,20.085500717163086
51,0.675019383430481,1.0034373998641968,0.5795820951461792,-8.386850357055664,0.6095856428146362,0.034207019954919815,0.027840621769428253,0.03881128504872322,0.8168759346008301,0.03746538609266281,0.06726664304733276,0.9963122606277466,0.998785138130188,0.9724308252334595,-1.013451099395752,0.9976524710655212,0.1566566675901413,0.9990024566650391,0.9995436668395996,0.9792068600654602,0.4467012882232666,0.9988746047019958,1.0041745901107788,1.0037004947662354,0.5854187607765198,1.3956210613250732,0.636576771736145,0.6732803583145142,0.2152704894542694,0.07359451055526733,0.8251008987426758,0.3850751519203186,-0.007082462310791016,-0.21374571323394775,0.8971878290176392,0.8705730438232422,-1.024964690208435,0.7574315071105957,0.0833488255739212,0.4614484906196594,0.9219441413879395,0.9667962193489075,0.44511502981185913,0.8978381752967834,1.154990792274475,20.085529327392578,20.085529327392578,20.085529327392578,0.9965450167655945,0.40793728828430176,20.085529327392578,1.154091715812683,20.085500717163086,20.085500717163086,20.085500717163086,0.9965651631355286,0.40779581665992737,20.085500717163086
52,0.6731693744659424,1.003434658050537,0.5879522562026978,-8.391952514648438,0.6112433075904846,0.03382059931755066,0.027198627591133118,0.03874623402953148,0.8169204592704773,0.03633270040154457,0.06386065483093262,0.9964128732681274,0.9988290071487427,0.9724905490875244,-1.0125439167022705,0.9978268146514893,0.1460651308298111,0.9989059567451477,0.9989826083183289,0.9782252311706543,0.4464747905731201,0.9978930354118347,1.006199836730957,1.003700852394104,0.5859783887863159,1.4002199172973633,0.6369158029556274,0.6731999516487122,0.214877650141716,0.07361955940723419,0.8249374628067017,0.38515377044677734,-0.008807837963104248,-0.21358144283294678,0.897388219833374,0.8705458641052246,-1.024247646331787,0.7572808265686035,0.09276385605335236,0.4613057076931,0.9208765029907227,0.9648779630661011,0.44490498304367065,0.8987839221954346,1.1558839082717896,20.085529327392578,20.085529327392578,20.085529327392578,0.9965630769729614,0.4080859124660492,20.085529327392578,1.1554393768310547,20.085500717163086,20.085500717163086,20.085500717163086,0.996553361415863,0.40802353620529175,20.085500717163086
53,0.6709774732589722,1.0034356117248535,0.5812444090843201,-8.395366668701172,0.6100142002105713,0.03343840688467026,0.027414334937930107,0.03863690793514252,0.8168691396713257,0.036691874265670776,0.06641408801078796,0.99648118019104,0.9988110661506653,0.9725824594497681,-1.0124785900115967,0.9978134036064148,0.15273739397525787,0.9991247653961182,0.9992812275886536,0.9783608317375183,0.44674476981163025,0.9988113045692444,1.0025420188903809,1.0036985874176025,0.6021761298179626,1.3970249891281128,0.6374247670173645,0.6732599139213562,0.21482110023498535,0.07359616458415985,0.8244989514350891,0.38520506024360657,-0.011809170246124268,-0.21376127004623413,0.897442102432251,0.8705498576164246,-1.0221660137176514,0.7572067379951477,0.10746727138757706,0.461417019367218,0.9225679039955139,0.9655375480651855,0.4442979097366333,0.8977262377738953,1.1567752361297607,20.085529327392578,20.085529327392578,20.085529327392578,0.996553897857666,0.4082316756248474,20.085529327392578,1.1563323736190796,20.085500717163086,20.085500717163086,20.085500717163086,0.9965356588363647,0.40815064311027527,20.085500717163086
54,0.6705084443092346,1.0034372806549072,0.5946733355522156,-8.397028923034668,0.6098810434341431,0.03315677121281624,0.026957804337143898,0.038614556193351746,0.81708824634552,0.0362323559820652,0.06705230474472046,0.9965375065803528,0.9988595843315125,0.9726749062538147,-1.0120197534561157,0.9978700876235962,0.15466266870498657,0.9995716214179993,0.999221920967102,0.9785397052764893,0.44667279720306396,0.9989369511604309,1.001928448677063,1.003702163696289,0.5987574458122253,1.4053523540496826,0.6370584964752197,0.6735477447509766,0.21502192318439484,0.07358869165182114,0.8249446153640747,0.3854840397834778,-0.009719431400299072,-0.21445876359939575,0.8973276615142822,0.8704483509063721,-1.0242286920547485,0.7568390965461731,0.0980978012084961,0.4617013931274414,0.9215620756149292,0.9667116403579712,0.4450431764125824,0.8968938589096069,1.1576615571975708,20.085529327392578,20.085529327392578,20.085529327392578,0.9965500831604004,0.4083750247955322,20.085529327392578,1.1572229862213135,20.085500717163086,20.085500717163086,20.085500717163086,0.9965567588806152,0.40830254554748535,20.085500717163086
55,0.669611394405365,1.003433108329773,0.596689760684967,-8.397198677062988,0.6092643737792969,0.03267192840576172,0.027097657322883606,0.03857140988111496,0.8168625235557556,0.03722863644361496,0.06830838322639465,0.9966357946395874,0.9988420009613037,0.9727407693862915,-1.0123178958892822,0.9976633787155151,0.15829476714134216,0.9994282126426697,0.9992958307266235,0.9790106415748596,0.44676512479782104,0.997754693031311,1.0020619630813599,1.0037081241607666,0.6134787797927856,1.4051830768585205,0.6369516253471375,0.673663854598999,0.21486428380012512,0.07368750870227814,0.8249701261520386,0.38526880741119385,-0.009225308895111084,-0.214607834815979,0.8973369002342224,0.8703436851501465,-1.0243055820465088,0.7571519017219543,0.09608111530542374,0.46133044362068176,0.9210477471351624,0.9675701856613159,0.44539743661880493,0.8967376351356506,1.1585423946380615,20.085529327392578,20.085529327392578,20.085529327392578,0.9965556859970093,0.4085281491279602,20.085529327392578,1.1580979824066162,20.085500717163086,20.085500717163086,20.085500717163086,0.9965742230415344,0.40844863653182983,20.085500717163086
56,0.669760525226593,1.0034312009811401,0.6057636141777039,-8.401394844055176,0.6082006692886353,0.03241017088294029,0.02711961790919304,0.03854901343584061,0.8168138861656189,0.03519080579280853,0.07035467028617859,0.9966936707496643,0.9988349676132202,0.9726922512054443,-1.0126783847808838,0.9979485869407654,0.16513003408908844,0.9998646378517151,0.9992715716362,0.980029284954071,0.4470919370651245,0.9991472363471985,1.0077699422836304,1.0037117004394531,0.6039084792137146,1.4076757431030273,0.6379339098930359,0.6734978556632996,0.214730903506279,0.07351327687501907,0.8251794576644897,0.3853098750114441,-0.014608204364776611,-0.21464741230010986,0.8975790739059448,0.8707653880119324,-1.0252530574798584,0.7570926547050476,0.11731128394603729,0.4620094299316406,0.9235138893127441,0.9662973284721375,0.4458795487880707,0.8972858786582947,1.1594212055206299,20.085529327392578,20.085529327392578,20.085529327392578,0.996538519859314,0.4086771607398987,20.085529327392578,1.1589843034744263,20.085500717163086,20.085500717163086,20.085500717163086,0.9965469837188721,0.4086075723171234,20.085500717163086
57,0.6699756979942322,1.00343656539917,0.599360466003418,-8.400078773498535,0.6079022884368896,0.0319509394466877,0.026744529604911804,0.03855651617050171,0.8171002864837646,0.03620615601539612,0.07075810432434082,0.9967746138572693,0.9988700747489929,0.9727288484573364,-1.011905312538147,0.9978419542312622,0.167001873254776,0.9998766779899597,0.9995343089103699,0.9784255623817444,0.4468573331832886,0.9983118772506714,0.997679591178894,1.003711462020874,0.6084250807762146,1.3968852758407593,0.637251079082489,0.6734122037887573,0.21485750377178192,0.07356537878513336,0.8249011039733887,0.3852832615375519,-0.010732471942901611,-0.21415495872497559,0.8973500728607178,0.8705679178237915,-1.0239441394805908,0.7570884227752686,0.10216549783945084,0.46152397990226746,0.9210294485092163,0.9664610028266907,0.4455649256706238,0.8971008658409119,1.1598538160324097,20.085529327392578,20.085529327392578,20.085529327392578,0.9965416193008423,0.4087468981742859,20.085529327392578,1.1596357822418213,20.085500717163086,20.085500717163086,20.085500717163086,0.996534526348114,0.4087093770503998,20.085500717163086
58,0.6678425073623657,1.0034279823303223,0.6035823225975037,-8.404568672180176,0.6087746620178223,0.03176280856132507,0.026454435661435127,0.03858354687690735,0.8174563050270081,0.03496241942048073,0.06956034898757935,0.9968194365501404,0.9988974928855896,0.9727376103401184,-1.013092041015625,0.9980019330978394,0.16109812259674072,0.9996886849403381,0.9993716478347778,0.9792559146881104,0.4475588798522949,0.9988374710083008,0.9980835914611816,1.0037147998809814,0.6083246469497681,1.3969093561172485,0.6372643709182739,0.6734095215797424,0.21479026973247528,0.07358918339014053,0.8249605298042297,0.385261595249176,-0.010815322399139404,-0.21419161558151245,0.8974120616912842,0.8705198764801025,-1.0241844654083252,0.7571151852607727,0.10257373750209808,0.46158599853515625,0.9217168688774109,0.9664856791496277,0.44584354758262634,0.8977346420288086,1.1602908372879028,20.085529327392578,20.085529327392578,20.085529327392578,0.9965401887893677,0.40882229804992676,20.085529327392578,1.1600737571716309,20.085500717163086,20.085500717163086,20.085500717163086,0.9965367317199707,0.4087866246700287,20.085500717163086
59,0.6667563915252686,1.0034364461898804,0.6053302884101868,-8.407470703125,0.6084951758384705,0.03132633864879608,0.027068765833973885,0.03843070939183235,0.817352831363678,0.035292848944664,0.06972849369049072,0.9969027638435364,0.9988421201705933,0.972876787185669,-1.0129780769348145,0.9979592561721802,0.16203415393829346,0.9995905756950378,0.9995579123497009,0.9787628650665283,0.44754597544670105,0.9986617565155029,0.9994017481803894,1.0037187337875366,0.6099974513053894,1.3984440565109253,0.6373533010482788,0.6733714938163757,0.21487708389759064,0.07359562814235687,0.8252401351928711,0.3851683735847473,-0.011287093162536621,-0.21408236026763916,0.8973194360733032,0.8704724907875061,-1.0254781246185303,0.7571407556533813,0.10437917709350586,0.4615526795387268,0.9217857122421265,0.9667825102806091,0.4463712275028229,0.8983945250511169,1.1607272624969482,20.085529327392578,20.085529327392578,20.085529327392578,0.9965246915817261,0.40889471769332886,20.085529327392578,1.1605116128921509,20.085500717163086,20.085500717163086,20.085500717163086,0.9965271949768066,0.40886056423187256,20.085500717163086
60,0.6655371189117432,1.0034339427947998,0.6071984171867371,-8.409588813781738,0.609255313873291,0.031518012285232544,0.02671612985432148,0.03860325366258621,0.8168459534645081,0.03521956875920296,0.06822866201400757,0.9968801736831665,0.9988768100738525,0.9727039933204651,-1.012733817100525,0.9979931116104126,0.15657350420951843,0.9997329711914062,0.9992064237594604,0.9793002605438232,0.44749557971954346,0.9990345239639282,1.0055086612701416,1.0037184953689575,0.6118348836898804,1.4076745510101318,0.6370774507522583,0.6735449433326721,0.21486015617847443,0.07355917245149612,0.8252121210098267,0.38520878553390503,-0.009619534015655518,-0.21458429098129272,0.8973230719566345,0.8704631328582764,-1.0253589153289795,0.7571383118629456,0.09637995809316635,0.4616233706474304,0.9207286238670349,0.966581404209137,0.44636082649230957,0.8977094888687134,1.1611645221710205,20.085529327392578,20.085529327392578,20.085529327392578,0.996529757976532,0.40896981954574585,20.085529327392578,1.1609394550323486,20.085500717163086,20.085500717163086,20.085500717163086,0.9965342879295349,0.4089318513870239,20.085500717163086
61,0.666049599647522,1.0034328699111938,0.6097089052200317,-8.410453796386719,0.6100574135780334,0.031591642647981644,0.026601290330290794,0.038382478058338165,0.8165583610534668,0.034528229385614395,0.06652238965034485,0.9968585968017578,0.9988818168640137,0.9729838967323303,-1.0120041370391846,0.9980455636978149,0.15081608295440674,0.9991185069084167,0.9995481371879578,0.9796635508537292,0.4473433494567871,0.9988006353378296,1.0090636014938354,1.0037184953689575,0.6207395195960999,1.409828543663025,0.6370130777359009,0.6733330488204956,0.21485324203968048,0.07359185814857483,0.8249820470809937,0.3852757513523102,-0.00928795337677002,-0.21402442455291748,0.897327184677124,0.8703982830047607,-1.0242376327514648,0.757116973400116,0.09460808336734772,0.46147143840789795,0.9222702383995056,0.966692328453064,0.4460941255092621,0.8971865773200989,1.1616016626358032,20.085529327392578,20.085529327392578,20.085529327392578,0.9965270757675171,0.4090450406074524,20.085529327392578,1.161387324333191,20.085500717163086,20.085500717163086,20.085500717163086,0.9965230226516724,0.40901070833206177,20.085500717163086
62,0.6660875082015991,1.0034306049346924,0.6128210425376892,-8.408923149108887,0.6096506714820862,0.031452909111976624,0.026377160102128983,0.03853292763233185,0.8168894648551941,0.034467194229364395,0.06768026947975159,0.996875524520874,0.9989067316055298,0.9727867841720581,-1.0120497941970825,0.9980685710906982,0.15481610596179962,0.9992883801460266,0.9995730519294739,0.9790405631065369,0.44758254289627075,0.9985774755477905,1.0034540891647339,1.0037187337875366,0.6206207871437073,1.4034934043884277,0.6371538639068604,0.6733890771865845,0.21475990116596222,0.07360916584730148,0.8248850107192993,0.38527998328208923,-0.010039746761322021,-0.21416336297988892,0.8973967432975769,0.8703853487968445,-1.0238326787948608,0.7571292519569397,0.09837107360363007,0.461491197347641,0.9222210645675659,0.9669459462165833,0.44597265124320984,0.8970431089401245,1.161823034286499,20.085529327392578,20.085529327392578,20.085529327392578,0.996529757976532,0.40908342599868774,20.085529327392578,1.1617132425308228,20.085500717163086,20.085500717163086,20.085500717163086,0.9965305924415588,0.40906381607055664,20.085500717163086
63,0.665291965007782,1.0034314393997192,0.6130075454711914,-8.409178733825684,0.6095866560935974,0.03144638240337372,0.02641204744577408,0.038462936878204346,0.8169069290161133,0.03550150617957115,0.06771832704544067,0.996894359588623,0.9989007711410522,0.9729331731796265,-1.0125627517700195,0.9979509115219116,0.1548163741827011,0.9992657899856567,0.9992924928665161,0.9795262813568115,0.4477642774581909,0.9984822273254395,1.0031994581222534,1.003721833229065,0.6164692044258118,1.4028174877166748,0.6371423006057739,0.6733626127243042,0.21475334465503693,0.0736195296049118,0.8249859809875488,0.3852635324001312,-0.009969711303710938,-0.21405071020126343,0.8973824977874756,0.8703691959381104,-1.024242639541626,0.7571241855621338,0.09807998687028885,0.46146777272224426,0.9219942688941956,0.9670042395591736,0.44629615545272827,0.8973468542098999,1.1620441675186157,20.085529327392578,20.085529327392578,20.085529327392578,0.9965301752090454,0.4091194272041321,20.085529327392578,1.1619325876235962,20.085500717163086,20.085500717163086,20.085500717163086,0.9965329766273499,0.4091009497642517,20.085500717163086
64,0.6653822064399719,1.0034315586090088,0.6109241843223572,-8.41164493560791,0.6084091663360596,0.031160002574324608,0.02601858228445053,0.03836407884955406,0.816893458366394,0.033955227583646774,0.0698714554309845,0.9969415664672852,0.9989224672317505,0.972973644733429,-1.0124536752700806,0.9981136322021484,0.16280396282672882,0.9991703033447266,0.9998385310173035,0.9794543385505676,0.4478239119052887,0.9986602663993835,1.000838041305542,1.003721833229065,0.6177641749382019,1.399044156074524,0.6373652219772339,0.6732767820358276,0.2147454470396042,0.07361499965190887,0.8247795104980469,0.3852411210536957,-0.011263012886047363,-0.2137508988380432,0.8973645567893982,0.8704149127006531,-1.0233120918273926,0.7571403980255127,0.10419537872076035,0.4613187611103058,0.92179936170578,0.9668624997138977,0.44604212045669556,0.8974805474281311,1.1622647047042847,20.085529327392578,20.085529327392578,20.085529327392578,0.9965310096740723,0.409156858921051,20.085529327392578,1.1621543169021606,20.085500717163086,20.085500717163086,20.085500717163086,0.9965309500694275,0.4091353118419647,20.085500717163086
65,0.6657457947731018,1.0034276247024536,0.6140819191932678,-8.412065505981445,0.6085837483406067,0.031291861087083817,0.026474501937627792,0.03851236030459404,0.8170526623725891,0.03352735564112663,0.06954216957092285,0.9969167113304138,0.9989011883735657,0.972783625125885,-1.0117464065551758,0.9981426000595093,0.16193507611751556,0.9993107914924622,0.9992818832397461,0.9790765047073364,0.4476310908794403,0.9989925622940063,1.001866102218628,1.0037221908569336,0.6213409304618835,1.4016306400299072,0.6373881101608276,0.6733330488204956,0.2147580087184906,0.0736285150051117,0.8247697949409485,0.38525670766830444,-0.011334240436553955,-0.213945209980011,0.8973509669303894,0.8703622817993164,-1.0232614278793335,0.7571167945861816,0.10426685214042664,0.46143004298210144,0.9215155243873596,0.966919481754303,0.44602322578430176,0.8974411487579346,1.1624844074249268,20.085529327392578,20.085529327392578,20.085529327392578,0.9965323209762573,0.4091959595680237,20.085529327392578,1.1623743772506714,20.085500717163086,20.085500717163086,20.085500717163086,0.9965322613716125,0.4091748595237732,20.085500717163086
66,0.6654185056686401,1.0034327507019043,0.6140591502189636,-8.410999298095703,0.6085838079452515,0.031134234741330147,0.02643227018415928,0.03840845823287964,0.8167269229888916,0.03535900264978409,0.06966972351074219,0.9969581365585327,0.9989078640937805,0.9728373289108276,-1.0128037929534912,0.9979764819145203,0.1623666137456894,0.9995928406715393,0.9995099306106567,0.979303777217865,0.4480386972427368,0.9987368583679199,1.0008941888809204,1.0037227869033813,0.6184991002082825,1.3999731540679932,0.6374631524085999,0.6732938289642334,0.21473553776741028,0.07359500974416733,0.8250506520271301,0.38526442646980286,-0.011766612529754639,-0.2139567732810974,0.8974084854125977,0.8703627586364746,-1.0245784521102905,0.7570992708206177,0.106345996260643,0.46167710423469543,0.9222052693367004,0.9680100679397583,0.4463580846786499,0.8978431820869446,1.1627055406570435,20.085529327392578,20.085529327392578,20.085529327392578,0.9965270757675171,0.4092329144477844,20.085529327392578,1.1625967025756836,20.085500717163086,20.085500717163086,20.085500717163086,0.996527910232544,0.4092153012752533,20.085500717163086
67,0.6644837260246277,1.0034300088882446,0.6178125143051147,-8.413134574890137,0.6084772944450378,0.031117701902985573,0.02650425210595131,0.03841068595647812,0.816631019115448,0.033900536596775055,0.07002505660057068,0.9969555139541626,0.9988933205604553,0.9729599952697754,-1.0125336647033691,0.9981093406677246,0.16355694830417633,0.9995831847190857,0.9994657039642334,0.9800699949264526,0.44797632098197937,0.9989191889762878,1.004167914390564,1.003727674484253,0.620032787322998,1.4052637815475464,0.6374278664588928,0.6734189391136169,0.21476101875305176,0.07360003143548965,0.8250589370727539,0.38526779413223267,-0.011548280715942383,-0.21413815021514893,0.8973622918128967,0.8703377842903137,-1.0245789289474487,0.7571163773536682,0.10544154047966003,0.46139270067214966,0.9215281009674072,0.9676923751831055,0.4466794431209564,0.8974613547325134,1.1629258394241333,20.085529327392578,20.085529327392578,20.085529327392578,0.9965287446975708,0.4092714190483093,20.085529327392578,1.162814974784851,20.085500717163086,20.085500717163086,20.085500717163086,0.9965280890464783,0.40925562381744385,20.085500717163086
68,0.6650534272193909,1.003433108329773,0.6170178055763245,-8.410367965698242,0.6082434058189392,0.03119904175400734,0.026599565520882607,0.03847494721412659,0.8168732523918152,0.03544631600379944,0.07029470801353455,0.9969335794448853,0.9988834857940674,0.9728559851646423,-1.011584997177124,0.9979668855667114,0.16469082236289978,0.9994352459907532,0.9995630979537964,0.9798151850700378,0.4476926624774933,0.9983609318733215,0.9995224475860596,1.003727912902832,0.6199706792831421,1.3989574909210205,0.6375277042388916,0.6733335852622986,0.2147296965122223,0.07360731065273285,0.8251360654830933,0.38523223996162415,-0.012124717235565186,-0.21401631832122803,0.897392988204956,0.8703661561012268,-1.0249412059783936,0.7571146488189697,0.107811838388443,0.4615883529186249,0.9221041202545166,0.9674583077430725,0.4467727243900299,0.8979906439781189,1.1631457805633545,20.085529327392578,20.085529327392578,20.085529327392578,0.9965325593948364,0.40931016206741333,20.085529327392578,1.1630345582962036,20.085500717163086,20.085500717163086,20.085500717163086,0.9965310096740723,0.40929093956947327,20.085500717163086
69,0.6649893522262573,1.003424882888794,0.6135805249214172,-8.41055679321289,0.6083807945251465,0.031076859682798386,0.026596326380968094,0.038449618965387344,0.8172095417976379,0.03517138585448265,0.06998345255851746,0.9969545602798462,0.9988881945610046,0.9728378653526306,-1.0122566223144531,0.997943103313446,0.1639784574508667,0.999308705329895,0.9992321729660034,0.9794428944587708,0.44809505343437195,0.9985868334770203,1.0039581060409546,1.0037275552749634,0.6208635568618774,1.4030592441558838,0.6374224424362183,0.6733100414276123,0.2147916853427887,0.07359295338392258,0.8248114585876465,0.38526126742362976,-0.011533617973327637,-0.21375542879104614,0.8973346948623657,0.8704013228416443,-1.0234121084213257,0.7571582794189453,0.10537463426589966,0.4612657427787781,0.9218146204948425,0.9670904874801636,0.44639235734939575,0.8970048427581787,1.1633645296096802,20.085529327392578,20.085529327392578,20.085529327392578,0.9965320825576782,0.4093456268310547,20.085529327392578,1.1632566452026367,20.085500717163086,20.085500717163086,20.085500717163086,0.996533215045929,0.4093259572982788,20.085500717163086
70,0.6638761758804321,1.003430962562561,0.6161001920700073,-8.413281440734863,0.6085730195045471,0.030881231650710106,0.026361441239714622,0.038472164422273636,0.8170209527015686,0.03509456291794777,0.06961244344711304,0.9969968795776367,0.9989071488380432,0.9728717803955078,-1.0123553276062012,0.998019278049469,0.1624988168478012,0.999470055103302,0.999618649482727,0.9795212149620056,0.4480564296245575,0.9987751245498657,1.0045030117034912,1.003727912902832,0.6229170560836792,1.4046143293380737,0.637332022190094,0.6733383536338806,0.21472838521003723,0.07359767705202103,0.8250113725662231,0.3852466642856598,-0.010996997356414795,-0.21391797065734863,0.8973886966705322,0.8703286647796631,-1.024369716644287,0.7571207880973816,0.10311944037675858,0.4614723026752472,0.9217979311943054,0.967587947845459,0.44662120938301086,0.8975976705551147,1.1635855436325073,20.085529327392578,20.085529327392578,20.085529327392578,0.9965285062789917,0.4093838334083557,20.085529327392578,1.1634758710861206,20.085500717163086,20.085500717163086,20.085500717163086,0.9965311884880066,0.4093640446662903,20.085500717163086
71,0.6639162302017212,1.0034282207489014,0.6161987781524658,-8.413819313049316,0.6090508103370667,0.031089812517166138,0.026551540940999985,0.03850178048014641,0.8165770769119263,0.03432876989245415,0.06875813007354736,0.9969675540924072,0.9988915920257568,0.9728567600250244,-1.0123109817504883,0.9980924725532532,0.1588970571756363,0.9994333386421204,0.9991301894187927,0.9798643589019775,0.44806089997291565,0.9988954067230225,1.006213665008545,1.0037277936935425,0.6233217716217041,1.4074304103851318,0.6371884942054749,0.6734157800674438,0.21474163234233856,0.07360487431287766,0.8249565362930298,0.38526269793510437,-0.010134994983673096,-0.21413272619247437,0.8973658084869385,0.8703320026397705,-1.0241074562072754,0.7571452260017395,0.09908055514097214,0.4613705575466156,0.9221438765525818,0.9672953486442566,0.44655460119247437,0.8970986604690552,1.1638069152832031,20.085529327392578,20.085529327392578,20.085529327392578,0.9965289831161499,0.40941888093948364,20.085529327392578,1.1636968851089478,20.085500717163086,20.085500717163086,20.085500717163086,0.9965326189994812,0.409401535987854,20.085500717163086
72,0.6635676622390747,1.003429889678955,0.6180589199066162,-8.413719177246094,0.6095447540283203,0.03080333210527897,0.02607141062617302,0.038401391357183456,0.8168373703956604,0.03551144897937775,0.0677289366722107,0.9970095753669739,0.9989274740219116,0.972920835018158,-1.0124883651733398,0.9979636669158936,0.15557996928691864,0.9996376037597656,0.9994967579841614,0.9796299338340759,0.4481949806213379,0.9987136721611023,1.0055701732635498,1.0037281513214111,0.6238530278205872,1.4073742628097534,0.6371268630027771,0.6733908653259277,0.2147599458694458,0.07363105565309525,0.8248807191848755,0.3852546811103821,-0.009758055210113525,-0.21393901109695435,0.8973295092582703,0.8703094720840454,-1.0237658023834229,0.7570661306381226,0.0971183031797409,0.4612451493740082,0.9211035370826721,0.9671218395233154,0.44647926092147827,0.8971986174583435,1.1640279293060303,20.085529327392578,20.085529327392578,20.085529327392578,0.9965270757675171,0.4094555377960205,20.085529327392578,1.1639167070388794,20.085500717163086,20.085500717163086,20.085500717163086,0.9965248107910156,0.40943822264671326,20.085500717163086
73,0.6638162732124329,1.0034319162368774,0.6164713501930237,-8.416693687438965,0.6105765700340271,0.030526310205459595,0.02627665176987648,0.03838781639933586,0.8165532946586609,0.032954901456832886,0.0656263530254364,0.997062087059021,0.9989157915115356,0.9729111790657043,-1.0113887786865234,0.9981960654258728,0.14837312698364258,0.9994123578071594,0.9990919232368469,0.9793396592140198,0.4478088319301605,0.9988322854042053,1.0063838958740234,1.0037308931350708,0.6254490613937378,1.405590295791626,0.6370171308517456,0.6732493042945862,0.21482379734516144,0.07361854612827301,0.8247224688529968,0.38521790504455566,-0.009010732173919678,-0.21352142095565796,0.8973045945167542,0.8703359961509705,-1.022958755493164,0.7571724653244019,0.0927286148071289,0.46107980608940125,0.9218686819076538,0.9669029712677002,0.4465050995349884,0.8971403241157532,1.1642467975616455,20.085529327392578,20.085529327392578,20.085529327392578,0.9965323209762573,0.4094915986061096,20.085529327392578,1.1641364097595215,20.085500717163086,20.085500717163086,20.085500717163086,0.9965300559997559,0.409473717212677,20.085500717163086
74,0.6624286770820618,1.0034312009811401,0.6190847158432007,-8.415889739990234,0.6100050806999207,0.0305782500654459,0.026436883956193924,0.038442306220531464,0.8167414665222168,0.033807940781116486,0.06668049097061157,0.9970439672470093,0.9988962411880493,0.9728683233261108,-1.0115983486175537,0.9981639981269836,0.15156681835651398,0.9995142221450806,0.9996370673179626,0.9791247248649597,0.4480228126049042,0.9987712502479553,1.006430983543396,1.0037317276000977,0.6258941888809204,1.4070597887039185,0.6370717883110046,0.6733134388923645,0.21482327580451965,0.07362446933984756,0.8249457478523254,0.3851962387561798,-0.009379267692565918,-0.21384429931640625,0.8973063826560974,0.8702672719955444,-1.024038314819336,0.7571597099304199,0.09478877484798431,0.4613131284713745,0.9217228293418884,0.9668741822242737,0.44675642251968384,0.8973227739334106,1.1644694805145264,20.085529327392578,20.085529327392578,20.085529327392578,0.9965308904647827,0.4095277190208435,20.085529327392578,1.164358377456665,20.085500717163086,20.085500717163086,20.085500717163086,0.9965248703956604,0.40950965881347656,20.085500717163086
75,0.6630242466926575,1.003428339958191,0.6194681525230408,-8.415390014648438,0.6096487045288086,0.030589763075113297,0.026671817526221275,0.03846677765250206,0.81671142578125,0.0345168299973011,0.06755191087722778,0.9970510005950928,0.9988770484924316,0.9728837609291077,-1.0120223760604858,0.9980497360229492,0.1543678343296051,0.9997085332870483,0.9995280504226685,0.9794358611106873,0.4482136070728302,0.9990200996398926,1.007157564163208,1.0037320852279663,0.6254034042358398,1.4083435535430908,0.6372172832489014,0.6733359098434448,0.21478112041950226,0.07363291084766388,0.8250762224197388,0.3851826786994934,-0.010188460350036621,-0.21404588222503662,0.8973619341850281,0.8702519536018372,-1.0246716737747192,0.7571276426315308,0.09877768903970718,0.4615461826324463,0.9218708276748657,0.9675503373146057,0.44689851999282837,0.8978093266487122,1.1646870374679565,20.085529327392578,20.085529327392578,20.085529327392578,0.996527373790741,0.4095631539821625,20.085529327392578,1.1645780801773071,20.085500717163086,20.085500717163086,20.085500717163086,0.9965243935585022,0.4095473885536194,20.085500717163086
76,0.6626961827278137,1.003426194190979,0.6188300251960754,-8.416417121887207,0.6092627644538879,0.030653947964310646,0.026341751217842102,0.03839557617902756,0.8168231248855591,0.03407555818557739,0.06838333606719971,0.9970356225967407,0.9989050626754761,0.9729432463645935,-1.0118072032928467,0.9980840086936951,0.15671542286872864,0.9992480278015137,0.9991284608840942,0.9793424606323242,0.44814279675483704,0.9988064765930176,1.006859540939331,1.0037320852279663,0.6220871806144714,1.4083842039108276,0.6372405886650085,0.6733470559120178,0.21477989852428436,0.07361920922994614,0.8249263763427734,0.3852161169052124,-0.010343313217163086,-0.2139759659767151,0.8973748087882996,0.8702667355537415,-1.0239624977111816,0.7570512294769287,0.09952027350664139,0.46144622564315796,0.9216894507408142,0.9672080874443054,0.446725070476532,0.8977435827255249,1.1649080514907837,20.085529327392578,20.085529327392578,20.085529327392578,0.9965313076972961,0.4095965027809143,20.085529327392578,1.1648001670837402,20.085500717163086,20.085500717163086,20.085500717163086,0.9965311288833618,0.4095771312713623,20.085500717163086
77,0.662918746471405,1.0034288167953491,0.6209192276000977,-8.416714668273926,0.6096304655075073,0.030277999117970467,0.026551468297839165,0.03841734305024147,0.816666841506958,0.03350761532783508,0.06756839156150818,0.9971232414245605,0.9988946914672852,0.9729793667793274,-1.0121574401855469,0.9981727004051208,0.15463873744010925,0.9996406435966492,0.9993111491203308,0.9795504212379456,0.4484063386917114,0.999094545841217,1.0071653127670288,1.0037351846694946,0.6275821924209595,1.408791422843933,0.6371057033538818,0.6733554601669312,0.2147788256406784,0.07364034652709961,0.824940025806427,0.38522112369537354,-0.009506464004516602,-0.21401619911193848,0.8973245620727539,0.8702129125595093,-1.0240027904510498,0.7571667432785034,0.09519733488559723,0.4614127278327942,0.9217079877853394,0.9673670530319214,0.4469427466392517,0.8975343108177185,1.1651270389556885,20.085529327392578,20.085529327392578,20.085529327392578,0.9965313076972961,0.4096353054046631,20.085529327392578,1.165016770362854,20.085500717163086,20.085500717163086,20.085500717163086,0.9965347647666931,0.40961694717407227,20.085500717163086
78,0.6636959910392761,1.003426432609558,0.6179366111755371,-8.412435531616211,0.6108009219169617,0.030923733487725258,0.02635415643453598,0.03837865591049194,0.8167688250541687,0.03503354266285896,0.06538346409797668,0.9969780445098877,0.9989007711410522,0.9729269742965698,-1.0119688510894775,0.9979531168937683,0.14785805344581604,0.9993668794631958,0.9993482828140259,0.9799928069114685,0.44838792085647583,0.9989622831344604,1.0062017440795898,1.0037349462509155,0.6253092885017395,1.4062285423278809,0.6370420455932617,0.673278272151947,0.21479162573814392,0.07361909002065659,0.8247864842414856,0.38523632287979126,-0.009084999561309814,-0.21380549669265747,0.8973309993743896,0.8702388405799866,-1.0232906341552734,0.7571805715560913,0.09286336600780487,0.46133220195770264,0.9224572777748108,0.9670577645301819,0.4467487335205078,0.8973782658576965,1.165345549583435,20.085529327392578,20.085529327392578,20.085529327392578,0.9965350031852722,0.4096681475639343,20.085529327392578,1.1652380228042603,20.085500717163086,20.085500717163086,20.085500717163086,0.9965349435806274,0.40965089201927185,20.085500717163086
79,0.6627060174942017,1.0034315586090088,0.6195561289787292,-8.417806625366211,0.6106003522872925,0.030300552025437355,0.026260552927851677,0.03839539363980293,0.8167994618415833,0.03376684710383415,0.06567484140396118,0.9971103668212891,0.9989149570465088,0.9729282259941101,-1.0121955871582031,0.9981591105461121,0.14833305776119232,0.9994096755981445,0.9994181990623474,0.979188084602356,0.4485253095626831,0.9991530179977417,1.0065287351608276,1.0037353038787842,0.6262943744659424,1.4073565006256104,0.6370219588279724,0.6733109354972839,0.2147953063249588,0.07362623512744904,0.8247582316398621,0.38522955775260925,-0.008965015411376953,-0.21389740705490112,0.8973208665847778,0.8702532052993774,-1.0231608152389526,0.7571667432785034,0.09221581369638443,0.46130406856536865,0.9219341278076172,0.9667969346046448,0.4467134177684784,0.8971107006072998,1.1655644178390503,20.085529327392578,20.085529327392578,20.085529327392578,0.9965325593948364,0.4097030758857727,20.085529327392578,1.1654539108276367,20.085500717163086,20.085500717163086,20.085500717163086,0.9965388774871826,0.4096858501434326,20.085500717163086
