epoch,kappa_sky_position,loss,mae_coa_phase,mae_mchirp,mae_merger_time,mae_snr,r2_coa_phase,r2_mchirp,r2_merger_time,r2_snr,std_ratio_coa_phase,std_ratio_mchirp,std_ratio_merger_time,std_ratio_snr,val_kappa_sky_position,val_loss,val_mae_coa_phase,val_mae_mchirp,val_mae_merger_time,val_mae_snr,val_r2_coa_phase,val_r2_mchirp,val_r2_merger_time,val_r2_snr,val_std_ratio_coa_phase,val_std_ratio_mchirp,val_std_ratio_merger_time,val_std_ratio_snr,val_weight_coa_phase,val_weight_mchirp,val_weight_merger_time,val_weight_sky_position,val_weight_snr,weight_coa_phase,weight_mchirp,weight_merger_time,weight_sky_position,weight_snr
0,0.15467938780784607,2.84505033493042,0.6423984169960022,0.5839687585830688,0.20140226185321808,0.5398287773132324,-0.03408670425415039,0.413692831993103,0.28639060258865356,0.5314550399780273,0.17816102504730225,0.6084750890731812,0.3810647130012512,0.767311155796051,0.11661902815103531,2.86858868598938,0.6973382234573364,0.6441419720649719,0.17176583409309387,0.8984572291374207,-0.38684695959091187,0.3953043222427368,0.4478701949119568,-0.10804557800292969,0.08387982845306396,0.5089980363845825,0.5903833508491516,0.6848798394203186,1.2139625549316406,1.2385928630828857,1.2182893753051758,0.8341333270072937,1.2317419052124023,1.104634404182434,1.111710548400879,1.1058112382888794,0.9121087789535522,1.1109943389892578
1,0.3508886694908142,1.6555107831954956,0.6364068984985352,0.35975393652915955,0.10987906903028488,0.40020716190338135,-0.012747406959533691,0.7612873315811157,0.7549213171005249,0.7458186149597168,0.15241441130638123,0.8565657138824463,0.7848145365715027,0.8727821111679077,1.1569807529449463,5.6013689041137695,0.7068411111831665,0.673433244228363,0.12935411930084229,3.0937116146087646,-0.4467129707336426,0.2967444062232971,0.6772149801254272,-9.113700866699219,0.6006237268447876,0.6318442821502686,0.6912534832954407,0.6616958975791931,1.4618303775787354,1.5352137088775635,1.4855881929397583,0.715765118598938,1.512111783027649,1.3360332250595093,1.3838914632797241,1.3483781814575195,0.7713330388069153,1.3691641092300415
2,0.499787300825119,0.7964199781417847,0.6329032778739929,0.3025647699832916,0.09925321489572525,0.3733019530773163,0.001852482557296753,0.8288871645927429,0.7985382080078125,0.7780767679214478,0.12932239472866058,0.902556300163269,0.8779659867286682,0.8880913853645325,0.3241949677467346,1.6074345111846924,0.6575960516929626,0.5741636753082275,0.11734157800674438,0.9599190950393677,-0.13437825441360474,0.49918657541275024,0.706832766532898,-0.20003843307495117,0.1875404715538025,0.7775211334228516,0.7863923907279968,0.7877495884895325,1.7440869808197021,1.889587640762329,1.8094632625579834,0.6299260854721069,1.8435356616973877,1.6011428833007812,1.7086189985275269,1.643128514289856,0.6704109907150269,1.6746246814727783
3,0.5694878101348877,0.02814498171210289,0.6301429867744446,0.2614089548587799,0.09206569194793701,0.35230138897895813,0.006593525409698486,0.8733727931976318,0.8264052867889404,0.8018543720245361,0.15545178949832916,0.9256243705749512,0.9007795453071594,0.9015707969665527,0.4855155944824219,1.6522223949432373,0.6611357927322388,0.48186665773391724,0.11474508047103882,1.2581592798233032,-0.14345002174377441,0.6390506029129028,0.7340166568756104,-0.9186393022537231,0.2849824130535126,0.5838680267333984,0.7395378947257996,0.6121330857276917,2.0558626651763916,2.319579839706421,2.202730417251587,0.5669766068458557,2.2389063835144043,1.8989334106445312,2.1008529663085938,2.000817060470581,0.5966796875,2.0373172760009766
4,0.6068457961082458,-0.6616048216819763,0.6241390705108643,0.25390177965164185,0.08911030739545822,0.3316480815410614,0.023729056119918823,0.8864940404891968,0.839559018611908,0.8245239853858948,0.16555899381637573,0.9402289390563965,0.9097719788551331,0.9137303829193115,1.9786453247070312,5.33822774887085,0.8068455457687378,0.573448121547699,0.11379516124725342,2.3815715312957764,-1.0213388204574585,0.4603329300880432,0.7367910146713257,-5.288640022277832,0.11556127667427063,0.7158269286155701,0.7146631479263306,0.5805109739303589,2.393075942993164,2.8319478034973145,2.680040121078491,0.520479142665863,2.710862874984741,2.2243905067443848,2.5706098079681396,2.4349093437194824,0.5423213839530945,2.4725241661071777
5,0.6607795357704163,-1.3388712406158447,0.6161555051803589,0.22900746762752533,0.08934612572193146,0.307420939207077,0.04265564680099487,0.9082298278808594,0.839665949344635,0.8492057919502258,0.20463810861110687,0.9530291557312012,0.9185419678688049,0.9231175780296326,0.8800594210624695,1.258250117301941,0.7283416986465454,0.9253064393997192,0.24992695450782776,0.7110466361045837,-0.5635771155357361,-0.12885808944702148,-0.027016162872314453,0.2648163437843323,0.589434802532196,0.9220914840698242,0.7236518859863281,0.8577381372451782,2.746528148651123,3.452971935272217,3.2587504386901855,0.48667025566101074,3.279144287109375,2.571958065032959,3.1354804039001465,2.961397409439087,0.5026090741157532,2.990089178085327
6,0.6960808038711548,-1.9985724687576294,0.6026384830474854,0.20758171379566193,0.08533098548650742,0.2845192849636078,0.07231807708740234,0.926095187664032,0.8534622192382812,0.871146023273468,0.26586267352104187,0.9605630040168762,0.9228456020355225,0.933655321598053,0.5529651045799255,9.004253387451172,0.8046199679374695,1.40149986743927,0.09897816926240921,2.290343999862671,-0.9955540299415588,-1.2457473278045654,0.7873227000236511,-4.795998573303223,0.27001985907554626,0.7657913565635681,0.8294699788093567,0.45839929580688477,3.111406087875366,4.209463119506836,3.9616026878356934,0.46229085326194763,3.964385509490967,2.932955265045166,3.8252806663513184,3.600935697555542,0.4738079905509949,3.6165096759796143
7,0.7307094931602478,-2.624704122543335,0.5782375931739807,0.19641931354999542,0.08623018860816956,0.275219589471817,0.1285324990749359,0.9350156784057617,0.8514342904090881,0.8792045712471008,0.33480456471443176,0.9653497934341431,0.9305367469787598,0.9429813623428345,0.21406325697898865,2.5070111751556396,0.8552449941635132,0.9440428018569946,0.1588309407234192,0.861146092414856,-1.2860033512115479,-0.20109641551971436,0.5424067974090576,-0.013507246971130371,0.12467885762453079,0.9312124848365784,0.8469563126564026,0.9687379002571106,3.499298572540283,5.1181182861328125,4.812117099761963,0.4450558125972748,4.766872406005859,3.3131232261657715,4.651070594787598,4.37521505355835,0.45320311188697815,4.363791465759277
8,0.7614667415618896,-3.2891123294830322,0.540544331073761,0.18504364788532257,0.08407662808895111,0.25809869170188904,0.21694988012313843,0.9430411458015442,0.8592106699943542,0.8946221470832825,0.41159650683403015,0.971260130405426,0.9293128252029419,0.9481415152549744,0.41173845529556274,0.7938059568405151,0.8378636240959167,0.7617547512054443,0.35746678709983826,0.4533635973930359,-1.1370761394500732,0.17905384302139282,-1.0376856327056885,0.6587364673614502,0.5214395523071289,1.116841197013855,0.5323688387870789,1.0223815441131592,3.9534239768981934,6.211760520935059,5.843231201171875,0.4335861802101135,5.726881980895996,3.738051414489746,5.655323028564453,5.313852787017822,0.4389885365962982,5.2422566413879395
9,0.7873766422271729,-3.931540012359619,0.4945845305919647,0.1790146678686142,0.08357411623001099,0.24808301031589508,0.31348758935928345,0.9463080167770386,0.8623961806297302,0.9021375775337219,0.5114656090736389,0.9741368293762207,0.9324197173118591,0.9541001915931702,0.20413053035736084,3.6691203117370605,0.9670140147209167,0.5180650949478149,0.09885318577289581,1.1400279998779297,-1.8746259212493896,0.5524687767028809,0.7891964912414551,-0.7207057476043701,1.371103048324585,0.6599127650260925,0.8368234634399414,0.4822080433368683,4.51028299331665,7.507536888122559,7.091065883636475,0.4261086583137512,6.845944404602051,4.251895904541016,6.843593120574951,6.451023578643799,0.42968258261680603,6.28897762298584
10,0.8146240711212158,-4.6123552322387695,0.443264365196228,0.18554355204105377,0.08305691927671432,0.22127953171730042,0.42454367876052856,0.9423654675483704,0.8636979460716248,0.9224357604980469,0.5976217985153198,0.974773108959198,0.9348399639129639,0.9605118036270142,0.2080364227294922,2.4398865699768066,0.7522002458572388,0.3642787039279938,0.10686184465885162,1.0922731161117554,-0.6987488865852356,0.7591580748558044,0.7606137990951538,-0.5976853370666504,0.48868122696876526,0.7942528128623962,0.8350967168807983,0.5369765162467957,5.231582164764404,8.981626510620117,8.597138404846191,0.4217703342437744,8.233043670654297,4.902535438537598,8.227202415466309,7.824920177459717,0.42389950156211853,7.538354396820068
11,0.8203909993171692,-5.309804439544678,0.3902493417263031,0.17459699511528015,0.07927558571100235,0.213576078414917,0.534904420375824,0.9488748908042908,0.8773822784423828,0.9277427196502686,0.6701175570487976,0.9780504107475281,0.93680739402771,0.9651799201965332,1.5703051090240479,15.604662895202637,0.8215014338493347,1.5807963609695435,0.29721376299858093,1.1550226211547852,-1.0418416261672974,-1.9953529834747314,-0.45288562774658203,-0.8503736257553101,1.0146878957748413,1.1007578372955322,0.6904815435409546,0.5950597524642944,6.212436676025391,10.738373756408691,10.422994613647461,0.4193419814109802,9.847471237182617,5.752823829650879,9.841019630432129,9.485835075378418,0.42031899094581604,9.032454490661621
12,0.8562225103378296,-6.057551383972168,0.33957216143608093,0.1673000305891037,0.07856814563274384,0.1920369267463684,0.6337489485740662,0.9533793926239014,0.8790369033813477,0.9414795637130737,0.7464470863342285,0.9789319038391113,0.940977931022644,0.9693620800971985,1.8152776956558228,2.8245058059692383,0.7161290645599365,0.3532513976097107,0.10326661169528961,0.9334288835525513,-0.48934561014175415,0.7883156538009644,0.7767450213432312,-0.2338804006576538,0.6232976317405701,0.9975095391273499,0.850714921951294,0.5365497469902039,7.505003929138184,12.816190719604492,12.623380661010742,0.41889500617980957,11.827201843261719,6.915140628814697,11.798364639282227,11.493448257446289,0.4189035892486572,10.835308074951172
13,0.8683801889419556,-6.7141900062561035,0.3054012656211853,0.1576135754585266,0.07991007715463638,0.18778033554553986,0.6941015720367432,0.9587615132331848,0.8755425214767456,0.9442014694213867,0.8021567463874817,0.9805469512939453,0.9433985948562622,0.9715272188186646,0.9156705141067505,0.45722660422325134,0.7227764129638672,0.38204333186149597,0.12740279734134674,0.5651957988739014,-0.5170125961303711,0.7045737504959106,0.6749675273895264,0.5059900283813477,0.6660725474357605,0.8758893013000488,0.8437925577163696,0.820213258266449,9.044767379760742,15.258058547973633,15.2607421875,0.4189279079437256,14.0863618850708,8.344021797180176,14.001708030700684,13.907417297363281,0.4190196692943573,12.953811645507812
14,0.8861923217773438,-7.332337856292725,0.2710253596305847,0.15954381227493286,0.07506579905748367,0.1859678328037262,0.75669264793396,0.9577903747558594,0.8913431167602539,0.9448642134666443,0.8376312851905823,0.980178952217102,0.9463056921958923,0.9731376767158508,1.325845718383789,2.7423951625823975,0.8193851709365845,0.4103531837463379,0.09696044772863388,0.5792396068572998,-1.0364513397216797,0.7078382968902588,0.8009035587310791,0.4813811182975769,0.9598018527030945,0.9536557793617249,0.8665754795074463,0.6983412504196167,10.997031211853027,17.973064422607422,18.460649490356445,0.41952043771743774,16.55716896057129,10.080643653869629,16.61064338684082,16.821069717407227,0.41946691274642944,15.287055015563965
15,0.8776118159294128,-8.034923553466797,0.241386279463768,0.14161743223667145,0.0763557031750679,0.17256686091423035,0.8058503866195679,0.9670866131782532,0.8870748281478882,0.9527406692504883,0.8713446855545044,0.9853596687316895,0.9484238028526306,0.9774214625358582,2.341538906097412,11.78050422668457,0.9717033505439758,0.4757099747657776,0.11217262595891953,0.8726891279220581,-1.8941855430603027,0.6072335243225098,0.7457191944122314,-0.04930555820465088,1.3779048919677734,0.5436637997627258,0.8330440521240234,0.751782238483429,13.451478958129883,20.085529327392578,20.085529327392578,0.41961565613746643,19.505451202392578,12.304533004760742,19.395307540893555,19.716697692871094,0.4193277955055237,18.071496963500977
16,0.9407864212989807,-8.430774688720703,0.2232312709093094,0.12617233395576477,0.0716061070561409,0.1660657376050949,0.8328835964202881,0.9737838506698608,0.9016149640083313,0.9566147923469543,0.8965960144996643,0.9852564334869385,0.9515480995178223,0.9783281087875366,1.4252123832702637,18.321645736694336,0.7391833066940308,0.3914148807525635,0.09930562227964401,1.435849905014038,-0.6356422305107117,0.7322220802307129,0.7844351530075073,-1.4914381504058838,0.7783082127571106,0.7738860845565796,0.8700432181358337,0.5698351263999939,16.194721221923828,20.085529327392578,20.085529327392578,0.42164987325668335,20.085529327392578,14.967499732971191,20.085500717163086,20.085500717163086,0.4207070469856262,20.037504196166992
17,0.9458778500556946,-8.61497688293457,0.21076995134353638,0.1320500522851944,0.06979258358478546,0.15034325420856476,0.8495702147483826,0.9711319804191589,0.9063647985458374,0.9641469717025757,0.9157892465591431,0.9871207475662231,0.9530603885650635,0.9816352128982544,2.607606887817383,27.660070419311523,0.86394202709198,0.32718703150749207,0.1372855007648468,1.770512342453003,-1.251131296157837,0.7851939797401428,0.6302340030670166,-2.593193531036377,1.0068988800048828,0.7104787826538086,0.8250967264175415,0.5090342164039612,19.130128860473633,20.085529327392578,20.085529327392578,0.4224032461643219,20.085529327392578,17.770572662353516,20.085500717163086,20.085500717163086,0.4224327504634857,20.085500717163086
18,0.9465425610542297,-8.77070426940918,0.19774354994297028,0.12782853841781616,0.06952333450317383,0.14905035495758057,0.8674026727676392,0.9731322526931763,0.9080051779747009,0.9647723436355591,0.9278332591056824,0.986041247844696,0.9539554119110107,0.9836751818656921,0.5511647462844849,15.3665771484375,0.9800534248352051,0.37832754850387573,0.14154382050037384,0.9274837374687195,-1.9348455667495728,0.7518847584724426,0.6121245622634888,-0.19700491428375244,1.3931182622909546,0.697844386100769,0.8639870285987854,0.6329103708267212,20.085529327392578,20.085529327392578,20.085529327392578,0.42316460609436035,20.085529327392578,19.911041259765625,20.085500717163086,20.085500717163086,0.4230635464191437,20.085500717163086
19,1.0300287008285522,-9.33764362335205,0.15075740218162537,0.10382848232984543,0.06464657187461853,0.1104922667145729,0.9250348806381226,0.9825186729431152,0.921101450920105,0.9805060029029846,0.9520995020866394,0.9899330735206604,0.958200216293335,0.9880461096763611,0.7188408374786377,6.39877986907959,0.8559876680374146,0.3047158122062683,0.09587441384792328,0.5633041858673096,-1.2421753406524658,0.8080704212188721,0.8052042126655579,0.4976102113723755,0.57602459192276,0.9594091176986694,0.9382278919219971,0.9631162881851196,20.085529327392578,20.085529327392578,20.085529327392578,0.4255039691925049,20.085529327392578,20.085500717163086,20.085500717163086,20.085500717163086,0.42423295974731445,20.085500717163086
20,1.0602242946624756,-9.574565887451172,0.11633063107728958,0.09110552817583084,0.06167970225214958,0.10507352650165558,0.9572373628616333,0.9868020415306091,0.928498387336731,0.9825193285942078,0.9624933004379272,0.9923712611198425,0.9591772556304932,0.990844190120697,1.1721034049987793,5.440654754638672,0.8190847635269165,0.3280172049999237,0.09486404806375504,0.5377547144889832,-1.0366816520690918,0.8052340149879456,0.8063633441925049,0.5283439755439758,0.6855831742286682,0.9999364018440247,0.9766709208488464,0.9841955304145813,20.085529327392578,20.085529327392578,20.085529327392578,0.42801371216773987,20.085529327392578,20.085500717163086,20.085500717163086,20.085500717163086,0.4267598092556,20.085500717163086
21,1.0896203517913818,-9.661620140075684,0.10439015179872513,0.08171412348747253,0.060810770839452744,0.10197453945875168,0.965945839881897,0.9895294308662415,0.9308913350105286,0.9837108254432678,0.9641257524490356,0.9941545128822327,0.9630526900291443,0.9912456274032593,1.5926299095153809,2.036043643951416,0.7474907636642456,0.27125510573387146,0.08911706507205963,0.41797804832458496,-0.627869725227356,0.8451206088066101,0.820453941822052,0.7128023505210876,0.7682244777679443,0.8688780069351196,0.9484527707099915,0.8695515990257263,20.085529327392578,20.085529327392578,20.085529327392578,0.43013375997543335,20.085529327392578,20.085500717163086,20.085500717163086,20.085500717163086,0.4293978810310364,20.085500717163086
22,1.1638634204864502,-9.661864280700684,0.10821247845888138,0.08451296389102936,0.06151023507118225,0.0956917405128479,0.9626126289367676,0.9887469410896301,0.9292746186256409,0.9853595495223999,0.9649074673652649,0.9931464791297913,0.9615247249603271,0.9917126297950745,1.2211124897003174,3.9240031242370605,0.7420125603675842,0.26667308807373047,0.08608546853065491,0.578723669052124,-0.6121245622634888,0.8507106304168701,0.8358295559883118,0.4688780903816223,0.7709301710128784,0.87856125831604,0.9822720289230347,0.9590006470680237,20.085529327392578,20.085529327392578,20.085529327392578,0.43302273750305176,20.085529327392578,20.085500717163086,20.085500717163086,20.085500717163086,0.4320301115512848,20.085500717163086
23,1.223233699798584,-9.722238540649414,0.09929882735013962,0.07864663749933243,0.057513345032930374,0.09599059075117111,0.9686356782913208,0.9903168082237244,0.9385715126991272,0.9854618906974792,0.9660434722900391,0.9939181804656982,0.9646931886672974,0.9921667575836182,1.5014642477035522,4.383618354797363,0.8535067439079285,0.27865850925445557,0.09691300988197327,0.4194963574409485,-1.2144713401794434,0.8378305435180664,0.7940083742141724,0.7058145999908447,0.469130277633667,0.9116544723510742,0.9216916561126709,0.9501705169677734,20.085529327392578,20.085529327392578,20.085529327392578,0.4369010329246521,20.085529327392578,20.085500717163086,20.085500717163086,20.085500717163086,0.4354994297027588,20.085500717163086
24,1.2811031341552734,-9.835554122924805,0.08767804503440857,0.07428190857172012,0.05551078915596008,0.07786127179861069,0.9758124351501465,0.9913506507873535,0.9427906274795532,0.9904586672782898,0.9681153893470764,0.9941229224205017,0.9644591808319092,0.9947274923324585,1.1834126710891724,4.4961137771606445,0.7331374883651733,0.2750959098339081,0.08864285051822662,0.6251422166824341,-0.5796182155609131,0.8454855680465698,0.8263932466506958,0.39495915174484253,0.7390224933624268,0.9405640363693237,0.9653033018112183,0.9531395435333252,20.085529327392578,20.085529327392578,20.085529327392578,0.4397456645965576,20.085529327392578,20.085500717163086,20.085500717163086,20.085500717163086,0.4383604824542999,20.085500717163086
25,1.3445234298706055,-9.895482063293457,0.0789479911327362,0.06423681229352951,0.05422103777527809,0.07608447223901749,0.9809103012084961,0.9934510588645935,0.9455848932266235,0.990705132484436,0.9699842929840088,0.9961500763893127,0.9663525223731995,0.9935881495475769,1.5909864902496338,2.106523275375366,0.7525780200958252,0.26083478331565857,0.08432050794363022,0.419099897146225,-0.6662771105766296,0.8537303805351257,0.8410140872001648,0.7077997922897339,0.6978736519813538,0.8996391296386719,0.9501251578330994,0.9462525844573975,20.085529327392578,20.085529327392578,20.085529327392578,0.4431884288787842,20.085529327392578,20.085500717163086,20.085500717163086,20.085500717163086,0.44162821769714355,20.085500717163086
26,1.397351622581482,-9.907505989074707,0.07767561823129654,0.06930148601531982,0.054250579327344894,0.069517120718956,0.9811067581176758,0.9924696683883667,0.9454202055931091,0.9922845959663391,0.9709503054618835,0.9954505562782288,0.9665420651435852,0.9944830536842346,2.100041627883911,2.817044496536255,0.7373582124710083,0.26849165558815,0.0883214995265007,0.49164074659347534,-0.6056140065193176,0.84893399477005,0.8265892863273621,0.6165661811828613,0.7613348960876465,0.9180082082748413,0.9540987610816956,0.9088973999023438,20.085529327392578,20.085529327392578,20.085529327392578,0.44674116373062134,20.085529327392578,20.085500717163086,20.085500717163086,20.085500717163086,0.44490939378738403,20.085500717163086
27,1.4475399255752563,-9.943227767944336,0.07409017533063889,0.06327512115240097,0.05315753072500229,0.06755190342664719,0.9830280542373657,0.993651807308197,0.9472787380218506,0.992510974407196,0.9717608094215393,0.9955227375030518,0.9668376445770264,0.994860053062439,1.5931838750839233,3.663045883178711,0.7585814595222473,0.28306055068969727,0.09029992669820786,0.5203102231025696,-0.6852678060531616,0.8356077075004578,0.8200340867042542,0.5744489431381226,0.8126776814460754,0.9040442109107971,0.9492579698562622,0.889700174331665,20.085529327392578,20.085529327392578,20.085529327392578,0.45064038038253784,20.085529327392578,20.085500717163086,20.085500717163086,20.085500717163086,0.4488775432109833,20.085500717163086
28,1.5032637119293213,-9.936142921447754,0.07919877022504807,0.06221921741962433,0.05468298867344856,0.06831943988800049,0.980358362197876,0.9938433170318604,0.9442142248153687,0.992473840713501,0.9711505174636841,0.9954378008842468,0.9678500890731812,0.9945365190505981,2.0543124675750732,2.5157630443573,0.7679446935653687,0.26355138421058655,0.08799509704113007,0.4199306070804596,-0.7529072761535645,0.850026547908783,0.8284139633178711,0.7083529233932495,0.6754798293113708,0.9129733443260193,0.9674311280250549,0.9485451579093933,20.085529327392578,20.085529327392578,20.085529327392578,0.4543570876121521,20.085529327392578,20.085500717163086,20.085500717163086,20.085500717163086,0.4528266489505768,20.085500717163086
29,1.5751880407333374,-9.992304801940918,0.07137459516525269,0.058265700936317444,0.052041925489902496,0.06327885389328003,0.9842814207077026,0.9946422576904297,0.9496551156044006,0.9936444759368896,0.9733880758285522,0.9958193898200989,0.9668883681297302,0.9961867928504944,1.1414216756820679,2.0408034324645996,0.7364290952682495,0.2655579149723053,0.08556599915027618,0.4423787593841553,-0.586112380027771,0.8496564626693726,0.8358436822891235,0.679522693157196,0.7552204728126526,0.8891651034355164,0.9523451924324036,0.9441211223602295,20.085529327392578,20.085529327392578,20.085529327392578,0.4572601914405823,20.085529327392578,20.085500717163086,20.085500717163086,20.085500717163086,0.45599719882011414,20.085500717163086
30,1.61490797996521,-10.020869255065918,0.06691606342792511,0.05662788078188896,0.05090955272316933,0.058959655463695526,0.986291766166687,0.9949446320533752,0.9518914222717285,0.9944325089454651,0.9741451740264893,0.9959369897842407,0.9691875576972961,0.9955648183822632,1.5428613424301147,2.1301703453063965,0.7423668503761292,0.26782524585723877,0.08543860167264938,0.43401989340782166,-0.61510169506073,0.8484117388725281,0.8377266526222229,0.6843517422676086,0.7502416968345642,0.935039222240448,0.9630184769630432,0.9669052958488464,20.085529327392578,20.085529327392578,20.085529327392578,0.46043771505355835,20.085529327392578,20.085500717163086,20.085500717163086,20.085500717163086,0.45900648832321167,20.085500717163086
31,1.6771774291992188,-10.017489433288574,0.06443937122821808,0.055716488510370255,0.050954315811395645,0.06862896680831909,0.9871368408203125,0.9950956106185913,0.9518529772758484,0.9925448894500732,0.9739934206008911,0.9967013001441956,0.9687979221343994,0.994890034198761,1.7032277584075928,2.4420082569122314,0.7610553503036499,0.2734917402267456,0.08513849228620529,0.42465001344680786,-0.7131543755531311,0.8436938524246216,0.8380727171897888,0.7025675773620605,0.7354934811592102,0.9187667369842529,0.9597588181495667,0.922930896282196,20.085529327392578,20.085529327392578,20.085529327392578,0.46421900391578674,20.085529327392578,20.085500717163086,20.085500717163086,20.085500717163086,0.46241962909698486,20.085500717163086
32,1.7307374477386475,-10.021464347839355,0.06702324002981186,0.05623966455459595,0.05153101682662964,0.06556863337755203,0.986127495765686,0.9949939846992493,0.9508229494094849,0.9929637908935547,0.9738522171974182,0.9964233636856079,0.9671142101287842,0.9948426485061646,2.0685906410217285,2.2330453395843506,0.7406226992607117,0.26715487241744995,0.08643223345279694,0.4379046857357025,-0.6078745722770691,0.8463391065597534,0.8338916301727295,0.6797753572463989,0.761222243309021,0.9029402136802673,0.9606959223747253,0.9477890133857727,20.085529327392578,20.085529327392578,20.085529327392578,0.46799296140670776,20.085529327392578,20.085500717163086,20.085500717163086,20.085500717163086,0.46629634499549866,20.085500717163086
33,1.7791422605514526,-10.045337677001953,0.06650299578905106,0.05626514181494713,0.05035310238599777,0.05965127423405647,0.9864671230316162,0.9949641227722168,0.9529359936714172,0.9942492842674255,0.9746069312095642,0.9972798228263855,0.9707942605018616,0.9958674907684326,2.172642946243286,2.702893018722534,0.7406895756721497,0.27035409212112427,0.08630837500095367,0.47245126962661743,-0.6064231395721436,0.8426026105880737,0.8338162302970886,0.6422149538993835,0.7437326312065125,0.8470345139503479,0.949618399143219,0.9132050275802612,20.085529327392578,20.085529327392578,20.085529327392578,0.4719236493110657,20.085529327392578,20.085500717163086,20.085500717163086,20.085500717163086,0.4703056514263153,20.085500717163086
34,1.8331090211868286,-10.080292701721191,0.06349395215511322,0.051370371133089066,0.050693050026893616,0.0542859248816967,0.9875754117965698,0.9957748055458069,0.9520110487937927,0.9951803088188171,0.9747273921966553,0.995985209941864,0.9671571254730225,0.9963666200637817,1.7528806924819946,2.052277088165283,0.7412813305854797,0.26440390944480896,0.08553770929574966,0.42621374130249023,-0.6266530752182007,0.8508428931236267,0.8371386528015137,0.6965618133544922,0.7622770667076111,0.9241503477096558,0.9677360653877258,0.9438900351524353,20.085529327392578,20.085529327392578,20.085529327392578,0.4744707942008972,20.085529327392578,20.085500717163086,20.085500717163086,20.085500717163086,0.47320643067359924,20.085500717163086
35,1.8994501829147339,-10.079981803894043,0.0627991259098053,0.0522712878882885,0.04984576255083084,0.058738235384225845,0.9878988265991211,0.9956047534942627,0.9542096853256226,0.9942747950553894,0.975044846534729,0.9965866804122925,0.9692820906639099,0.9958676099777222,1.970346450805664,2.0542187690734863,0.7425891160964966,0.2659238874912262,0.08561976999044418,0.42238059639930725,-0.6144240498542786,0.8497228622436523,0.8368033766746521,0.703578770160675,0.7691988348960876,0.8925257921218872,0.9661411643028259,0.9467254281044006,20.085529327392578,20.085529327392578,20.085529327392578,0.4774826169013977,20.085529327392578,20.085500717163086,20.085500717163086,20.085500717163086,0.476045697927475,20.085500717163086
36,1.9157627820968628,-10.092036247253418,0.06313973665237427,0.053893767297267914,0.04836287721991539,0.05607288330793381,0.9878153800964355,0.9954614043235779,0.9564833641052246,0.9948182106018066,0.9751335978507996,0.9950658679008484,0.9696509838104248,0.9958940744400024,1.9751441478729248,2.099980592727661,0.745344340801239,0.2651595175266266,0.0861019641160965,0.42331457138061523,-0.6238073110580444,0.8509640693664551,0.8351595401763916,0.7015138864517212,0.7774636745452881,0.9299898147583008,0.9685707688331604,0.9488144516944885,20.085529327392578,20.085529327392578,20.085529327392578,0.48029837012290955,20.085529327392578,20.085500717163086,20.085500717163086,20.085500717163086,0.4790007472038269,20.085500717163086
37,1.9756577014923096,-10.101288795471191,0.060894232243299484,0.05117753520607948,0.04881496727466583,0.05745857208967209,0.9885956645011902,0.9958291053771973,0.9557543992996216,0.9946484565734863,0.9753587245941162,0.9967344999313354,0.970483660697937,0.9956756234169006,2.108311176300049,2.7414801120758057,0.7440451979637146,0.26477882266044617,0.08609049767255783,0.4720451235771179,-0.6266668438911438,0.8508096933364868,0.8350971341133118,0.6299333572387695,0.7579756379127502,0.9236280918121338,0.9667288064956665,0.9456632137298584,20.085529327392578,20.085529327392578,20.085529327392578,0.483320415019989,20.085529327392578,20.085500717163086,20.085500717163086,20.085500717163086,0.4819110631942749,20.085500717163086
38,2.0214250087738037,-10.10871696472168,0.0642693042755127,0.05171379819512367,0.04888709634542465,0.055999282747507095,0.987371563911438,0.9958157539367676,0.9556102752685547,0.994985044002533,0.9751043915748596,0.9964274764060974,0.9696500301361084,0.9964535236358643,2.1588330268859863,2.231283187866211,0.7424896955490112,0.2639305591583252,0.0864725336432457,0.43278464674949646,-0.6249775886535645,0.8514291644096375,0.8336445689201355,0.686863899230957,0.7723428606987,0.9158383011817932,0.9696252346038818,0.9495158195495605,20.085529327392578,20.085529327392578,20.085529327392578,0.4866485595703125,20.085529327392578,20.085500717163086,20.085500717163086,20.085500717163086,0.48512306809425354,20.085500717163086
39,2.051731586456299,-10.130980491638184,0.0616978295147419,0.049595870077610016,0.04836273565888405,0.052798155695199966,0.9882917404174805,0.9961339831352234,0.956548810005188,0.9955334067344666,0.9753277897834778,0.9970822930335999,0.9697698354721069,0.9963650703430176,2.0992841720581055,2.0436878204345703,0.7400436401367188,0.2649746835231781,0.08575867116451263,0.42254582047462463,-0.6037449240684509,0.8497332334518433,0.836251974105835,0.7032902240753174,0.760619580745697,0.8925693035125732,0.9619350433349609,0.9413260221481323,20.085529327392578,20.085529327392578,20.085529327392578,0.4885254502296448,20.085529327392578,20.085500717163086,20.085500717163086,20.085500717163086,0.487515389919281,20.085500717163086
40,2.1057024002075195,-10.14877986907959,0.06013718247413635,0.047263842076063156,0.0477786585688591,0.048958223313093185,0.9888983964920044,0.9964196085929871,0.9577335715293884,0.9961726069450378,0.9750917553901672,0.9962773323059082,0.970503568649292,0.9965139031410217,2.128709316253662,2.042820930480957,0.739037811756134,0.26562368869781494,0.08614358305931091,0.4218215048313141,-0.6093205213546753,0.8497127294540405,0.8345520496368408,0.7048395276069641,0.7668412923812866,0.9064179062843323,0.9631953835487366,0.9363903999328613,20.085529327392578,20.085529327392578,20.085529327392578,0.49039655923843384,20.085529327392578,20.085500717163086,20.085500717163086,20.085500717163086,0.48955053091049194,20.085500717163086
41,2.1030688285827637,-10.136258125305176,0.06071081385016441,0.04780271649360657,0.048283208161592484,0.05689908564090729,0.9887586236000061,0.9963843822479248,0.9570920467376709,0.9948421120643616,0.9756608605384827,0.9967790842056274,0.9703972935676575,0.9961546063423157,2.2733914852142334,2.1087400913238525,0.7400988936424255,0.26584717631340027,0.08634134382009506,0.4233127236366272,-0.6105348467826843,0.8499584794044495,0.8338379859924316,0.7014956474304199,0.7676473259925842,0.9103814363479614,0.9659978151321411,0.9476478099822998,20.085529327392578,20.085529327392578,20.085529327392578,0.4922540783882141,20.085529327392578,20.085500717163086,20.085500717163086,20.085500717163086,0.49128586053848267,20.085500717163086
42,2.1517293453216553,-10.154070854187012,0.05824246257543564,0.04748087376356125,0.0480523444712162,0.05173053964972496,0.9895337820053101,0.9964139461517334,0.9573588371276855,0.9956364035606384,0.9758654832839966,0.996396005153656,0.970076322555542,0.9967553019523621,2.0740859508514404,2.330219030380249,0.7427029609680176,0.2659662365913391,0.08610202372074127,0.4400884509086609,-0.6192998290061951,0.8493639826774597,0.8348187208175659,0.6762150526046753,0.7615674734115601,0.9170459508895874,0.9668955206871033,0.9513959288597107,20.085529327392578,20.085529327392578,20.085529327392578,0.494149386882782,20.085529327392578,20.085500717163086,20.085500717163086,20.085500717163086,0.49318864941596985,20.085500717163086
43,2.1637468338012695,-10.154098510742188,0.05974269285798073,0.04844198375940323,0.048394761979579926,0.05232124403119087,0.98920738697052,0.9962987303733826,0.956714928150177,0.9954699277877808,0.9757004380226135,0.9970731139183044,0.9696617722511292,0.9961202144622803,2.00917649269104,2.056800127029419,0.739208459854126,0.26705366373062134,0.0859762579202652,0.4234076142311096,-0.6069610118865967,0.848917543888092,0.8353883028030396,0.7024611234664917,0.7670019268989563,0.9155747890472412,0.9671862125396729,0.939639687538147,20.085529327392578,20.085529327392578,20.085529327392578,0.4960593581199646,20.085529327392578,20.085500717163086,20.085500717163086,20.085500717163086,0.4950019419193268,20.085500717163086
44,2.1999149322509766,-10.165358543395996,0.05872880667448044,0.046265583485364914,0.04832920804619789,0.05215859413146973,0.9894628524780273,0.9965795874595642,0.9566476345062256,0.995762050151825,0.9757072329521179,0.9965614080429077,0.9708223938941956,0.996099054813385,2.3020241260528564,2.169217586517334,0.7410832047462463,0.26517602801322937,0.08590586483478546,0.42655476927757263,-0.608628511428833,0.8500486612319946,0.8359603881835938,0.6962924003601074,0.7626963257789612,0.9165077209472656,0.9666228890419006,0.9482077360153198,20.085529327392578,20.085529327392578,20.085529327392578,0.49707216024398804,20.085529327392578,20.085500717163086,20.085500717163086,20.085500717163086,0.49655431509017944,20.085500717163086
45,2.2155723571777344,-10.168998718261719,0.057618916034698486,0.04812000319361687,0.04762992262840271,0.05152427777647972,0.9897704124450684,0.9963429570198059,0.9578629732131958,0.995756208896637,0.9762247800827026,0.9978895783424377,0.969983696937561,0.996857762336731,2.249366283416748,2.1414177417755127,0.7418872117996216,0.26703551411628723,0.08596369624137878,0.4226710796356201,-0.6133352518081665,0.8487361669540405,0.8354556560516357,0.7030528783798218,0.7609305381774902,0.900534451007843,0.9661980271339417,0.9431043267250061,20.085529327392578,20.085529327392578,20.085529327392578,0.4980514645576477,20.085529327392578,20.085500717163086,20.085500717163086,20.085500717163086,0.49753931164741516,20.085500717163086
46,2.233870267868042,-10.165772438049316,0.058769796043634415,0.04901043698191643,0.04830782115459442,0.053257375955581665,0.9895139932632446,0.9962180256843567,0.9566636681556702,0.9954207539558411,0.9758638143539429,0.9947730898857117,0.9711623787879944,0.9964785575866699,2.306455612182617,2.1156787872314453,0.7395569682121277,0.2660071551799774,0.08606274425983429,0.4231394827365875,-0.6055988669395447,0.8495795726776123,0.8351694345474243,0.7020570635795593,0.7655375599861145,0.9111452102661133,0.9675570130348206,0.9421124458312988,20.085529327392578,20.085529327392578,20.085529327392578,0.499098002910614,20.085529327392578,20.085500717163086,20.085500717163086,20.085500717163086,0.4985702633857727,20.085500717163086
47,2.2529168128967285,-10.166465759277344,0.059474341571331024,0.04781144857406616,0.0478677861392498,0.05424561724066734,0.9892926216125488,0.996386706829071,0.9576990008354187,0.9952095150947571,0.9757648706436157,0.996838390827179,0.970596194267273,0.9959441423416138,2.324223279953003,2.1631369590759277,0.7400143146514893,0.2658816874027252,0.08603747934103012,0.4263661801815033,-0.6072640419006348,0.8498531579971313,0.8350598812103271,0.6969074010848999,0.7664351463317871,0.9166160821914673,0.966812014579773,0.9449840784072876,20.085529327392578,20.085529327392578,20.085529327392578,0.5001276135444641,20.085529327392578,20.085500717163086,20.085500717163086,20.085500717163086,0.49961036443710327,20.085500717163086
48,2.266066074371338,-10.167425155639648,0.05769607797265053,0.049031008034944534,0.047391459345817566,0.05554846301674843,0.9897964000701904,0.9961564540863037,0.9582375288009644,0.994933545589447,0.9760921001434326,0.9968337416648865,0.9713204503059387,0.9962489604949951,2.3462395668029785,2.194065570831299,0.7390042543411255,0.2665517032146454,0.08601175248622894,0.42881712317466736,-0.6052979230880737,0.8486976027488708,0.8351173996925354,0.6968993544578552,0.7658095955848694,0.9015256762504578,0.9617023468017578,0.931799054145813,20.085529327392578,20.085529327392578,20.085529327392578,0.5011723041534424,20.085529327392578,20.085500717163086,20.085500717163086,20.085500717163086,0.5006429553031921,20.085500717163086
49,2.2803494930267334,-10.179169654846191,0.05783460661768913,0.04782959446310997,0.0475926510989666,0.05238386243581772,0.9897975921630859,0.9963452219963074,0.9581106901168823,0.9956234097480774,0.9760183095932007,0.997124433517456,0.9706835150718689,0.996272087097168,2.2466020584106445,2.1330173015594482,0.7396813631057739,0.26638707518577576,0.0860804095864296,0.42501896619796753,-0.6051229238510132,0.848961353302002,0.8349595665931702,0.7011390924453735,0.7657107710838318,0.9033864736557007,0.9630718231201172,0.9366869330406189,20.085529327392578,20.085529327392578,20.085529327392578,0.501690685749054,20.085529327392578,20.085500717163086,20.085500717163086,20.085500717163086,0.5014240741729736,20.085500717163086
50,2.2918858528137207,-10.181659698486328,0.05860874056816101,0.04740667715668678,0.04747554287314415,0.050481218844652176,0.9895274639129639,0.9964212775230408,0.9581810235977173,0.9958176612854004,0.9758715033531189,0.997573733329773,0.9707268476486206,0.9964080452919006,2.270087718963623,2.114035129547119,0.73955237865448,0.26605328917503357,0.08609671145677567,0.42329081892967224,-0.6046485304832458,0.8491345643997192,0.8349117040634155,0.7028412818908691,0.7652355432510376,0.9046257138252258,0.9631231427192688,0.9380006790161133,20.085529327392578,20.085529327392578,20.085529327392578,0.5022333860397339,20.085529327392578,20.085500717163086,20.085500717163086,20.085500717163086,0.5019561052322388,20.085500717163086
51,2.300100088119507,-10.182090759277344,0.057787492871284485,0.04627521336078644,0.047738298773765564,0.052278149873018265,0.9897785782814026,0.996543824672699,0.9577851295471191,0.9954667091369629,0.9762849807739258,0.9972069263458252,0.9705150127410889,0.9959136843681335,2.306908369064331,2.1354920864105225,0.7400843501091003,0.2662111818790436,0.08614660799503326,0.4230501055717468,-0.6063216328620911,0.8489413857460022,0.8347779512405396,0.7027182579040527,0.7664034366607666,0.9040891528129578,0.9638710618019104,0.9416119456291199,20.085529327392578,20.085529327392578,20.085529327392578,0.5027255415916443,20.085529327392578,20.085500717163086,20.085500717163086,20.085500717163086,0.502480685710907,20.085500717163086
52,2.308736801147461,-10.185123443603516,0.05685887485742569,0.04634803533554077,0.04810398817062378,0.05317192152142525,0.9900410771369934,0.9966238737106323,0.957144021987915,0.9954878687858582,0.9762376546859741,0.9964029788970947,0.9706913828849792,0.9962839484214783,2.2956364154815674,2.1347572803497314,0.7403344511985779,0.2661484479904175,0.08611243218183517,0.4229045510292053,-0.6074316501617432,0.8487750291824341,0.8349148631095886,0.7025616765022278,0.7663885951042175,0.9010582566261292,0.9648371934890747,0.9408347010612488,20.085529327392578,20.085529327392578,20.085529327392578,0.5032691359519958,20.085529327392578,20.085500717163086,20.085500717163086,20.085500717163086,0.5030166506767273,20.085500717163086
53,2.3128910064697266,-10.183501243591309,0.0569990798830986,0.04687513783574104,0.04768374189734459,0.05357736349105835,0.990160346031189,0.9965342879295349,0.9579727053642273,0.9953340888023376,0.976249635219574,0.9966317415237427,0.971381664276123,0.9961585998535156,2.289991855621338,2.1393141746520996,0.7402573227882385,0.26585736870765686,0.08620098978281021,0.42325592041015625,-0.6076059937477112,0.8490412831306458,0.8346377611160278,0.7016565799713135,0.767217218875885,0.9050045609474182,0.9652113318443298,0.9445008039474487,20.085529327392578,20.085529327392578,20.085529327392578,0.5037809610366821,20.085529327392578,20.085500717163086,20.085500717163086,20.085500717163086,0.5035338401794434,20.085500717163086
54,2.3156375885009766,-10.18502140045166,0.05781376734375954,0.04753447696566582,0.047728851437568665,0.052436161786317825,0.9898043274879456,0.9964423775672913,0.9579011797904968,0.9954167008399963,0.9762930274009705,0.9959216117858887,0.9707212448120117,0.9961207509040833,2.3027780055999756,2.1463193893432617,0.7405742406845093,0.26586148142814636,0.0861934944987297,0.42331546545028687,-0.6085930466651917,0.8492865562438965,0.8345657587051392,0.7016123533248901,0.7670871615409851,0.9072121381759644,0.9653817415237427,0.9444960951805115,20.085529327392578,20.085529327392578,20.085529327392578,0.5040538311004639,20.085529327392578,20.085500717163086,20.085500717163086,20.085500717163086,0.5039212107658386,20.085500717163086
55,2.3266475200653076,-10.181708335876465,0.05656566843390465,0.04551506042480469,0.047676537185907364,0.05843387171626091,0.9903069734573364,0.9966755509376526,0.9578421711921692,0.9944126009941101,0.9763425588607788,0.9975622892379761,0.9704599380493164,0.9952651262283325,2.333789825439453,2.1449763774871826,0.7398539781570435,0.26642826199531555,0.0861925333738327,0.4234493374824524,-0.6065715551376343,0.8487651944160461,0.8345646858215332,0.7026028037071228,0.7662715315818787,0.9016491174697876,0.9632014036178589,0.937324047088623,20.085529327392578,20.085529327392578,20.085529327392578,0.5043259859085083,20.085529327392578,20.085500717163086,20.085500717163086,20.085500717163086,0.5041919946670532,20.085500717163086
56,2.3376474380493164,-10.193378448486328,0.05627617985010147,0.047594718635082245,0.047383006662130356,0.050818685442209244,0.9903204441070557,0.996427059173584,0.9583470821380615,0.995732843875885,0.9762799739837646,0.9967625737190247,0.9706291556358337,0.9966080188751221,2.3531174659729004,2.162743091583252,0.7408459186553955,0.2663830816745758,0.08613179624080658,0.4231404662132263,-0.609222412109375,0.848986029624939,0.834862470626831,0.7019553184509277,0.7661358118057251,0.9050559997558594,0.9652522802352905,0.9422115087509155,20.085529327392578,20.085529327392578,20.085529327392578,0.504599928855896,20.085529327392578,20.085500717163086,20.085500717163086,20.085500717163086,0.504469633102417,20.085500717163086
57,2.3384060859680176,-10.187958717346191,0.05609145015478134,0.046210482716560364,0.0477437824010849,0.055458974093198776,0.9902480244636536,0.9965919852256775,0.9577431678771973,0.9950512051582336,0.9763727784156799,0.9966890811920166,0.9710590243339539,0.9956115484237671,2.343583106994629,2.147881269454956,0.7401164770126343,0.26661473512649536,0.08613033592700958,0.42304128408432007,-0.6081142425537109,0.8488800525665283,0.8348595499992371,0.7028002738952637,0.7667640447616577,0.9065589308738708,0.9644042253494263,0.9386135339736938,20.085529327392578,20.085529327392578,20.085529327392578,0.5048719644546509,20.085529327392578,20.085500717163086,20.085500717163086,20.085500717163086,0.5047376751899719,20.085500717163086
58,2.3443076610565186,-10.1957426071167,0.056393031030893326,0.04561245068907738,0.04786870256066322,0.05203380435705185,0.9903402328491211,0.9967018365859985,0.9578355550765991,0.9957298040390015,0.9761812686920166,0.9967846274375916,0.9710385203361511,0.9963981509208679,2.350843906402588,2.166900157928467,0.7411834001541138,0.266162633895874,0.08621331304311752,0.42291098833084106,-0.6097820997238159,0.848883867263794,0.834578275680542,0.7024179697036743,0.7662062644958496,0.90334153175354,0.964812159538269,0.9428503513336182,20.085529327392578,20.085529327392578,20.085529327392578,0.5051358938217163,20.085529327392578,20.085500717163086,20.085500717163086,20.085500717163086,0.5050044059753418,20.085500717163086
59,2.346221685409546,-10.189030647277832,0.05730240046977997,0.04759649187326431,0.047175332903862,0.05362692102789879,0.9899593591690063,0.9963962435722351,0.9585645198822021,0.995313286781311,0.9762169122695923,0.9965839982032776,0.9710149168968201,0.9960087537765503,2.36777400970459,2.1486563682556152,0.7398730516433716,0.26625511050224304,0.08618230372667313,0.4229666292667389,-0.6071033477783203,0.848982572555542,0.8346543312072754,0.7027467489242554,0.7669050693511963,0.9051098823547363,0.9645479917526245,0.9401741623878479,20.085529327392578,20.085529327392578,20.085529327392578,0.5052701830863953,20.085529327392578,20.085500717163086,20.085500717163086,20.085500717163086,0.5052053928375244,20.085500717163086
60,2.3514411449432373,-10.196001052856445,0.05711379274725914,0.04609319940209389,0.04816098511219025,0.052225206047296524,0.9900679588317871,0.9966174960136414,0.9572456479072571,0.9957733750343323,0.9761146903038025,0.9965400695800781,0.9704335927963257,0.9965780377388,2.3434817790985107,2.1521613597869873,0.7402905821800232,0.2661246657371521,0.08615144342184067,0.4229812026023865,-0.6094294190406799,0.8490714430809021,0.834796667098999,0.7023451328277588,0.7676854729652405,0.90520179271698,0.9647718667984009,0.9415009617805481,20.085529327392578,20.085529327392578,20.085529327392578,0.505407452583313,20.085529327392578,20.085500717163086,20.085500717163086,20.085500717163086,0.5053408741950989,20.085500717163086
61,2.350557804107666,-10.196830749511719,0.056686557829380035,0.04571029543876648,0.04656575620174408,0.05219786986708641,0.9901268482208252,0.9966144561767578,0.9596669673919678,0.9957419037818909,0.9759514927864075,0.9975606799125671,0.9718106985092163,0.9963656663894653,2.3483595848083496,2.1585724353790283,0.7405645251274109,0.2661934196949005,0.08618728816509247,0.42310985922813416,-0.6085429787635803,0.8488681316375732,0.8346413373947144,0.7022402286529541,0.7667664885520935,0.904415488243103,0.9647310972213745,0.9414249658584595,20.085529327392578,20.085529327392578,20.085529327392578,0.5055387616157532,20.085529327392578,20.085500717163086,20.085500717163086,20.085500717163086,0.5054726004600525,20.085500717163086
62,2.351480007171631,-10.196839332580566,0.056907810270786285,0.04563423618674278,0.047652147710323334,0.05033893510699272,0.9901041984558105,0.9966954588890076,0.9577655792236328,0.9959168434143066,0.9762495756149292,0.9967581033706665,0.9705403447151184,0.9966647624969482,2.3313088417053223,2.150095224380493,0.7403103709220886,0.2662867605686188,0.0861678197979927,0.42297592759132385,-0.608130693435669,0.8488486409187317,0.8347246646881104,0.7025144696235657,0.7670167684555054,0.9050604104995728,0.9647642374038696,0.9409170150756836,20.085529327392578,20.085529327392578,20.085529327392578,0.5056688189506531,20.085529327392578,20.085500717163086,20.085500717163086,20.085500717163086,0.5056034922599792,20.085500717163086
63,2.3516323566436768,-10.193580627441406,0.05753506347537041,0.045958857983350754,0.04680269584059715,0.052616819739341736,0.9899522066116333,0.9966392517089844,0.9594106674194336,0.9955549836158752,0.9763045310974121,0.99623042345047,0.9715321063995361,0.9963892698287964,2.3352856636047363,2.152218818664551,0.7404176592826843,0.2660163938999176,0.08617039024829865,0.42304354906082153,-0.6091192960739136,0.8490638732910156,0.8347290754318237,0.7021229267120361,0.7670605182647705,0.9053197503089905,0.9647298455238342,0.9415337443351746,20.085529327392578,20.085529327392578,20.085529327392578,0.5057962536811829,20.085529327392578,20.085500717163086,20.085500717163086,20.085500717163086,0.5057268738746643,20.085500717163086
64,2.3545868396759033,-10.20266056060791,0.05760817229747772,0.04404188320040703,0.04708395525813103,0.049454811960458755,0.9899492263793945,0.996884822845459,0.9588935971260071,0.99609375,0.9760554432868958,0.9976832270622253,0.9711942076683044,0.9964069128036499,2.337275266647339,2.1535024642944336,0.7402179837226868,0.2664072811603546,0.08621100336313248,0.4232863485813141,-0.6077646017074585,0.8487537503242493,0.8345248699188232,0.7025601863861084,0.7668227553367615,0.9045472145080566,0.9639419317245483,0.939099907875061,20.085529327392578,20.085529327392578,20.085529327392578,0.5058624148368835,20.085529327392578,20.085500717163086,20.085500717163086,20.085500717163086,0.5058281421661377,20.085500717163086
65,2.3567731380462646,-10.196456909179688,0.05709630623459816,0.046360161155462265,0.04774682968854904,0.05094871297478676,0.9900506734848022,0.9965731501579285,0.9577524065971375,0.9957749247550964,0.976520299911499,0.9964020848274231,0.9705100655555725,0.9965375661849976,2.363781452178955,2.1566009521484375,0.7402421236038208,0.26637357473373413,0.08619268983602524,0.4230315685272217,-0.6081013679504395,0.8488656878471375,0.834626317024231,0.7026137113571167,0.7670014500617981,0.9050627946853638,0.9643988013267517,0.9401015639305115,20.085529327392578,20.085529327392578,20.085529327392578,0.5059267282485962,20.085529327392578,20.085500717163086,20.085500717163086,20.085500717163086,0.5058953166007996,20.085500717163086
66,2.3554954528808594,-10.198521614074707,0.057013124227523804,0.044679492712020874,0.04795961454510689,0.05172846093773842,0.9901145696640015,0.9967843890190125,0.9572852253913879,0.9956937432289124,0.9762384295463562,0.9970116019248962,0.9703407883644104,0.996174693107605,2.3406624794006348,2.15716814994812,0.7404769659042358,0.26624780893325806,0.08619950711727142,0.4230957627296448,-0.6088710427284241,0.8489644527435303,0.834583044052124,0.7022159099578857,0.7672843337059021,0.9058940410614014,0.9650043845176697,0.9420608878135681,20.085529327392578,20.085529327392578,20.085529327392578,0.5059928297996521,20.085529327392578,20.085500717163086,20.085500717163086,20.085500717163086,0.5059570670127869,20.085500717163086
67,2.3588240146636963,-10.200345993041992,0.05690940096974373,0.04710244759917259,0.04725310578942299,0.04831302538514137,0.9901485443115234,0.9964677095413208,0.9587135910987854,0.9961215257644653,0.9761971235275269,0.9969160556793213,0.9713733196258545,0.9965614080429077,2.3437538146972656,2.1577954292297363,0.7402855157852173,0.26647308468818665,0.0861918032169342,0.4232603907585144,-0.6083692312240601,0.848667323589325,0.834621787071228,0.7024412751197815,0.7671365737915039,0.9037045240402222,0.9641349911689758,0.939444363117218,20.085529327392578,20.085529327392578,20.085529327392578,0.5060583353042603,20.085529327392578,20.085500717163086,20.085500717163086,20.085500717163086,0.5060268044471741,20.085500717163086
68,2.3582401275634766,-10.195225715637207,0.056809570640325546,0.04590129479765892,0.047436729073524475,0.053225964307785034,0.990139365196228,0.9966285228729248,0.9581878185272217,0.9954802393913269,0.976250171661377,0.9969413876533508,0.9709060192108154,0.9961339831352234,2.3495256900787354,2.1590116024017334,0.7404079437255859,0.266314834356308,0.08619582653045654,0.423117458820343,-0.6085390448570251,0.8488420248031616,0.8346071243286133,0.7024155855178833,0.7672387957572937,0.9040675163269043,0.9647709727287292,0.9411429166793823,20.085529327392578,20.085529327392578,20.085529327392578,0.5061245560646057,20.085529327392578,20.085500717163086,20.085500717163086,20.085500717163086,0.5060914754867554,20.085500717163086
69,2.3596279621124268,-10.193401336669922,0.056560419499874115,0.04664267972111702,0.04781922698020935,0.053418632596731186,0.9902774095535278,0.9965586066246033,0.9577590227127075,0.9953445196151733,0.9764445424079895,0.9963902235031128,0.9704988598823547,0.9961943030357361,2.3580985069274902,2.1580655574798584,0.7403777837753296,0.266226589679718,0.08619855344295502,0.4229997992515564,-0.608403742313385,0.8488717675209045,0.8346242308616638,0.7024508714675903,0.7669198513031006,0.9039362072944641,0.9642485976219177,0.9406667947769165,20.085529327392578,20.085529327392578,20.085529327392578,0.5061571002006531,20.085529327392578,20.085500717163086,20.085500717163086,20.085500717163086,0.5061399936676025,20.085500717163086
70,2.3606088161468506,-10.199203491210938,0.056313324719667435,0.046905484050512314,0.047533269971609116,0.05146225169301033,0.9902992248535156,0.9965142607688904,0.9583616852760315,0.9958270788192749,0.9761291146278381,0.9968417286872864,0.9709615111351013,0.9962778091430664,2.356693744659424,2.1621384620666504,0.7405732274055481,0.26634112000465393,0.0862448662519455,0.4230472147464752,-0.6092055439949036,0.8488655686378479,0.8344155550003052,0.7023702263832092,0.7670232057571411,0.9059211611747742,0.9648575186729431,0.941087007522583,20.085529327392578,20.085529327392578,20.085529327392578,0.5061894059181213,20.085529327392578,20.085500717163086,20.085500717163086,20.085500717163086,0.5061736702919006,20.085500717163086
71,2.361668586730957,-10.198248863220215,0.05683641880750656,0.04741400107741356,0.0473017692565918,0.05035083740949631,0.9901838898658752,0.9964753985404968,0.9586352705955505,0.9959757328033447,0.9763290286064148,0.9965367913246155,0.9711849093437195,0.996547281742096,2.356834650039673,2.1582021713256836,0.7403600811958313,0.266299843788147,0.08620576560497284,0.4230179786682129,-0.6082020401954651,0.8488316535949707,0.834598183631897,0.702433705329895,0.7668879628181458,0.9047076106071472,0.9644612073898315,0.9401703476905823,20.085529327392578,20.085529327392578,20.085529327392578,0.5062210559844971,20.085529327392578,20.085500717163086,20.085500717163086,20.085500717163086,0.5062050819396973,20.085500717163086
72,2.3630809783935547,-10.196146011352539,0.05703805759549141,0.0466584786772728,0.047384895384311676,0.05188024789094925,0.9900352954864502,0.9965490102767944,0.9585252404212952,0.995707631111145,0.9763755798339844,0.99718177318573,0.971161961555481,0.9965841770172119,2.3668713569641113,2.1626007556915283,0.740460991859436,0.2663983702659607,0.08621221035718918,0.42303624749183655,-0.6085515022277832,0.8488140106201172,0.834563136100769,0.702485978603363,0.7669101357460022,0.9046602845191956,0.9646130204200745,0.9410394430160522,20.085529327392578,20.085529327392578,20.085529327392578,0.5062530636787415,20.085529327392578,20.085500717163086,20.085500717163086,20.085500717163086,0.5062374472618103,20.085500717163086
73,2.361922025680542,-10.20620059967041,0.05717695131897926,0.045515142381191254,0.047519806772470474,0.04669783636927605,0.990105390548706,0.9966868162155151,0.9580507874488831,0.9962522983551025,0.9762182831764221,0.9967110753059387,0.9708683490753174,0.9966834783554077,2.3527443408966064,2.1560916900634766,0.7403528690338135,0.2663101255893707,0.08620336651802063,0.42298492789268494,-0.6080013513565063,0.8488177061080933,0.8346142768859863,0.702612042427063,0.7667190432548523,0.9038581848144531,0.9643857479095459,0.9397956132888794,20.085529327392578,20.085529327392578,20.085529327392578,0.5062867999076843,20.085529327392578,20.085500717163086,20.085500717163086,20.085500717163086,0.5062688589096069,20.085500717163086
74,2.3633358478546143,-10.196880340576172,0.05673165246844292,0.04615539312362671,0.04792553558945656,0.05257522314786911,0.9900510311126709,0.9965987205505371,0.9575790166854858,0.995572566986084,0.9763756394386292,0.9969732165336609,0.9708701968193054,0.9962146878242493,2.3418755531311035,2.156560182571411,0.7404524087905884,0.26632410287857056,0.08617841452360153,0.4230263829231262,-0.6085718870162964,0.8488359451293945,0.8346894383430481,0.7024915814399719,0.7669548988342285,0.9048428535461426,0.9646291732788086,0.9405776858329773,20.085529327392578,20.085529327392578,20.085529327392578,0.506303071975708,20.085529327392578,20.085500717163086,20.085500717163086,20.085500717163086,0.5062941908836365,20.085500717163086
75,2.364304780960083,-10.197647094726562,0.0583307147026062,0.04585893452167511,0.047531936317682266,0.05065319314599037,0.9895302653312683,0.9966868162155151,0.9580056667327881,0.9958809614181519,0.9760123491287231,0.9970406889915466,0.9706447720527649,0.9965255260467529,2.349278450012207,2.161252021789551,0.7405838370323181,0.26633724570274353,0.08620709925889969,0.423083633184433,-0.6090784072875977,0.8488432168960571,0.8345727920532227,0.702386736869812,0.7670407295227051,0.9052961468696594,0.9648314714431763,0.9409816265106201,20.085529327392578,20.085529327392578,20.085529327392578,0.5063197612762451,20.085529327392578,20.085500717163086,20.085500717163086,20.085500717163086,0.5063115954399109,20.085500717163086
76,2.3640735149383545,-10.194892883300781,0.05720105767250061,0.0467701330780983,0.047852128744125366,0.05259118229150772,0.9900018572807312,0.9965547323226929,0.957752525806427,0.9956381916999817,0.9763071537017822,0.9967281818389893,0.9708830714225769,0.9962799549102783,2.3428609371185303,2.1602938175201416,0.7405363917350769,0.2663816809654236,0.08622266352176666,0.42312151193618774,-0.6090734004974365,0.8488433361053467,0.8345181345939636,0.7023147344589233,0.7672421932220459,0.9046655297279358,0.964694619178772,0.9413781762123108,20.085529327392578,20.085529327392578,20.085529327392578,0.5063356161117554,20.085529327392578,20.085500717163086,20.085500717163086,20.085500717163086,0.5063275694847107,20.085500717163086
77,2.364342212677002,-10.196832656860352,0.057724714279174805,0.04754265397787094,0.04754345864057541,0.05048169940710068,0.9899052977561951,0.9964402914047241,0.9582118391990662,0.9959130883216858,0.9761635661125183,0.9960974454879761,0.9708596467971802,0.9963163733482361,2.3566031455993652,2.160334348678589,0.7404168248176575,0.26635491847991943,0.08621381223201752,0.4230468273162842,-0.608668863773346,0.8488256335258484,0.8345285654067993,0.702414870262146,0.7671858072280884,0.9050255417823792,0.9645830988883972,0.9409677386283875,20.085529327392578,20.085529327392578,20.085529327392578,0.5063520669937134,20.085529327392578,20.085500717163086,20.085500717163086,20.085500717163086,0.5063437223434448,20.085500717163086
78,2.3635575771331787,-10.196937561035156,0.05647820234298706,0.04568975418806076,0.04729382321238518,0.05209680646657944,0.9902375936508179,0.9966718554496765,0.9584667086601257,0.9954439401626587,0.97664475440979,0.996955931186676,0.9709751605987549,0.9961152076721191,2.341881513595581,2.1560423374176025,0.7403882741928101,0.2663344144821167,0.08621318638324738,0.42301997542381287,-0.6082596778869629,0.8488125801086426,0.8345664739608765,0.7024573087692261,0.7669762372970581,0.9047985076904297,0.9646076560020447,0.9403331875801086,20.085529327392578,20.085529327392578,20.085529327392578,0.5063673257827759,20.085529327392578,20.085500717163086,20.085500717163086,20.085500717163086,0.5063596963882446,20.085500717163086
79,2.3652331829071045,-10.204931259155273,0.05607810616493225,0.04723289608955383,0.04724128544330597,0.048044491559267044,0.9904711246490479,0.9964931607246399,0.9586081504821777,0.9962840676307678,0.9765496253967285,0.9964280128479004,0.9708849191665649,0.9967697858810425,2.360041856765747,2.1595005989074707,0.7403519153594971,0.26638880372047424,0.08618894219398499,0.42303600907325745,-0.6082980632781982,0.8488091230392456,0.8346425890922546,0.7024782299995422,0.7670468688011169,0.9047369360923767,0.9647277593612671,0.9402236938476562,20.085529327392578,20.085529327392578,20.085529327392578,0.5063750743865967,20.085529327392578,20.085500717163086,20.085500717163086,20.085500717163086,0.506371021270752,20.085500717163086
