epoch,loss,mae_coa_phase,mae_declination,mae_mchirp,mae_merger_time,mae_ra,mae_snr,r2_coa_phase,r2_declination,r2_mchirp,r2_merger_time,r2_ra,r2_snr,std_ratio_coa_phase,std_ratio_declination,std_ratio_mchirp,std_ratio_merger_time,std_ratio_ra,std_ratio_snr,val_loss,val_mae_coa_phase,val_mae_declination,val_mae_mchirp,val_mae_merger_time,val_mae_ra,val_mae_snr,val_r2_coa_phase,val_r2_declination,val_r2_mchirp,val_r2_merger_time,val_r2_ra,val_r2_snr,val_std_ratio_coa_phase,val_std_ratio_declination,val_std_ratio_mchirp,val_std_ratio_merger_time,val_std_ratio_ra,val_std_ratio_snr,val_weight_coa_phase,val_weight_declination,val_weight_mchirp,val_weight_merger_time,val_weight_ra,val_weight_snr,weight_coa_phase,weight_declination,weight_mchirp,weight_merger_time,weight_ra,weight_snr
0,2.4817936420440674,0.9854016304016113,0.2560350298881531,1.284769058227539,0.29772233963012695,0.9517796635627747,0.9768621325492859,-1.9183109998703003,-1.1223175525665283,-4.489620208740234,-0.5709985494613647,-1.7404773235321045,-0.5195069313049316,0.6213675141334534,1.0607737302780151,2.1278135776519775,0.7614054083824158,1.085196852684021,0.888373076915741,1.5332106351852417,0.9939227104187012,0.19175806641578674,0.8442326784133911,0.262645959854126,0.9853584170341492,0.7411580085754395,-1.9856513738632202,-0.1795191764831543,-0.063934326171875,-0.2034461498260498,-1.9549821615219116,0.2060355544090271,0.0,0.27665287256240845,0.22917354106903076,0.18638496100902557,1.405996322631836,0.3460603356361389,1.1864012479782104,1.218644380569458,1.020279049873352,1.218570590019226,1.2105798721313477,1.1636083126068115,1.0959060192108154,1.1064304113388062,0.9992192983627319,1.1062661409378052,1.106108546257019,1.0609970092773438
1,1.2247344255447388,1.0028712749481201,0.21247540414333344,0.8160135746002197,0.25837159156799316,1.0032331943511963,0.706878662109375,-2.011399507522583,-0.4474372863769531,-0.020627975463867188,-0.1319509744644165,-2.011569023132324,0.229606032371521,0.0003452697128523141,0.6627359390258789,0.6172555685043335,0.4794996976852417,1.3687858581542969,0.812056839466095,0.807742714881897,0.993923008441925,0.23024627566337585,0.7627760767936707,0.23260712623596191,1.0114929676055908,0.6435636878013611,-1.9856529235839844,-0.6645427942276001,0.14115548133850098,0.08906292915344238,-2.0098953247070312,0.3635985851287842,0.0,0.24004650115966797,0.4687856435775757,0.24657732248306274,0.0,0.683212399482727,1.3563730716705322,1.4841500520706177,1.1007882356643677,1.4839582443237305,1.36369788646698,1.4415847063064575,1.2728880643844604,1.3478033542633057,1.057732105255127,1.3476547002792358,1.289438247680664,1.298439383506775
2,0.4891689121723175,1.0027397871017456,0.20589135587215424,0.7509272694587708,0.21271160244941711,0.9991412162780762,0.6345033645629883,-2.011399507522583,-0.3610861301422119,0.12467873096466064,0.19863605499267578,-1.996519684791565,0.372805118560791,0.0,0.610332190990448,0.6585496068000793,0.5575800538063049,0.0,0.8279553651809692,0.3503531217575073,0.9939231872558594,0.1919357180595398,0.6352168321609497,0.1577085256576538,1.0114929676055908,0.841666579246521,-1.9856542348861694,-0.16413402557373047,0.38642972707748413,0.5001928806304932,-2.0098953247070312,0.010525882244110107,0.0,0.2672351598739624,0.5371069312095642,0.643121063709259,0.0,0.8446259498596191,1.4788177013397217,1.8048127889633179,1.2175076007843018,1.8089673519134521,1.4825937747955322,1.7589061260223389,1.4255253076553345,1.6400965452194214,1.1559683084487915,1.641543984413147,1.4274156093597412,1.5989495515823364
3,-0.27288568019866943,1.0024529695510864,0.2027493119239807,0.6394737362861633,0.16210614144802094,0.9992480874061584,0.5786360502243042,-2.011399269104004,-0.3099418878555298,0.3419703245162964,0.4991256594657898,-1.9965194463729858,0.4768807888031006,0.0,0.5833678841590881,0.729491651058197,0.7803729772567749,0.0,0.8393301367759705,-0.532924473285675,0.9939231872558594,0.2835043668746948,0.47405844926834106,0.1311263144016266,1.0114929676055908,0.6644749045372009,-1.9856542348861694,-1.4358673095703125,0.6232013702392578,0.6512817144393921,-2.0098953247070312,0.34317755699157715,0.0,0.22290922701358795,0.7899258732795715,0.8312365412712097,0.0,0.9303725957870483,1.5485029220581055,2.191565752029419,1.3847283124923706,2.2080862522125244,1.5542069673538208,2.134291887283325,1.5181920528411865,1.9934734106063843,1.2961848974227905,2.0031347274780273,1.5223966836929321,1.9412164688110352
4,-1.0238922834396362,1.0026013851165771,0.1922394335269928,0.5426242351531982,0.14471828937530518,0.9990208745002747,0.531644880771637,-2.011399507522583,-0.15894627571105957,0.5156415700912476,0.5914206504821777,-1.9965187311172485,0.5563783645629883,0.0,0.4705076515674591,0.8300825357437134,0.8507633805274963,0.0,0.8538746237754822,-1.4574100971221924,0.9939231872558594,0.19599004089832306,0.5670018792152405,0.11342908442020416,1.0114929676055908,0.43248963356018066,-1.9856542348861694,-0.20767343044281006,0.49205994606018066,0.7341408729553223,-2.0098953247070312,0.6951686143875122,0.0,0.23516680300235748,0.8034287095069885,0.8816139101982117,0.0,0.8709526658058167,1.5804365873336792,2.660799026489258,1.6111681461334229,2.6925604343414307,1.586379885673523,2.575849771499634,1.5681620836257935,2.419752597808838,1.493330717086792,2.443614959716797,1.5741199254989624,2.345000982284546
5,-1.7311491966247559,1.0024410486221313,0.19448155164718628,0.4762115180492401,0.13338766992092133,0.998875617980957,0.4962640106678009,-2.0113987922668457,-0.187721848487854,0.6214063167572021,0.6486197113990784,-1.9965192079544067,0.612673819065094,0.0,0.5121933221817017,0.8753167986869812,0.8898574709892273,0.0,0.8642901182174683,-2.0312588214874268,0.9939231872558594,0.20476099848747253,0.552271842956543,0.12880727648735046,1.0114929676055908,0.4498351514339447,-1.9856542348861694,-0.35964930057525635,0.5665794610977173,0.6678358316421509,-2.0098953247070312,0.680803656578064,0.0,0.2431972175836563,0.9225151538848877,0.9015810489654541,0.0,0.8796443343162537,1.5913991928100586,3.222992420196533,1.9032514095306396,3.2801194190979004,1.5995073318481445,3.0795435905456543,1.5858968496322632,2.9343199729919434,1.7528187036514282,2.97823166847229,1.5917398929595947,2.829008102416992
6,-2.425537586212158,1.0029646158218384,0.18691259622573853,0.4307713806629181,0.12380541861057281,0.9991076588630676,0.46397390961647034,-2.011399984359741,-0.08881258964538574,0.6861567497253418,0.6965134739875793,-1.9965194463729858,0.65972900390625,0.0,0.4442906081676483,0.9027132391929626,0.9165388941764832,0.0,0.8668137192726135,-2.2496962547302246,0.9939231872558594,0.17538805305957794,0.6651773452758789,0.10260699689388275,1.0114929676055908,0.5514642000198364,-1.9856542348861694,0.053994834423065186,0.45610785484313965,0.7805339097976685,-2.0098953247070312,0.536801815032959,0.0,0.2910364270210266,0.8504923582077026,0.9363293647766113,0.0,0.9097033143043518,1.591507077217102,3.9017481803894043,2.258270740509033,3.9929184913635254,1.6003427505493164,3.6590561866760254,1.5924474000930786,3.5538737773895264,2.073641300201416,3.6266679763793945,1.6031286716461182,3.366732597351074
7,-3.0554563999176025,1.0027471780776978,0.18704357743263245,0.38419103622436523,0.11373355239629745,0.9986993670463562,0.45827165246009827,-2.011399269104004,-0.0960160493850708,0.7456321716308594,0.7425276041030884,-1.9965194463729858,0.6699972748756409,0.0,0.47406911849975586,0.91569983959198,0.917063295841217,0.0,0.8779195547103882,-3.2628142833709717,0.9939231872558594,0.17432691156864166,0.3103276193141937,0.08920155465602875,1.0114929676055908,0.5261797308921814,-1.9856539964675903,0.06280303001403809,0.8239345550537109,0.8273632526397705,-2.0098953247070312,0.5718966722488403,0.0,0.2575846016407013,0.8901124000549316,0.9503864645957947,0.0,0.8715124130249023,1.5961683988571167,4.711192607879639,2.6977999210357666,4.8586530685424805,1.6015748977661133,4.225770473480225,1.5936208963394165,4.297013759613037,2.4698729515075684,4.414201259613037,1.600600004196167,3.962031841278076
8,-3.6941511631011963,1.0028918981552124,0.18842805922031403,0.3505454659461975,0.10992956161499023,0.9986696243286133,0.4349023401737213,-2.0113983154296875,-0.10752356052398682,0.7846999764442444,0.7583931088447571,-1.9965192079544067,0.7010648250579834,0.0,0.49620887637138367,0.9244639873504639,0.925757110118866,0.0,0.8803644776344299,-4.182394981384277,0.9939231872558594,0.2105417251586914,0.2557176947593689,0.09093862771987915,1.0114929676055908,0.39225733280181885,-1.9856539964675903,-0.4360840320587158,0.875718355178833,0.8231305480003357,-2.0098953247070312,0.7527707815170288,0.0,0.2782355844974518,0.9510551691055298,1.0168144702911377,0.0,0.8947300910949707,1.596027135848999,5.672425270080566,3.232736587524414,5.904419422149658,1.5995633602142334,4.85421895980835,1.593679666519165,5.180218696594238,2.9563300609588623,5.367543697357178,1.6033371686935425,4.5543999671936035
9,-4.284092426300049,1.002741813659668,0.1844230741262436,0.3233935236930847,0.10387639701366425,0.9994532465934753,0.4258945882320404,-2.011399745941162,-0.0617598295211792,0.8135213255882263,0.7832682728767395,-1.9965189695358276,0.714164674282074,0.0,0.4790407121181488,0.9346950650215149,0.9426171779632568,0.0,0.8778980374336243,-4.7549848556518555,0.9939231872558594,0.17164412140846252,0.2604063153266907,0.0832037627696991,1.0114929676055908,0.4018476903438568,-1.9856539964675903,0.10099047422409058,0.8736355304718018,0.8503742218017578,-2.0098953247070312,0.7399348616600037,0.0,0.3258507549762726,0.9336377382278442,0.9845100045204163,0.0,0.9038563370704651,1.593222737312317,6.815837860107422,3.8690733909606934,7.170594215393066,1.6003305912017822,5.492007732391357,1.594902515411377,6.230533123016357,3.544740676879883,6.519916534423828,1.6032140254974365,5.176156997680664
10,-4.790472507476807,1.0025465488433838,0.18103739619255066,0.3250042796134949,0.1025446280837059,0.9990326762199402,0.41996100544929504,-2.0113987922668457,-0.015838623046875,0.815834105014801,0.7880172729492188,-1.9965183734893799,0.7212843894958496,0.0,0.433700293302536,0.9467199444770813,0.941861093044281,0.0,0.8877555727958679,-5.038329124450684,0.9939231872558594,0.2397521436214447,0.3173665404319763,0.10467487573623657,1.0114929676055908,0.38379108905792236,-1.9856539964675903,-0.8038598299026489,0.8459663391113281,0.7757719159126282,-2.0098953247070312,0.7611516118049622,0.0,0.2706449627876282,0.9768240451812744,0.9684112071990967,0.0,0.884857714176178,1.588271141052246,8.170614242553711,4.585606575012207,8.694845199584961,1.597415804862976,6.072344779968262,1.5961472988128662,7.477254390716553,4.230103015899658,7.912163734436035,1.6010653972625732,5.779567718505859
11,-5.28635311126709,1.0029934644699097,0.1841728389263153,0.2925495505332947,0.09591992199420929,0.999125599861145,0.42252397537231445,-2.0113987922668457,-0.06704521179199219,0.8441334366798401,0.8141067624092102,-1.996518850326538,0.7176268100738525,0.0003452697128523141,0.49896207451820374,0.9438478946685791,0.9332510232925415,0.0,0.8954874277114868,-5.819423675537109,0.9939231872558594,0.1706593930721283,0.23788759112358093,0.09043626487255096,1.0114929676055908,0.38862377405166626,-1.9856538772583008,0.10953378677368164,0.8994156718254089,0.8275765180587769,-2.0098953247070312,0.7602197527885437,0.0004882875946350396,0.3544766902923584,0.9429160952568054,0.9912400245666504,0.0,0.8671784996986389,1.5898932218551636,9.735170364379883,5.442417621612549,10.538697242736816,1.5997992753982544,6.484480857849121,1.5934627056121826,8.933307647705078,4.998294830322266,9.593040466308594,1.6016103029251099,6.298024654388428
12,-5.841377258300781,1.0028616189956665,0.18225587904453278,0.279918909072876,0.09254615008831024,0.9989730715751648,0.39895036816596985,-2.0113987922668457,-0.03712940216064453,0.8547956347465515,0.8267681002616882,-1.9965187311172485,0.7475706338882446,0.0003452697128523141,0.4891379475593567,0.9495720267295837,0.9464170932769775,0.0,0.8854089379310608,-6.251895904541016,0.9939230680465698,0.18803837895393372,0.210933119058609,0.08301357924938202,1.0114929676055908,0.3907189667224884,-1.9856529235839844,-0.11060094833374023,0.9142529368400574,0.8540887832641602,-2.0098953247070312,0.7558002471923828,0.0,0.3415447473526001,0.9162061810493469,0.9816802740097046,0.0,0.8459404110908508,1.5972559452056885,11.554749488830566,6.432270050048828,12.761717796325684,1.601872444152832,7.0801215171813965,1.591370701789856,10.631664276123047,5.917171478271484,11.620739936828613,1.6011120080947876,6.785154342651367
13,-6.227973937988281,1.0026764869689941,0.1789788156747818,0.28052446246147156,0.09464094787836075,0.999316930770874,0.40385347604751587,-2.0113980770111084,0.011719584465026855,0.8575670123100281,0.8191150426864624,-1.996519684791565,0.7419135570526123,0.0003452697128523141,0.4597092270851135,0.9562520384788513,0.9534270167350769,0.0,0.8922117948532104,-6.269766330718994,0.993923008441925,0.17262166738510132,0.3296958804130554,0.08257146179676056,1.0114929676055908,0.42259305715560913,-1.985653042793274,0.08455890417098999,0.8390657901763916,0.8530011773109436,-2.0098953247070312,0.7103658318519592,0.0,0.33024919033050537,1.015336275100708,0.9878358840942383,0.0,0.9099607467651367,1.5926592350006104,13.662420272827148,7.497223854064941,15.403505325317383,1.602062463760376,7.402117729187012,1.5947997570037842,12.587703704833984,6.966532230377197,14.046961784362793,1.6033095121383667,7.279370307922363
14,-6.676657676696777,1.002694845199585,0.17961902916431427,0.25852322578430176,0.08706648647785187,0.99908047914505,0.40107864141464233,-2.0113911628723145,-0.007629990577697754,0.8763828277587891,0.8461493849754333,-1.9965189695358276,0.7438052296638489,0.0,0.47868824005126953,0.9550455808639526,0.9449939727783203,0.0,0.8954334855079651,-6.858121395111084,0.9939194917678833,0.19294151663780212,0.20178496837615967,0.0855606272816658,1.0114929676055908,0.4249904155731201,-1.985639214515686,-0.16903400421142578,0.9184280037879944,0.8472917675971985,-2.0098953247070312,0.7124863862991333,0.0,0.3311592936515808,0.9516280889511108,0.9828893542289734,0.0,0.9033632278442383,1.596186876296997,16.020835876464844,8.764180183410645,18.606870651245117,1.5911099910736084,7.675524711608887,1.5955220460891724,14.81941032409668,8.117411613464355,16.959381103515625,1.6050561666488647,7.4516072273254395
15,-7.053415298461914,0.9986432194709778,0.17864710092544556,0.25736474990844727,0.08424409478902817,0.999308705329895,0.392541766166687,-1.9916545152664185,0.0046648383140563965,0.8781670928001404,0.8568668961524963,-1.9965187311172485,0.7551342844963074,1.3911430835723877,0.4861489236354828,0.9595766067504883,0.9470328092575073,0.0,0.8899795413017273,-6.849466800689697,1.0070059299468994,0.20947590470314026,0.19142916798591614,0.07111265510320663,1.0114929676055908,0.4664325714111328,-2.0071640014648438,-0.3911001682281494,0.9289647340774536,0.8890169262886047,-2.0098953247070312,0.6561312675476074,1.4142318964004517,0.35530030727386475,0.9728748798370361,0.9876563549041748,0.0,0.9305474758148193,1.595874547958374,18.647747039794922,10.089651107788086,20.085529327392578,1.6053879261016846,7.985348701477051,1.6037118434906006,17.328472137451172,9.454917907714844,19.785064697265625,1.5953969955444336,7.869793891906738
16,-7.299584865570068,0.9876823425292969,0.17772343754768372,0.23429813981056213,0.08493836224079132,0.9986287951469421,0.3957410156726837,-1.939491629600525,0.02033555507659912,0.895904004573822,0.8548070192337036,-1.9965194463729858,0.7525185346603394,1.3949187994003296,0.4757058620452881,0.9590200185775757,0.9494919776916504,0.0,0.8916032910346985,-7.518449306488037,1.0070059299468994,0.16741755604743958,0.18846939504146576,0.07211653143167496,1.0114929676055908,0.40846386551856995,-2.0071640014648438,0.14801037311553955,0.9317903518676758,0.8890393972396851,-2.0098953247070312,0.7309151887893677,1.4142318964004517,0.38159996271133423,0.9418055415153503,0.9825999140739441,0.0,0.9452389478683472,1.6528749465942383,20.085529327392578,11.686216354370117,20.085529327392578,1.6054728031158447,8.112833023071289,1.605149269104004,19.721649169921875,10.899791717529297,20.085500717163086,1.602687954902649,7.991070747375488
17,-7.441719055175781,0.9974484443664551,0.17567642033100128,0.22875644266605377,0.08249590545892715,0.999157190322876,0.38725176453590393,-1.9888802766799927,0.045851945877075195,0.9005023241043091,0.8625005483627319,-1.996519923210144,0.7614248394966125,1.4142247438430786,0.45796287059783936,0.9628755450248718,0.9481585025787354,0.0,0.8945251703262329,-7.559651851654053,1.0070059299468994,0.17956647276878357,0.19246183335781097,0.08686923235654831,1.0114929676055908,0.38561686873435974,-2.0071640014648438,-0.022161126136779785,0.9254428148269653,0.8467362523078918,-2.0098953247070312,0.7611111402511597,1.4142318964004517,0.3506411910057068,0.9779195785522461,1.0066313743591309,0.0,0.8964967131614685,1.6091539859771729,20.085529327392578,13.376594543457031,20.085529327392578,1.5955922603607178,8.310018539428711,1.6201900243759155,20.085500717163086,12.528585433959961,20.085500717163086,1.608078122138977,8.176595687866211
18,-7.492372035980225,0.9969686269760132,0.17698079347610474,0.23409271240234375,0.08052895218133926,0.9991711378097534,0.38101667165756226,-1.9888808727264404,0.031661033630371094,0.8976104259490967,0.8698537945747375,-1.9965194463729858,0.7686036229133606,1.4142247438430786,0.46179118752479553,0.9646624326705933,0.9529658555984497,0.0,0.8901167511940002,-7.8534698486328125,1.0070059299468994,0.16723313927650452,0.18509332835674286,0.07084818929433823,1.0114929676055908,0.37236687541007996,-2.0071640014648438,0.1448427438735962,0.9341728687286377,0.8927334547042847,-2.0098953247070312,0.7769274711608887,1.4142318964004517,0.38497084379196167,1.030142068862915,1.0014172792434692,0.0,0.9045450687408447,1.6052820682525635,20.085529327392578,14.889471054077148,20.085529327392578,1.5965187549591064,8.5548677444458,1.606247067451477,20.085500717163086,14.169889450073242,20.085500717163086,1.600063681602478,8.452810287475586
19,-7.665703773498535,0.9971145987510681,0.1713600754737854,0.21538637578487396,0.07849442958831787,0.9990285038948059,0.38046085834503174,-1.9888821840286255,0.10069805383682251,0.910722017288208,0.8764534592628479,-1.9965187311172485,0.7700850367546082,1.4142247438430786,0.39489755034446716,0.9654234647750854,0.9445457458496094,0.0,0.8928198218345642,-7.689696311950684,1.0070059299468994,0.18582597374916077,0.2198895663022995,0.07062473148107529,1.0114929676055908,0.36495956778526306,-2.0071640014648438,-0.08554673194885254,0.9187915921211243,0.8960883617401123,-2.0098953247070312,0.7831355333328247,1.4142318964004517,0.39108410477638245,0.9992068409919739,0.9595215320587158,0.0,0.9272333979606628,1.6077998876571655,20.085529327392578,16.77046775817871,20.085529327392578,1.6001167297363281,8.71165943145752,1.6055657863616943,20.085500717163086,15.880269050598145,20.085500717163086,1.599881649017334,8.630126953125
20,-7.685968399047852,0.9973738789558411,0.17288479208946228,0.21896326541900635,0.07821686565876007,0.9991456866264343,0.37996816635131836,-1.9888811111450195,0.08419549465179443,0.9098793268203735,0.8764437437057495,-1.9965195655822754,0.7725165486335754,1.4142247438430786,0.4188632667064667,0.969392716884613,0.9480758309364319,0.0,0.893127977848053,-7.911279201507568,1.0070059299468994,0.16942201554775238,0.16674265265464783,0.06738661229610443,1.0114929676055908,0.3950062394142151,-2.0071640014648438,0.11777901649475098,0.943022608757019,0.9030345678329468,-2.0098953247070312,0.7465782761573792,1.4142318964004517,0.37295982241630554,0.9766719937324524,0.9940437078475952,0.0,0.9259464740753174,1.6080968379974365,20.085529327392578,18.414569854736328,20.085529327392578,1.6096460819244385,8.860373497009277,1.6061731576919556,20.085500717163086,17.536272048950195,20.085500717163086,1.600177526473999,8.739256858825684
21,-7.781876087188721,0.9972262978553772,0.17093175649642944,0.20400385558605194,0.07719209045171738,0.9989344477653503,0.38580548763275146,-1.98888099193573,0.10731273889541626,0.9200369119644165,0.8802475333213806,-1.9965189695358276,0.7638753652572632,1.4142247438430786,0.39705660939216614,0.9696781635284424,0.9428415298461914,0.0,0.8954253196716309,-7.901590824127197,1.0070059299468994,0.16758371889591217,0.16706465184688568,0.06830088794231415,1.0114929676055908,0.40089040994644165,-2.0071640014648438,0.14093303680419922,0.9417464733123779,0.9002052545547485,-2.0098953247070312,0.7390631437301636,1.4142318964004517,0.37047848105430603,0.9167120456695557,1.0128769874572754,0.0,0.9129889011383057,1.6033868789672852,20.085529327392578,20.085529327392578,20.085529327392578,1.5979375839233398,8.69890308380127,1.6084630489349365,20.085500717163086,19.384319305419922,20.085500717163086,1.6067956686019897,8.680809020996094
22,-7.834201812744141,0.9977976679801941,0.17384518682956696,0.20564408600330353,0.07646529376506805,0.9990966320037842,0.37422728538513184,-1.9888819456100464,0.06491982936859131,0.9206792712211609,0.882520854473114,-1.9965187311172485,0.7781512141227722,1.4142247438430786,0.4494362771511078,0.972295343875885,0.9446335434913635,0.0,0.8929393887519836,-7.868095397949219,1.0070059299468994,0.16771897673606873,0.2049027979373932,0.08035944402217865,1.0114929676055908,0.38270285725593567,-2.0071640014648438,0.14639568328857422,0.930744469165802,0.8639984130859375,-2.0098953247070312,0.7643567323684692,1.4142318964004517,0.3652903735637665,0.9807275533676147,0.9760416746139526,0.0,0.9025481343269348,1.6113784313201904,20.085529327392578,20.085529327392578,20.085529327392578,1.6011812686920166,8.95739459991455,1.6023861169815063,20.085500717163086,20.085500717163086,20.085500717163086,1.5995818376541138,8.848461151123047
23,-7.912918567657471,0.9971199631690979,0.17186586558818817,0.19240815937519073,0.07684868574142456,0.9991747736930847,0.37609344720840454,-1.9888815879821777,0.09482133388519287,0.928891658782959,0.8820289373397827,-1.996519684791565,0.774548351764679,1.4142247438430786,0.42097803950309753,0.9725187420845032,0.9513210654258728,0.0,0.8961650133132935,-7.270493984222412,1.0070059299468994,0.16722449660301208,0.30682146549224854,0.06797786056995392,1.0114929676055908,0.3743850588798523,-2.0071640014648438,0.14671790599822998,0.864483118057251,0.901674747467041,-2.0098953247070312,0.7738309502601624,1.4142318964004517,0.37664884328842163,1.0247758626937866,1.0068258047103882,0.0,0.9061571359634399,1.611335039138794,20.085529327392578,20.085447311401367,20.085529327392578,1.6068534851074219,8.931060791015625,1.6033656597137451,20.085500717163086,20.085500717163086,20.085500717163086,1.6024651527404785,9.014002799987793
24,-7.962401866912842,0.9970740675926208,0.17091961205005646,0.19051998853683472,0.0751556009054184,0.9987737536430359,0.3717164099216461,-1.9888795614242554,0.09926998615264893,0.9310383200645447,0.8868452310562134,-1.9965192079544067,0.7795323133468628,1.4142247438430786,0.43008196353912354,0.9728447794914246,0.9448240995407104,0.0,0.8981768488883972,-8.013415336608887,1.0070059299468994,0.17112098634243011,0.19812920689582825,0.06898912787437439,1.0114929676055908,0.3601342737674713,-2.0071640014648438,0.10212445259094238,0.9337367415428162,0.8998193144798279,-2.0098953247070312,0.7897648215293884,1.4142318964004517,0.3855357766151428,0.9605128765106201,1.0123244524002075,0.0,0.9064939022064209,1.6064908504486084,20.085529327392578,20.085529327392578,20.085529327392578,1.5991179943084717,9.119437217712402,1.6080178022384644,20.085500717163086,20.08466339111328,20.085500717163086,1.6030203104019165,8.989216804504395
25,-7.939324855804443,0.9975247979164124,0.17420648038387299,0.187259241938591,0.0743018090724945,0.9991322159767151,0.3773689270019531,-1.9888800382614136,0.055731236934661865,0.9334827661514282,0.8889797329902649,-1.9965190887451172,0.7737023234367371,1.4142247438430786,0.46771347522735596,0.9749600887298584,0.9470199346542358,0.0,0.89832603931427,-7.944655418395996,1.0070059299468994,0.16655048727989197,0.21003830432891846,0.07297278940677643,1.0114929676055908,0.3631061613559723,-2.0071640014648438,0.14987313747406006,0.9279453158378601,0.886016845703125,-2.0098953247070312,0.7838044166564941,1.4142318964004517,0.3830098509788513,0.98458331823349,0.9921969771385193,0.0,0.9015102982521057,1.6013829708099365,20.085529327392578,20.085529327392578,20.085529327392578,1.6129000186920166,9.018647193908691,1.6065516471862793,20.085500717163086,20.085500717163086,20.085500717163086,1.5971343517303467,9.019890785217285
26,-8.030579566955566,0.997593879699707,0.1693454086780548,0.17857512831687927,0.07396989315748215,0.9989974498748779,0.37562498450279236,-1.9888811111450195,0.11985677480697632,0.9386080503463745,0.8906088471412659,-1.9965187311172485,0.7755293846130371,1.4142247438430786,0.40362367033958435,0.9740594029426575,0.9514483213424683,0.0,0.8977916240692139,-8.127983093261719,1.0070059299468994,0.17800021171569824,0.1522378772497177,0.07219712436199188,1.0114929676055908,0.3619087338447571,-2.0071640014648438,0.016406238079071045,0.9498967528343201,0.8902443647384644,-2.0098953247070312,0.7903231382369995,1.4142318964004517,0.41120731830596924,0.9769371151924133,0.9910293817520142,0.0,0.9102454781532288,1.6059844493865967,20.085529327392578,20.085529327392578,20.085529327392578,1.5968743562698364,9.070191383361816,1.6043051481246948,20.085500717163086,20.085500717163086,20.085500717163086,1.6066657304763794,8.964253425598145
27,-8.098603248596191,0.9973412156105042,0.1716979295015335,0.17567795515060425,0.07354410737752914,0.9992073774337769,0.3641408383846283,-1.9888806343078613,0.08635759353637695,0.9413344264030457,0.8920251131057739,-1.9965192079544067,0.7877517938613892,1.4142247438430786,0.4490862488746643,0.9744503498077393,0.9483507871627808,0.0,0.8982183337211609,-7.529696464538574,1.0070059299468994,0.1672375500202179,0.18731644749641418,0.06487827748060226,1.0114929676055908,0.4635028839111328,-2.0071640014648438,0.1414581537246704,0.9372802972793579,0.910319447517395,-2.0098953247070312,0.6642255187034607,1.4142318964004517,0.3835079073905945,1.0030832290649414,1.005540132522583,0.0,0.8887724876403809,1.610968828201294,20.085529327392578,20.085529327392578,20.085529327392578,1.605011224746704,9.389595985412598,1.6036341190338135,20.085500717163086,20.085500717163086,20.085500717163086,1.6010544300079346,9.196798324584961
28,-8.104896545410156,0.9970758557319641,0.1721199005842209,0.1739516705274582,0.0742877721786499,0.9991382956504822,0.3670956492424011,-1.9888808727264404,0.0827285647392273,0.9431568384170532,0.8899660110473633,-1.996518611907959,0.7862573862075806,1.4142247438430786,0.4486308991909027,0.9761757850646973,0.9541220664978027,0.0,0.898296058177948,-8.180541038513184,1.0070059299468994,0.16756559908390045,0.1499709188938141,0.0659220740199089,1.0114929676055908,0.36974531412124634,-2.0071640014648438,0.14247578382492065,0.9522134065628052,0.9058976173400879,-2.0098953247070312,0.7779043316841125,1.4142318964004517,0.3842433989048004,0.9736527800559998,0.9999035000801086,0.0,0.9221920371055603,1.607588768005371,20.085529327392578,20.085529327392578,20.085529327392578,1.5974700450897217,9.457784652709961,1.6058176755905151,20.085500717163086,20.085500717163086,20.085500717163086,1.6037588119506836,9.393325805664062
29,-8.093568801879883,0.9971368908882141,0.1720840334892273,0.17452238500118256,0.0744268149137497,0.9991050362586975,0.3677806854248047,-1.9888805150985718,0.08027106523513794,0.9430227875709534,0.8895537853240967,-1.9965193271636963,0.7854025959968567,1.4142247438430786,0.4625861346721649,0.9767950773239136,0.9560450315475464,0.0,0.899545431137085,-8.015755653381348,1.0070059299468994,0.16590628027915955,0.18112167716026306,0.0643501728773117,1.0114929676055908,0.36576899886131287,-2.0071640014648438,0.1590021848678589,0.9305806159973145,0.9101877808570862,-2.0098953247070312,0.785221517086029,1.4142318964004517,0.3805718719959259,1.0065373182296753,0.9849463105201721,0.0,0.8992965221405029,1.602177619934082,20.085529327392578,20.085529327392578,20.085529327392578,1.6039304733276367,9.387572288513184,1.6081783771514893,20.085500717163086,20.085500717163086,20.085500717163086,1.6009806394577026,9.51188850402832
30,-8.165980339050293,0.9973949790000916,0.17098648846149445,0.16796357929706573,0.0725293904542923,0.9996702075004578,0.36139655113220215,-1.9888807535171509,0.0977318286895752,0.9462478160858154,0.8945989012718201,-1.9965194463729858,0.7909091711044312,1.4142247438430786,0.4332517087459564,0.9767343401908875,0.9519137740135193,0.0,0.899178683757782,-7.891785621643066,1.0070059299468994,0.18284007906913757,0.21591877937316895,0.06387615203857422,1.0114929676055908,0.3568369150161743,-2.0071640014648438,-0.044941067695617676,0.926716685295105,0.9130381941795349,-2.0098953247070312,0.7923170328140259,1.4142318964004517,0.3620773255825043,0.9841363430023193,0.9843695163726807,0.0,0.9235125184059143,1.6088075637817383,20.085529327392578,20.085529327392578,20.085529327392578,1.6009061336517334,9.520479202270508,1.6048976182937622,20.085500717163086,20.085500717163086,20.085500717163086,1.6029521226882935,9.505208015441895
31,-8.112710952758789,0.997078537940979,0.17021113634109497,0.17899374663829803,0.07174934446811676,0.9990260004997253,0.36389926075935364,-1.9888818264007568,0.10853826999664307,0.9409984350204468,0.8978563547134399,-1.9965182542800903,0.7891571521759033,1.4142247438430786,0.42795950174331665,0.9791156053543091,0.9496466517448425,0.0,0.9023249745368958,-8.22219181060791,1.0070059299468994,0.17037662863731384,0.14407187700271606,0.06947996467351913,1.0114929676055908,0.36141151189804077,-2.0071640014648438,0.11008942127227783,0.9538014531135559,0.8982954621315002,-2.0098953247070312,0.7887560129165649,1.4142318964004517,0.39489275217056274,0.9945247769355774,1.0111737251281738,0.0,0.8978853821754456,1.6096689701080322,20.085529327392578,20.085529327392578,20.085529327392578,1.6025197505950928,9.553396224975586,1.6051006317138672,20.085500717163086,20.085500717163086,20.085500717163086,1.5999345779418945,9.569196701049805
32,-8.201616287231445,0.9970127940177917,0.16852334141731262,0.16828703880310059,0.07197992503643036,0.9994271993637085,0.3593723773956299,-1.9888803958892822,0.12211042642593384,0.9470174908638,0.8970448970794678,-1.9965204000473022,0.7936180233955383,1.4142247438430786,0.42524251341819763,0.9797642827033997,0.9534236788749695,0.0,0.8993605971336365,-8.072061538696289,1.0070059299468994,0.17266343533992767,0.1695660948753357,0.06435457617044449,1.0114929676055908,0.36754488945007324,-2.0071640014648438,0.082638680934906,0.9418186545372009,0.9121933579444885,-2.0098953247070312,0.7818856239318848,1.4142318964004517,0.3832876682281494,0.9954547882080078,0.9857369661331177,0.0,0.9321283102035522,1.6158487796783447,20.085529327392578,20.085529327392578,20.085529327392578,1.6049730777740479,9.737948417663574,1.6031274795532227,20.085500717163086,20.085500717163086,20.085500717163086,1.6010509729385376,9.621027946472168
33,-8.218338966369629,0.996411919593811,0.17199356853961945,0.1596986949443817,0.07112991809844971,0.9990516304969788,0.36159437894821167,-1.98888099193573,0.08641302585601807,0.9509852528572083,0.8992211818695068,-1.9965189695358276,0.7924888134002686,1.4142247438430786,0.4672081172466278,0.9776195287704468,0.9538330435752869,0.0,0.9014719128608704,-8.147068977355957,1.0070059299468994,0.16530375182628632,0.17606571316719055,0.06389758735895157,1.0114929676055908,0.3572251498699188,-2.0071640014648438,0.16484975814819336,0.9404234886169434,0.9141099452972412,-2.0098953247070312,0.7913188338279724,1.4142318964004517,0.39487865567207336,1.005466341972351,0.992113471031189,0.0,0.9219925403594971,1.6062500476837158,20.085529327392578,20.085529327392578,20.085529327392578,1.5970652103424072,9.679903030395508,1.6075199842453003,20.085500717163086,20.085500717163086,20.085500717163086,1.6052982807159424,9.7667875289917
34,-8.258891105651855,0.9970054626464844,0.17041587829589844,0.1601327806711197,0.0714980959892273,0.9986252188682556,0.3578062653541565,-1.9888797998428345,0.09970206022262573,0.9529648423194885,0.8990969657897949,-1.9965184926986694,0.7966617345809937,1.4142247438430786,0.4522916078567505,0.9789459109306335,0.9538233876228333,0.0,0.9025079011917114,-7.907156467437744,1.0070059299468994,0.1660379320383072,0.2248643934726715,0.06490649282932281,1.0114929676055908,0.35508590936660767,-2.0071640014648438,0.1605960726737976,0.9163374304771423,0.912449300289154,-2.0098953247070312,0.7918508052825928,1.4142318964004517,0.42709851264953613,1.0048651695251465,0.9953417778015137,0.0,0.9379829168319702,1.6080312728881836,20.085529327392578,20.085529327392578,20.085529327392578,1.5879517793655396,9.822196960449219,1.608685851097107,20.085500717163086,20.085500717163086,20.085500717163086,1.6028850078582764,9.804965019226074
35,-8.274330139160156,0.9969285726547241,0.16812554001808167,0.16090305149555206,0.07050663232803345,0.9996740221977234,0.3570706844329834,-1.9888813495635986,0.13063305616378784,0.9523082375526428,0.90128093957901,-1.9965195655822754,0.7977485656738281,1.4142247438430786,0.4297860264778137,0.981049120426178,0.952886700630188,0.0,0.9021634459495544,-8.101408004760742,1.0070059299468994,0.16530707478523254,0.13738225400447845,0.07061014324426651,1.0114929676055908,0.3959210515022278,-2.0071640014648438,0.1632937788963318,0.9573556184768677,0.8943792581558228,-2.0098953247070312,0.7492696046829224,1.4142318964004517,0.3994133174419403,0.9722952246665955,0.9988776445388794,0.0,0.9428752660751343,1.605987310409546,20.085529327392578,20.085529327392578,20.085529327392578,1.6046686172485352,9.924781799316406,1.6061208248138428,20.085500717163086,20.085500717163086,20.085500717163086,1.598007082939148,9.913373947143555
36,-8.297706604003906,0.9970715045928955,0.16818591952323914,0.16079354286193848,0.07097930461168289,0.9987971782684326,0.3513379395008087,-1.9888800382614136,0.12739938497543335,0.9525192975997925,0.8997849225997925,-1.9965190887451172,0.8019422292709351,1.4142247438430786,0.43225085735321045,0.9809325337409973,0.9582657814025879,0.0,0.9016156792640686,-7.866242408752441,1.0070059299468994,0.16832470893859863,0.21618995070457458,0.06319170445203781,1.0114929676055908,0.36424702405929565,-2.0071640014648438,0.13410943746566772,0.9172517657279968,0.9164538383483887,-2.0098953247070312,0.7838072776794434,1.4142318964004517,0.40568873286247253,0.9820587635040283,1.0017738342285156,0.0,0.9280725121498108,1.6002118587493896,20.085529327392578,20.085529327392578,20.085529327392578,1.6180760860443115,10.099668502807617,1.6078689098358154,20.085500717163086,20.085500717163086,20.085500717163086,1.59797203540802,10.016620635986328
37,-8.406224250793457,0.9972158074378967,0.16665339469909668,0.15030796825885773,0.06870520859956741,0.9994754195213318,0.3457491099834442,-1.9888811111450195,0.14731276035308838,0.9584686756134033,0.9063127636909485,-1.9965198040008545,0.8096107840538025,1.4142247438430786,0.4179685413837433,0.9820144772529602,0.9553627371788025,0.0,0.9019384980201721,-8.316396713256836,1.0070059299468994,0.16583958268165588,0.1391991674900055,0.06406379491090775,1.0114929676055908,0.3526773154735565,-2.0071640014648438,0.15910321474075317,0.9563065767288208,0.9131233096122742,-2.0098953247070312,0.7927978038787842,1.4142318964004517,0.418893426656723,0.9789849519729614,1.0044277906417847,0.0,0.946494996547699,1.6053345203399658,20.085529327392578,20.085529327392578,20.085529327392578,1.6080090999603271,10.315238952636719,1.6037003993988037,20.085500717163086,20.085500717163086,20.085500717163086,1.6081068515777588,10.227362632751465
38,-8.450992584228516,0.9975413680076599,0.16627107560634613,0.1450899988412857,0.06818230450153351,0.9989901781082153,0.34212633967399597,-1.98888099193573,0.15313589572906494,0.960990309715271,0.909437894821167,-1.9965190887451172,0.812098503112793,1.4142247438430786,0.41556429862976074,0.9809122085571289,0.9547699689865112,0.0,0.9068415760993958,-8.1726713180542,1.0070059299468994,0.16771215200424194,0.1356215476989746,0.06245722249150276,1.0114929676055908,0.3808712959289551,-2.0071640014648438,0.13551461696624756,0.9575176239013672,0.9180949926376343,-2.0098953247070312,0.764056384563446,1.4142318964004517,0.4089549779891968,0.9729079008102417,0.9971644878387451,0.0,0.9270404577255249,1.605926752090454,20.085529327392578,20.085529327392578,20.085529327392578,1.6056935787200928,10.505655288696289,1.6052494049072266,20.085500717163086,20.085500717163086,20.085500717163086,1.6027785539627075,10.419090270996094
39,-8.454283714294434,0.9973385334014893,0.16623800992965698,0.14375898241996765,0.0677415132522583,0.9992222189903259,0.3439619839191437,-1.9888806343078613,0.1538335084915161,0.961875855922699,0.9099040627479553,-1.9965190887451172,0.810387372970581,1.4142247438430786,0.41727983951568604,0.9828274846076965,0.9541577696800232,0.0,0.9041522145271301,-8.337822914123535,1.0070059299468994,0.16392898559570312,0.1466369330883026,0.06267838180065155,1.0114929676055908,0.3513184189796448,-2.0071640014648438,0.1762409210205078,0.9560669660568237,0.9176895022392273,-2.0098953247070312,0.7957000732421875,1.4142318964004517,0.41898128390312195,0.9693756699562073,1.0049861669540405,0.0,0.9292449355125427,1.6113817691802979,20.085529327392578,20.085529327392578,20.085529327392578,1.6034765243530273,10.578306198120117,1.6020379066467285,20.085500717163086,20.085500717163086,20.085500717163086,1.6037344932556152,10.548898696899414
40,-8.487244606018066,0.9971519112586975,0.16638359427452087,0.14158885180950165,0.06824802607297897,0.9991706609725952,0.3409830927848816,-1.9888805150985718,0.15157973766326904,0.9631310105323792,0.9084833860397339,-1.9965189695358276,0.8151052594184875,1.4142247438430786,0.4249081611633301,0.9824585318565369,0.9570785760879517,0.0,0.9061071872711182,-8.33000659942627,1.0070059299468994,0.16403672099113464,0.14354093372821808,0.061894338577985764,1.0114929676055908,0.3516460061073303,-2.0071640014648438,0.17308259010314941,0.9556501507759094,0.9197331070899963,-2.0098953247070312,0.795438289642334,1.4142318964004517,0.42299720644950867,0.983451247215271,0.9885712265968323,0.0,0.9321116805076599,1.6112171411514282,20.085529327392578,20.085529327392578,20.085529327392578,1.6043241024017334,10.726433753967285,1.6059660911560059,20.085500717163086,20.085500717163086,20.085500717163086,1.6026511192321777,10.647464752197266
41,-8.474754333496094,0.9975990056991577,0.16601702570915222,0.14516952633857727,0.06741004437208176,0.9994043707847595,0.3405747413635254,-1.9888805150985718,0.14963692426681519,0.9618584513664246,0.9104400873184204,-1.9965192079544067,0.8148766756057739,1.4142247438430786,0.4383505880832672,0.9836649894714355,0.9548866748809814,0.0,0.9069069623947144,-8.129011154174805,1.0070059299468994,0.16657288372516632,0.13800376653671265,0.06203411892056465,1.0114929676055908,0.3897620141506195,-2.0071640014648438,0.14864593744277954,0.958548903465271,0.9200167059898376,-2.0098953247070312,0.7550997138023376,1.4142318964004517,0.43317264318466187,0.9657028317451477,0.9880293607711792,0.0,0.9369394183158875,1.6067278385162354,20.085529327392578,20.085529327392578,20.085529327392578,1.6010925769805908,10.804373741149902,1.6085678339004517,20.085500717163086,20.085500717163086,20.085500717163086,1.602683424949646,10.78548526763916
42,-8.483933448791504,0.9972748756408691,0.16561304032802582,0.14480118453502655,0.06926015764474869,0.9990153908729553,0.33878496289253235,-1.9888803958892822,0.15983152389526367,0.9620440602302551,0.905128002166748,-1.9965183734893799,0.8162827491760254,1.4142247438430786,0.4140269160270691,0.9834372997283936,0.9582556486129761,0.0,0.9057613611221313,-8.23275375366211,1.0070059299468994,0.1640639305114746,0.14074280858039856,0.06255339086055756,1.0114929676055908,0.367811918258667,-2.0071640014648438,0.1759399175643921,0.9557020664215088,0.9178486466407776,-2.0098953247070312,0.7767548561096191,1.4142318964004517,0.4289121627807617,0.9839295744895935,0.9929086565971375,0.0,0.9504842162132263,1.6070635318756104,20.085529327392578,20.085529327392578,20.085529327392578,1.5992136001586914,10.879362106323242,1.6050715446472168,20.085500717163086,20.085500717163086,20.085500717163086,1.603105068206787,10.845142364501953
43,-8.516336441040039,0.9967803955078125,0.16591636836528778,0.14034289121627808,0.06643706560134888,0.9993435740470886,0.338098406791687,-1.9888801574707031,0.15008002519607544,0.9640663862228394,0.91361403465271,-1.9965184926986694,0.8179023861885071,1.4142247438430786,0.4386983811855316,0.9838254451751709,0.95525723695755,0.0,0.9084056615829468,-8.301885604858398,1.0070059299468994,0.16652166843414307,0.14334353804588318,0.06287544965744019,1.0114929676055908,0.3545129895210266,-2.0071640014648438,0.14621227979660034,0.9572007656097412,0.918112576007843,-2.0098953247070312,0.7903640270233154,1.4142318964004517,0.43911778926849365,0.9653498530387878,0.9862019419670105,0.0,0.9382807016372681,1.6036641597747803,20.085529327392578,20.085529327392578,20.085529327392578,1.6012427806854248,10.939385414123535,1.6056722402572632,20.085500717163086,20.085500717163086,20.085500717163086,1.5989019870758057,10.96042537689209
44,-8.521472930908203,0.9972459673881531,0.16596317291259766,0.1393912434577942,0.06709843873977661,0.9991365671157837,0.3383791148662567,-1.9888802766799927,0.15379595756530762,0.964684009552002,0.9119752645492554,-1.9965192079544067,0.8178239464759827,1.4142247438430786,0.43689289689064026,0.9830420613288879,0.9568917155265808,0.0,0.9084966778755188,-8.258745193481445,1.0070059299468994,0.1701478511095047,0.15439750254154205,0.06229637190699577,1.0114929676055908,0.35476401448249817,-2.0071640014648438,0.10622048377990723,0.9542649388313293,0.9182345867156982,-2.0098953247070312,0.7928361892700195,1.4142318964004517,0.41436395049095154,0.9773269295692444,0.9893801808357239,0.0,0.9430955052375793,1.6081323623657227,20.085529327392578,20.085529327392578,20.085529327392578,1.6000444889068604,11.017525672912598,1.6061222553253174,20.085500717163086,20.085500717163086,20.085500717163086,1.6042959690093994,10.948572158813477
45,-8.574045181274414,0.9967170357704163,0.16510148346424103,0.13518685102462769,0.06674548983573914,0.9989944696426392,0.3333119750022888,-1.9888805150985718,0.1619948148727417,0.9666657447814941,0.9131996631622314,-1.9965178966522217,0.822761058807373,1.4142247438430786,0.4281013011932373,0.9841563105583191,0.9578943252563477,0.0,0.9082273840904236,-8.291126251220703,1.0070059299468994,0.16676750779151917,0.134795680642128,0.06250081956386566,1.0114929676055908,0.3605312705039978,-2.0071640014648438,0.1451210379600525,0.9592909812927246,0.9182228446006775,-2.0098953247070312,0.7846866250038147,1.4142318964004517,0.4322111904621124,0.9926588535308838,1.0044074058532715,0.0,0.958662748336792,1.605548620223999,20.085529327392578,20.085529327392578,20.085529327392578,1.600672721862793,11.122983932495117,1.6069570779800415,20.085500717163086,20.085500717163086,20.085500717163086,1.6017378568649292,11.049966812133789
46,-8.585338592529297,0.9971907734870911,0.16451586782932281,0.13688607513904572,0.06623174995183945,0.9994662404060364,0.33110639452934265,-1.9888805150985718,0.16742706298828125,0.9663280248641968,0.9141570329666138,-1.9965193271636963,0.8249348998069763,1.4142247438430786,0.42956700921058655,0.985011875629425,0.9581522941589355,0.0,0.9096222519874573,-8.339363098144531,1.0070059299468994,0.16595950722694397,0.13384109735488892,0.062208663672208786,1.0114929676055908,0.3539282977581024,-2.0071640014648438,0.13923144340515137,0.959507405757904,0.9188364148139954,-2.0098953247070312,0.7926568984985352,1.4142318964004517,0.4300307035446167,0.9784260392189026,0.9930763840675354,0.0,0.9506748914718628,1.6065905094146729,20.085529327392578,20.085529327392578,20.085529327392578,1.6011667251586914,11.232565879821777,1.605181336402893,20.085500717163086,20.085500717163086,20.085500717163086,1.6009597778320312,11.181051254272461
47,-8.581451416015625,0.9968264102935791,0.1648099720478058,0.13415853679180145,0.06641224026679993,0.9990676641464233,0.33386653661727905,-1.988879919052124,0.16574358940124512,0.9674829244613647,0.9139699339866638,-1.9965193271636963,0.8220312595367432,1.4142247438430786,0.42924049496650696,0.9838552474975586,0.957886278629303,0.0,0.9095853567123413,-8.21399211883545,1.0070059299468994,0.16633932292461395,0.13873204588890076,0.061785418540239334,1.0114929676055908,0.3719322681427002,-2.0071640014648438,0.14725267887115479,0.9575746059417725,0.9197050333023071,-2.0098953247070312,0.7744312286376953,1.4142318964004517,0.43659713864326477,0.9989482760429382,0.9928695559501648,0.0,0.9514762163162231,1.6063432693481445,20.085529327392578,20.085529327392578,20.085529327392578,1.6000521183013916,11.255617141723633,1.607352375984192,20.085500717163086,20.085500717163086,20.085500717163086,1.6032451391220093,11.255196571350098
48,-8.596389770507812,0.9969691038131714,0.16418758034706116,0.13421694934368134,0.06576909124851227,0.9997131824493408,0.33128243684768677,-1.9888806343078613,0.17124587297439575,0.967627763748169,0.9159780740737915,-1.9965189695358276,0.8241666555404663,1.4142247438430786,0.4329705834388733,0.9847996830940247,0.9587794542312622,0.0,0.9105098247528076,-8.261517524719238,1.0070059299468994,0.16742023825645447,0.13371390104293823,0.06228463724255562,1.0114929676055908,0.3662046194076538,-2.0071640014648438,0.13344818353652954,0.9602438807487488,0.9191383123397827,-2.0098953247070312,0.779884397983551,1.4142318964004517,0.42649781703948975,0.9997427463531494,0.9977437853813171,0.0,0.9459807872772217,1.6061327457427979,20.085529327392578,20.085529327392578,20.085529327392578,1.6011664867401123,11.313727378845215,1.605521321296692,20.085500717163086,20.085500717163086,20.085500717163086,1.599778175354004,11.291397094726562
49,-8.613189697265625,0.9969714283943176,0.16407305002212524,0.1331709623336792,0.0660238042473793,0.998943567276001,0.32907649874687195,-1.9888805150985718,0.17202460765838623,0.9680206775665283,0.9146963953971863,-1.9965195655822754,0.8264928460121155,1.4142247438430786,0.42615365982055664,0.9851129055023193,0.9555895924568176,0.0,0.9118660688400269,-8.302626609802246,1.0070059299468994,0.16277290880680084,0.14621195197105408,0.06290494650602341,1.0114929676055908,0.3522340655326843,-2.0071640014648438,0.18431377410888672,0.953859269618988,0.9156139492988586,-2.0098953247070312,0.7942236661911011,1.4142318964004517,0.43755003809928894,0.9956398606300354,0.9972984194755554,0.0,0.9520722031593323,1.6064786911010742,20.085529327392578,20.085529327392578,20.085529327392578,1.6010401248931885,11.401796340942383,1.6065644025802612,20.085500717163086,20.085500717163086,20.085500717163086,1.600807547569275,11.350857734680176
50,-8.606870651245117,0.9971480965614319,0.164724200963974,0.13451996445655823,0.06556001305580139,0.9990707039833069,0.3287663459777832,-1.9888813495635986,0.1628631353378296,0.9673523306846619,0.9161959290504456,-1.9965190887451172,0.8269975185394287,1.4142247438430786,0.4457133114337921,0.9845841526985168,0.9589423537254333,0.0,0.9103367328643799,-8.332371711730957,1.0070059299468994,0.1629611849784851,0.13635869324207306,0.062298230826854706,1.0114929676055908,0.35850590467453003,-2.0071640014648438,0.18209677934646606,0.9606247544288635,0.9180152416229248,-2.0098953247070312,0.7883406281471252,1.4142318964004517,0.42160046100616455,0.9800440073013306,0.9800094366073608,0.0,0.9538911581039429,1.6058924198150635,20.085529327392578,20.085529327392578,20.085529327392578,1.6012341976165771,11.460570335388184,1.607263207435608,20.085500717163086,20.085500717163086,20.085500717163086,1.6025086641311646,11.430946350097656
51,-8.608181953430176,0.9976150989532471,0.16415469348430634,0.1348772943019867,0.0658339336514473,0.9991093873977661,0.330072283744812,-1.9888806343078613,0.17068254947662354,0.96744304895401,0.9158810377120972,-1.9965190887451172,0.8269619941711426,1.4142247438430786,0.43058037757873535,0.9852868914604187,0.9576447010040283,0.0,0.9123815894126892,-8.287056922912598,1.0070059299468994,0.16291691362857819,0.13458681106567383,0.06196100637316704,1.0114929676055908,0.3643147349357605,-2.0071640014648438,0.1832767128944397,0.9591968655586243,0.9190765619277954,-2.0098953247070312,0.7817059755325317,1.4142318964004517,0.434000164270401,0.9764925241470337,1.0006650686264038,0.0,0.9415186047554016,1.6040111780166626,20.085529327392578,20.085529327392578,20.085529327392578,1.6007306575775146,11.515511512756348,1.6063913106918335,20.085500717163086,20.085500717163086,20.085500717163086,1.6028244495391846,11.508667945861816
52,-8.650466918945312,0.9971180558204651,0.1631871461868286,0.1314903348684311,0.06548826396465302,0.9992286562919617,0.32611557841300964,-1.9888808727264404,0.1795945167541504,0.9690097570419312,0.9162176847457886,-1.9965198040008545,0.8306989073753357,1.4142247438430786,0.4298783540725708,0.9849058389663696,0.9594519734382629,0.0,0.9108712673187256,-8.346923828125,1.0070059299468994,0.1632186472415924,0.13689377903938293,0.06171960383653641,1.0114929676055908,0.3516479432582855,-2.0071640014648438,0.17659860849380493,0.9583045840263367,0.9194905757904053,-2.0098953247070312,0.7947618365287781,1.4142318964004517,0.43400347232818604,0.9968079924583435,0.9952500462532043,0.0,0.955086886882782,1.6041452884674072,20.085529327392578,20.085529327392578,20.085529327392578,1.6009061336517334,11.565886497497559,1.6050633192062378,20.085500717163086,20.085500717163086,20.085500717163086,1.6012085676193237,11.544705390930176
53,-8.652812004089355,0.997241199016571,0.1640232652425766,0.13039354979991913,0.06553775072097778,0.9991478323936462,0.32587793469429016,-1.9888805150985718,0.17490243911743164,0.9692768454551697,0.9170086979866028,-1.9965176582336426,0.8305069208145142,1.4142247438430786,0.4262884259223938,0.9845826029777527,0.9586338400840759,0.0,0.9121395349502563,-8.253789901733398,1.0070059299468994,0.16491356492042542,0.13414505124092102,0.06170912832021713,1.0114929676055908,0.36801567673683167,-2.0071640014648438,0.16239899396896362,0.9595863223075867,0.9200583100318909,-2.0098953247070312,0.7780660390853882,1.4142318964004517,0.43008923530578613,0.9973490238189697,0.9950822591781616,0.0,0.9593102931976318,1.6050989627838135,20.085529327392578,20.085529327392578,20.085529327392578,1.600917100906372,11.613188743591309,1.6050329208374023,20.085500717163086,20.085500717163086,20.085500717163086,1.6016737222671509,11.59216594696045
54,-8.657882690429688,0.9976627826690674,0.1635887324810028,0.13053838908672333,0.06512584537267685,0.9988166093826294,0.3249494433403015,-1.98888099193573,0.17801064252853394,0.9692732095718384,0.9174987077713013,-1.996518850326538,0.8309077024459839,1.4142247438430786,0.4240911304950714,0.9855825304985046,0.9587434530258179,0.0,0.9126631021499634,-8.237100601196289,1.0070059299468994,0.1638186275959015,0.13799312710762024,0.06190010905265808,1.0114929676055908,0.36915749311447144,-2.0071640014648438,0.174646258354187,0.957513689994812,0.9200137853622437,-2.0098953247070312,0.7776853442192078,1.4142318964004517,0.432883083820343,0.9965828657150269,0.9966685175895691,0.0,0.9471726417541504,1.6049349308013916,20.085529327392578,20.085529327392578,20.085529327392578,1.6012074947357178,11.660157203674316,1.604722499847412,20.085500717163086,20.085500717163086,20.085500717163086,1.6010335683822632,11.634297370910645
55,-8.668594360351562,0.9978060722351074,0.1631094068288803,0.12894755601882935,0.0652005597949028,0.9987421035766602,0.3259773254394531,-1.9888802766799927,0.1809421181678772,0.9702153205871582,0.9169548153877258,-1.9965190887451172,0.8313249945640564,1.4142247438430786,0.42683839797973633,0.9854426980018616,0.9581366181373596,0.0,0.9122463464736938,-8.131887435913086,1.0070059299468994,0.1628621220588684,0.133143812417984,0.06181395798921585,1.0114929676055908,0.3896652162075043,-2.0071640014648438,0.18538451194763184,0.9597626328468323,0.9206609129905701,-2.0098953247070312,0.7540443539619446,1.4142318964004517,0.43175455927848816,0.9968370795249939,0.9971244931221008,0.0,0.9566265344619751,1.604874610900879,20.085529327392578,20.085529327392578,20.085529327392578,1.601379632949829,11.699921607971191,1.604528784751892,20.085500717163086,20.085500717163086,20.085500717163086,1.6023014783859253,11.686389923095703
56,-8.673255920410156,0.9973129034042358,0.16316139698028564,0.1302276998758316,0.06492534279823303,0.9990460872650146,0.32282429933547974,-1.9888806343078613,0.18319827318191528,0.9693053364753723,0.9176762104034424,-1.996518611907959,0.8333403468132019,1.4142247438430786,0.4295182228088379,0.9851787090301514,0.9591194987297058,0.0,0.9141632914543152,-8.312366485595703,1.0070059299468994,0.16363590955734253,0.13419421017169952,0.06180878356099129,1.0114929676055908,0.3594934344291687,-2.0071640014648438,0.17697745561599731,0.958807647228241,0.9204261898994446,-2.0098953247070312,0.7886344194412231,1.4142318964004517,0.4371248781681061,0.9892337322235107,0.9953761696815491,0.0,0.9448803663253784,1.6054468154907227,20.085529327392578,20.085529327392578,20.085529327392578,1.6018483638763428,11.761220932006836,1.6043715476989746,20.085500717163086,20.085500717163086,20.085500717163086,1.6021790504455566,11.731677055358887
57,-8.666770935058594,0.9968631267547607,0.1629476100206375,0.1302185207605362,0.06503546237945557,0.99940025806427,0.32447925209999084,-1.9888807535171509,0.18076705932617188,0.9693683981895447,0.9178245663642883,-1.9965194463729858,0.8320133686065674,1.4142247438430786,0.4354467988014221,0.9850810766220093,0.9608892202377319,0.0,0.9122332334518433,-8.340933799743652,1.0070059299468994,0.1628718376159668,0.1336100995540619,0.06151939556002617,1.0114929676055908,0.3561757504940033,-2.0071640014648438,0.18627971410751343,0.9592187404632568,0.9208500981330872,-2.0098953247070312,0.7922096848487854,1.4142318964004517,0.4429616332054138,0.9949063658714294,0.9986766576766968,0.0,0.9542931318283081,1.6050939559936523,20.085529327392578,20.085529327392578,20.085529327392578,1.6024816036224365,11.800139427185059,1.6059483289718628,20.085500717163086,20.085500717163086,20.085500717163086,1.6021544933319092,11.770532608032227
58,-8.691733360290527,0.9977307915687561,0.1630188673734665,0.12830865383148193,0.06505856662988663,0.9995182752609253,0.3228585720062256,-1.98888099193573,0.18477106094360352,0.9704284071922302,0.9181383848190308,-1.9965194463729858,0.8345526456832886,1.4142247438430786,0.4243679642677307,0.9859322309494019,0.9584164023399353,0.0,0.9125024080276489,-8.288164138793945,1.0070059299468994,0.16290146112442017,0.13338054716587067,0.06157270818948746,1.0114929676055908,0.3645828366279602,-2.0071640014648438,0.1857147216796875,0.9594757556915283,0.9204578995704651,-2.0098953247070312,0.7829530239105225,1.4142318964004517,0.4428090751171112,0.9913710951805115,0.9955429434776306,0.0,0.9610863924026489,1.6053998470306396,20.085529327392578,20.085529327392578,20.085529327392578,1.6022577285766602,11.827577590942383,1.6051666736602783,20.085500717163086,20.085500717163086,20.085500717163086,1.601832389831543,11.812849998474121
59,-8.684558868408203,0.9971315264701843,0.16258035600185394,0.12856341898441315,0.06524989008903503,0.998630702495575,0.3223080039024353,-1.9888802766799927,0.18686944246292114,0.970053493976593,0.9170310497283936,-1.9965198040008545,0.8340061902999878,1.4142247438430786,0.42689818143844604,0.9842860102653503,0.9586786031723022,0.0,0.9155566096305847,-8.32359504699707,1.0070059299468994,0.1630963385105133,0.13262853026390076,0.061733394861221313,1.0114929676055908,0.35961300134658813,-2.0071640014648438,0.18285101652145386,0.9602792859077454,0.9206767082214355,-2.0098953247070312,0.7879993915557861,1.4142318964004517,0.43288344144821167,0.9967296123504639,0.9987320303916931,0.0,0.9486018419265747,1.6053119897842407,20.085529327392578,20.085529327392578,20.085529327392578,1.601952314376831,11.854979515075684,1.605482816696167,20.085500717163086,20.085500717163086,20.085500717163086,1.6020466089248657,11.841559410095215
60,-8.70112419128418,0.99701327085495,0.16322597861289978,0.12767450511455536,0.06466907262802124,0.9985771775245667,0.3214566707611084,-1.9888801574707031,0.18182379007339478,0.9704590439796448,0.9192572236061096,-1.996518850326538,0.8355461955070496,1.4142247438430786,0.4296545088291168,0.9857158064842224,0.960369884967804,0.0,0.9133502244949341,-8.340317726135254,1.0070059299468994,0.16322097182273865,0.13358759880065918,0.06157025694847107,1.0114929676055908,0.3550282120704651,-2.0071640014648438,0.1823410987854004,0.9595235586166382,0.9206734299659729,-2.0098953247070312,0.7922113537788391,1.4142318964004517,0.43527260422706604,0.9994690418243408,0.9960723519325256,0.0,0.9597405791282654,1.605311632156372,20.085529327392578,20.085529327392578,20.085529327392578,1.6020629405975342,11.883703231811523,1.6061265468597412,20.085500717163086,20.085500717163086,20.085500717163086,1.6021150350570679,11.867454528808594
61,-8.709209442138672,0.9972410202026367,0.1629413366317749,0.12712536752223969,0.064658522605896,0.9993866086006165,0.3207613229751587,-1.9888803958892822,0.184148371219635,0.9711698293685913,0.9189349412918091,-1.9965183734893799,0.8361384272575378,1.4142247438430786,0.42468345165252686,0.9857757687568665,0.9599041938781738,0.0,0.9146390557289124,-8.321279525756836,1.0070059299468994,0.1627708375453949,0.13747386634349823,0.061668045818805695,1.0114929676055908,0.3562580645084381,-2.0071640014648438,0.18652212619781494,0.9581301808357239,0.9201598763465881,-2.0098953247070312,0.7912265658378601,1.4142318964004517,0.43846529722213745,1.0015347003936768,0.9975662231445312,0.0,0.9507058262825012,1.6054424047470093,20.085529327392578,20.085529327392578,20.085529327392578,1.6023709774017334,11.916624069213867,1.6060099601745605,20.085500717163086,20.085500717163086,20.085500717163086,1.6020214557647705,11.904147148132324
62,-8.711152076721191,0.9974419474601746,0.16247589886188507,0.1272144317626953,0.06499399989843369,0.9994584918022156,0.3202733099460602,-1.9888818264007568,0.18708080053329468,0.9710273146629333,0.9185759425163269,-1.9965182542800903,0.8363211750984192,1.4142247438430786,0.42823368310928345,0.9863315224647522,0.9591103792190552,0.0,0.9152942299842834,-8.303224563598633,1.0070059299468994,0.16342128813266754,0.13491107523441315,0.06325215101242065,1.0114929676055908,0.35848748683929443,-2.0071640014648438,0.17383801937103271,0.9582099318504333,0.9150900840759277,-2.0098953247070312,0.789178192615509,1.4142318964004517,0.43598875403404236,0.9870052337646484,0.9957748651504517,0.0,0.9546157121658325,1.6053037643432617,20.085529327392578,20.085529327392578,20.085529327392578,1.6021764278411865,11.949974060058594,1.6057496070861816,20.085500717163086,20.085500717163086,20.085500717163086,1.6023300886154175,11.937113761901855
63,-8.721617698669434,0.9967648983001709,0.16278429329395294,0.12512224912643433,0.06443273276090622,0.9986211657524109,0.3203091621398926,-1.9888814687728882,0.18584346771240234,0.9719588160514832,0.9191817045211792,-1.9965187311172485,0.836254894733429,1.4142247438430786,0.428659588098526,0.9857412576675415,0.9585663080215454,0.0,0.9120280146598816,-8.31071662902832,1.0070059299468994,0.1628313511610031,0.1324726641178131,0.06151183322072029,1.0114929676055908,0.3608546555042267,-2.0071640014648438,0.1859811544418335,0.9600731134414673,0.9203755259513855,-2.0098953247070312,0.7862572073936462,1.4142318964004517,0.440173864364624,1.0006312131881714,0.9991652965545654,0.0,0.9570903778076172,1.6052930355072021,20.085529327392578,20.085529327392578,20.085529327392578,1.601978063583374,11.962342262268066,1.6051421165466309,20.085500717163086,20.085500717163086,20.085500717163086,1.6017091274261475,11.952881813049316
64,-8.70583724975586,0.9968988299369812,0.16280046105384827,0.1274639219045639,0.0643608495593071,0.9988693594932556,0.32042428851127625,-1.9888801574707031,0.1848868727684021,0.9705654382705688,0.9202067852020264,-1.9965189695358276,0.8361782431602478,1.4142247438430786,0.4299160838127136,0.9855016469955444,0.9596244692802429,0.0,0.914138913154602,-8.34239387512207,1.0070059299468994,0.16268290579319,0.13205333054065704,0.06139051169157028,1.0114929676055908,0.3564033508300781,-2.0071640014648438,0.1874980926513672,0.9604453444480896,0.9206979274749756,-2.0098953247070312,0.7908804416656494,1.4142318964004517,0.43983200192451477,0.9936845898628235,0.998103678226471,0.0,0.956585168838501,1.6054105758666992,20.085529327392578,20.085529327392578,20.085529327392578,1.6022615432739258,11.977021217346191,1.6057134866714478,20.085500717163086,20.085500717163086,20.085500717163086,1.6021382808685303,11.970596313476562
65,-8.713129043579102,0.9973315000534058,0.16256935894489288,0.1275126039981842,0.06455565243959427,0.9987553954124451,0.3188345730304718,-1.9888803958892822,0.18553566932678223,0.9708314538002014,0.918878436088562,-1.9965194463729858,0.8368868231773376,1.4142247438430786,0.42644450068473816,0.9860407114028931,0.9597694277763367,0.0,0.9144101142883301,-8.322863578796387,1.0070059299468994,0.1625414341688156,0.13212811946868896,0.06182878464460373,1.0114929676055908,0.35922303795814514,-2.0071640014648438,0.18672651052474976,0.9600940346717834,0.919363260269165,-2.0098953247070312,0.7882165908813477,1.4142318964004517,0.4382028579711914,0.987503707408905,0.9966685175895691,0.0,0.9556479454040527,1.605515480041504,20.085529327392578,20.085529327392578,20.085529327392578,1.6023454666137695,11.991333961486816,1.605558156967163,20.085500717163086,20.085500717163086,20.085500717163086,1.6022933721542358,11.985391616821289
66,-8.72507095336914,0.9969367384910583,0.16268455982208252,0.12683507800102234,0.06455255299806595,0.999248206615448,0.3178621232509613,-1.9888814687728882,0.18717128038406372,0.9712792634963989,0.9192949533462524,-1.996518611907959,0.8382331132888794,1.4142247438430786,0.42600637674331665,0.9857233762741089,0.9588248133659363,0.0,0.9150227904319763,-8.334161758422852,1.0070059299468994,0.16300559043884277,0.13176818192005157,0.06159196421504021,1.0114929676055908,0.35705870389938354,-2.0071640014648438,0.18439173698425293,0.9601660370826721,0.9198771715164185,-2.0098953247070312,0.7904349565505981,1.4142318964004517,0.4383191764354706,0.9894962906837463,0.9983572959899902,0.0,0.9569574594497681,1.6054160594940186,20.085529327392578,20.085529327392578,20.085529327392578,1.6023409366607666,12.011451721191406,1.6052688360214233,20.085500717163086,20.085500717163086,20.085500717163086,1.6023359298706055,12.001496315002441
67,-8.720779418945312,0.9970608949661255,0.16280916333198547,0.12683062255382538,0.06449606269598007,0.9992194175720215,0.318666011095047,-1.9888803958892822,0.187036395072937,0.9712362289428711,0.9188031554222107,-1.9965190887451172,0.8375005722045898,1.4142247438430786,0.4273245334625244,0.9863133430480957,0.9601647257804871,0.0,0.915995717048645,-8.35387134552002,1.0070059299468994,0.16305455565452576,0.13139234483242035,0.06156890466809273,1.0114929676055908,0.3545573949813843,-2.0071640014648438,0.18394631147384644,0.960837185382843,0.9209222793579102,-2.0098953247070312,0.7927804589271545,1.4142318964004517,0.4386022388935089,0.9841329455375671,0.9992443323135376,0.0,0.9536559581756592,1.605635643005371,20.085529327392578,20.085529327392578,20.085529327392578,1.6022870540618896,12.027870178222656,1.6059269905090332,20.085500717163086,20.085500717163086,20.085500717163086,1.60235595703125,12.019081115722656
68,-8.717949867248535,0.9970296621322632,0.162854865193367,0.12657546997070312,0.06450077891349792,0.999004602432251,0.3201037347316742,-1.9888803958892822,0.1864972710609436,0.9714953303337097,0.9188753962516785,-1.996518850326538,0.8367801308631897,1.4142247438430786,0.42657387256622314,0.9853702187538147,0.9583839774131775,0.0,0.9159353971481323,-8.349247932434082,1.0070059299468994,0.16280117630958557,0.1322897970676422,0.061484504491090775,1.0114929676055908,0.35520821809768677,-2.0071640014648438,0.18674582242965698,0.9606114029884338,0.9205960035324097,-2.0098953247070312,0.7922653555870056,1.4142318964004517,0.4381224811077118,0.9897022247314453,0.9987346529960632,0.0,0.9572291374206543,1.6055479049682617,20.085529327392578,20.085529327392578,20.085529327392578,1.6022107601165771,12.039894104003906,1.6055724620819092,20.085500717163086,20.085500717163086,20.085500717163086,1.6018362045288086,12.032383918762207
69,-8.730815887451172,0.9970848560333252,0.16249242424964905,0.12570378184318542,0.06447725743055344,0.9991575479507446,0.3189122974872589,-1.9888802766799927,0.1881774663925171,0.9717249274253845,0.919540524482727,-1.9965187311172485,0.8384206295013428,1.4142247438430786,0.42617252469062805,0.9857191443443298,0.959197998046875,0.0,0.9143202304840088,-8.316449165344238,1.0070059299468994,0.16264225542545319,0.13270160555839539,0.061596471816301346,1.0114929676055908,0.3603895306587219,-2.0071640014648438,0.18787628412246704,0.9605339765548706,0.9200859069824219,-2.0098953247070312,0.7867366075515747,1.4142318964004517,0.4394300878047943,0.9949060082435608,0.9978720545768738,0.0,0.960862934589386,1.6057703495025635,20.085529327392578,20.085529327392578,20.085529327392578,1.6022107601165771,12.056449890136719,1.6056996583938599,20.085500717163086,20.085500717163086,20.085500717163086,1.602253794670105,12.045924186706543
70,-8.727609634399414,0.9971504807472229,0.1626279354095459,0.12674857676029205,0.06430354714393616,0.9990793466567993,0.31690385937690735,-1.9888801574707031,0.18686974048614502,0.9710069298744202,0.9191931486129761,-1.9965190887451172,0.8387030363082886,1.4142247438430786,0.4300423562526703,0.9863875508308411,0.959284782409668,0.0,0.9156526327133179,-8.314153671264648,1.0070059299468994,0.16257910430431366,0.13177500665187836,0.06147734448313713,1.0114929676055908,0.360446572303772,-2.0071640014648438,0.18809640407562256,0.9603305459022522,0.9205374717712402,-2.0098953247070312,0.7865071296691895,1.4142318964004517,0.4372914433479309,0.9928431510925293,0.9998697638511658,0.0,0.9603769779205322,1.6056487560272217,20.085529327392578,20.085529327392578,20.085529327392578,1.6022634506225586,12.073736190795898,1.6062623262405396,20.085500717163086,20.085500717163086,20.085500717163086,1.6020666360855103,12.063861846923828
71,-8.72176742553711,0.9971155524253845,0.16232243180274963,0.12616683542728424,0.06430148333311081,0.9992503523826599,0.31987541913986206,-1.9888801574707031,0.1899455189704895,0.971403181552887,0.9200369715690613,-1.996518850326538,0.8369540572166443,1.4142247438430786,0.42642056941986084,0.9856259226799011,0.9609386920928955,0.0,0.9151056408882141,-8.293200492858887,1.0070059299468994,0.16273358464241028,0.1325678527355194,0.061327945441007614,1.0114929676055908,0.3632359504699707,-2.0071640014648438,0.18767547607421875,0.9598747491836548,0.9211052060127258,-2.0098953247070312,0.783937931060791,1.4142318964004517,0.4400297701358795,0.9929702877998352,0.9974077343940735,0.0,0.959924578666687,1.6056554317474365,20.085529327392578,20.085529327392578,20.085529327392578,1.6021878719329834,12.084687232971191,1.605431079864502,20.085500717163086,20.085500717163086,20.085500717163086,1.6022908687591553,12.081111907958984
72,-8.715264320373535,0.997285783290863,0.1626717746257782,0.1268755942583084,0.06421643495559692,0.998801589012146,0.31910961866378784,-1.9888803958892822,0.187421977519989,0.9709959626197815,0.9195954203605652,-1.9965194463729858,0.8367753028869629,1.4142247438430786,0.42834386229515076,0.9850839376449585,0.9593192338943481,0.0,0.9160140156745911,-8.351146697998047,1.0070059299468994,0.16271033883094788,0.13286654651165009,0.06185465306043625,1.0114929676055908,0.35342249274253845,-2.0071640014648438,0.1882472038269043,0.9596633911132812,0.9192386865615845,-2.0098953247070312,0.7942225933074951,1.4142318964004517,0.44081515073776245,0.9973230361938477,0.998171329498291,0.0,0.9509942531585693,1.6056396961212158,20.085529327392578,20.085529327392578,20.085529327392578,1.6021921634674072,12.094636917114258,1.60554039478302,20.085500717163086,20.085500717163086,20.085500717163086,1.602413535118103,12.087728500366211
73,-8.720010757446289,0.9969591498374939,0.16187813878059387,0.1273946762084961,0.06415867805480957,0.9988822340965271,0.3192674517631531,-1.988881230354309,0.19383633136749268,0.9707770347595215,0.9204294085502625,-1.996518850326538,0.8374161720275879,1.4142247438430786,0.4280363619327545,0.9858209490776062,0.961262047290802,0.0,0.9137612581253052,-8.336784362792969,1.0070059299468994,0.16285505890846252,0.13169164955615997,0.0612960085272789,1.0114929676055908,0.3569849133491516,-2.0071640014648438,0.18695712089538574,0.9603995084762573,0.9212013483047485,-2.0098953247070312,0.7906942367553711,1.4142318964004517,0.4407128691673279,0.9945307374000549,0.9976673722267151,0.0,0.9559175968170166,1.6056327819824219,20.085529327392578,20.085529327392578,20.085529327392578,1.6021416187286377,12.101073265075684,1.605720043182373,20.085500717163086,20.085500717163086,20.085500717163086,1.6019766330718994,12.097436904907227
74,-8.72791862487793,0.996985673904419,0.1626139134168625,0.12637442350387573,0.06451182812452316,0.999321699142456,0.31808334589004517,-1.9888811111450195,0.18745678663253784,0.9712726473808289,0.9197254180908203,-1.9965193271636963,0.8384729623794556,1.4142247438430786,0.42615407705307007,0.9871562719345093,0.9593397974967957,0.0,0.9153135418891907,-8.314661026000977,1.0070059299468994,0.16270136833190918,0.13279984891414642,0.06145211309194565,1.0114929676055908,0.359382688999176,-2.0071640014648438,0.18815404176712036,0.959539532661438,0.9205438494682312,-2.0098953247070312,0.7882513403892517,1.4142318964004517,0.44010215997695923,0.9900187849998474,0.9974116086959839,0.0,0.9557622671127319,1.6057138442993164,20.085529327392578,20.085529327392578,20.085529327392578,1.602146863937378,12.108863830566406,1.605778694152832,20.085500717163086,20.085500717163086,20.085500717163086,1.602243423461914,12.105732917785645
75,-8.725353240966797,0.9974674582481384,0.16266286373138428,0.12601079046726227,0.06458091735839844,0.9995844960212708,0.3183910846710205,-1.9888811111450195,0.18703126907348633,0.9714997410774231,0.9195201992988586,-1.9965194463729858,0.8378175497055054,1.4142247438430786,0.42643481492996216,0.9855592250823975,0.9600789546966553,0.0,0.9140011668205261,-8.33656120300293,1.0070059299468994,0.16260693967342377,0.13272914290428162,0.06172461062669754,1.0114929676055908,0.3558726906776428,-2.0071640014648438,0.18847978115081787,0.9596259593963623,0.9196833372116089,-2.0098953247070312,0.7917588949203491,1.4142318964004517,0.43985483050346375,0.9923236966133118,0.9969673752784729,0.0,0.9531369209289551,1.6056935787200928,20.085529327392578,20.085529327392578,20.085529327392578,1.6021203994750977,12.11527156829834,1.6059131622314453,20.085500717163086,20.085500717163086,20.085500717163086,1.602084994316101,12.111470222473145
76,-8.730683326721191,0.9973546266555786,0.16255469620227814,0.12658151984214783,0.06427790969610214,0.9987492561340332,0.3184909522533417,-1.9888806343078613,0.18763130903244019,0.9714632034301758,0.9198637008666992,-1.996518850326538,0.8386847972869873,1.4142247438430786,0.42723408341407776,0.9860879182815552,0.9597153067588806,0.0,0.9148620367050171,-8.288735389709473,1.0070059299468994,0.1639997363090515,0.1321568489074707,0.06140759587287903,1.0114929676055908,0.362713485956192,-2.0071640014648438,0.17382276058197021,0.9599703550338745,0.9211264848709106,-2.0098953247070312,0.7845491766929626,1.4142318964004517,0.440017431974411,0.9930285215377808,0.999110758304596,0.0,0.9579809308052063,1.6056852340698242,20.085529327392578,20.085529327392578,20.085529327392578,1.602154016494751,12.123137474060059,1.6056674718856812,20.085500717163086,20.085500717163086,20.085500717163086,1.6019947528839111,12.119751930236816
77,-8.726203918457031,0.9971545338630676,0.16293081641197205,0.12663035094738007,0.06435675173997879,0.9995865225791931,0.3179984986782074,-1.9888815879821777,0.18613219261169434,0.9714985489845276,0.9199641346931458,-1.9965189695358276,0.837928056716919,1.4142247438430786,0.4265768229961395,0.9865938425064087,0.9601669311523438,0.0,0.9156976938247681,-8.318021774291992,1.0070059299468994,0.16263683140277863,0.13208231329917908,0.06144390255212784,1.0114929676055908,0.3597393333911896,-2.0071640014648438,0.1883125901222229,0.960156261920929,0.9207722544670105,-2.0098953247070312,0.7878252863883972,1.4142318964004517,0.4398772716522217,0.995995283126831,0.9985795021057129,0.0,0.9554604887962341,1.6056318283081055,20.085529327392578,20.085529327392578,20.085529327392578,1.6022522449493408,12.128960609436035,1.6056901216506958,20.085500717163086,20.085500717163086,20.085500717163086,1.602170705795288,12.125060081481934
78,-8.734216690063477,0.997722327709198,0.16188429296016693,0.125822976231575,0.06416944414377213,0.999085545539856,0.3188457190990448,-1.9888807535171509,0.19302964210510254,0.9717790484428406,0.920439600944519,-1.996518850326538,0.8385093212127686,1.4142247438430786,0.4270317554473877,0.9865218997001648,0.9606548547744751,0.0,0.91312575340271,-8.31509780883789,1.0070059299468994,0.16260313987731934,0.13233907520771027,0.06138167530298233,1.0114929676055908,0.35984542965888977,-2.0071640014648438,0.1882736086845398,0.9599362015724182,0.9209834933280945,-2.0098953247070312,0.7876526713371277,1.4142318964004517,0.4403023421764374,0.9936609864234924,0.9988881945610046,0.0,0.9571354389190674,1.6057169437408447,20.085529327392578,20.085529327392578,20.085529327392578,1.6021645069122314,12.133210182189941,1.6057345867156982,20.085500717163086,20.085500717163086,20.085500717163086,1.6021534204483032,12.132124900817871
79,-8.736353874206543,0.9975835084915161,0.1622271090745926,0.12605421245098114,0.06419896334409714,0.9989067912101746,0.31722840666770935,-1.9888801574707031,0.19094473123550415,0.9716357588768005,0.9201171398162842,-1.9965193271636963,0.8390037417411804,1.4142247438430786,0.42741379141807556,0.9861765503883362,0.9595847725868225,0.0,0.9156193733215332,-8.304253578186035,1.0070059299468994,0.1631300449371338,0.13208727538585663,0.061320967972278595,1.0114929676055908,0.36134371161460876,-2.0071640014648438,0.18399912118911743,0.9600704908370972,0.9212177991867065,-2.0098953247070312,0.7861698865890503,1.4142318964004517,0.4406231641769409,0.9924229383468628,0.9974823594093323,0.0,0.9570314288139343,1.6056625843048096,20.085529327392578,20.085529327392578,20.085529327392578,1.6022002696990967,12.136443138122559,1.6056016683578491,20.085500717163086,20.085500717163086,20.085500717163086,1.6021943092346191,12.134512901306152
