epoch,circular_loss_combo_A,circular_loss_combo_B,kappa_sky_position,loss,mae_inclination,mae_mchirp,mae_merger_time,mae_snr,r2_inclination,r2_mchirp,r2_merger_time,r2_snr,std_ratio_inclination,std_ratio_mchirp,std_ratio_merger_time,std_ratio_snr,val_circular_loss_combo_A,val_circular_loss_combo_B,val_kappa_sky_position,val_loss,val_mae_inclination,val_mae_mchirp,val_mae_merger_time,val_mae_snr,val_r2_inclination,val_r2_mchirp,val_r2_merger_time,val_r2_snr,val_std_ratio_inclination,val_std_ratio_mchirp,val_std_ratio_merger_time,val_std_ratio_snr,val_weight_combo_A,val_weight_combo_B,val_weight_inclination,val_weight_mchirp,val_weight_merger_time,val_weight_sky_position,val_weight_snr,weight_combo_A,weight_combo_B,weight_inclination,weight_mchirp,weight_merger_time,weight_sky_position,weight_snr
0,0.9939796924591064,1.0075691938400269,0.15667307376861572,5.870459079742432,0.924781322479248,1.2983883619308472,0.29650798439979553,1.0215811729431152,-1.779357671737671,-4.575768947601318,-0.5376561880111694,-0.6323662996292114,1.325677514076233,2.1327006816864014,0.7262123227119446,0.857696533203125,1.00251305103302,1.0116498470306396,0.09999995678663254,4.6249799728393555,0.6681827902793884,0.8562612533569336,0.3141658902168274,0.8031682968139648,-0.1845024824142456,-0.10342252254486084,-0.8040426969528198,0.10118579864501953,0.352223664522171,0.19460147619247437,0.13611650466918945,0.25496840476989746,1.1754024028778076,1.173340082168579,1.1861608028411865,1.019283413887024,1.2184360027313232,0.8497084379196167,1.1493327617645264,1.0923681259155273,1.091139793395996,1.0736926794052124,0.9989754557609558,1.1061702966690063,0.9234406352043152,1.0571620464324951
1,0.9900596141815186,1.0043319463729858,0.10000019520521164,4.317017078399658,0.7540825009346008,0.8399670124053955,0.2628631591796875,0.7545444965362549,-0.6657889485359192,-0.07912838459014893,-0.15887463092803955,0.14042139053344727,0.8094435334205627,0.5599531531333923,0.44590336084365845,0.7197260856628418,0.9988508820533752,1.0116629600524902,0.09999995678663254,3.724158525466919,0.7002198100090027,0.7704030275344849,0.23980548977851868,0.6042593717575073,-0.360318660736084,0.12622207403182983,0.04559510946273804,0.4364417791366577,0.46517208218574524,0.44029441475868225,0.2174612283706665,0.6437766551971436,1.292587161064148,1.2757387161254883,1.4469149112701416,1.096126675605774,1.483241081237793,0.7302718162536621,1.4261122941970825,1.2399543523788452,1.2345021963119507,1.3144557476043701,1.0546579360961914,1.3472973108291626,0.7867721319198608,1.281417965888977
2,0.9914184212684631,1.0039145946502686,0.10000019520521164,3.565537691116333,0.7154315114021301,0.7837439775466919,0.2444201558828354,0.6785914301872253,-0.4511452913284302,0.05715763568878174,-0.00503849983215332,0.2900773286819458,0.6644546389579773,0.5870411396026611,0.4279979169368744,0.8071243762969971,0.9991334676742554,1.0117443799972534,0.09999995678663254,3.178851366043091,0.661401629447937,0.765178918838501,0.21073541045188904,0.6629122495651245,-0.15524977445602417,0.12113326787948608,0.23527789115905762,0.3341427445411682,0.3704809248447418,0.4765370786190033,0.3019912540912628,0.7497790455818176,1.3377315998077393,1.3188121318817139,1.7385908365249634,1.2064905166625977,1.8040459156036377,0.6412854790687561,1.738426923751831,1.3187780380249023,1.2988594770431519,1.5926018953323364,1.1488583087921143,1.6392841339111328,0.6833903193473816,1.579412817955017
3,0.9915564060211182,1.0029462575912476,0.10000019520521164,2.9007997512817383,0.6966380476951599,0.7524136900901794,0.20827682316303253,0.6039990782737732,-0.3552544116973877,0.12595683336257935,0.23909991979599,0.4320313334465027,0.599411129951477,0.606508731842041,0.5391822457313538,0.7976323962211609,0.9995522499084473,1.0115721225738525,0.09999995678663254,2.824681282043457,0.6787554025650024,0.7441398501396179,0.146174818277359,0.7361597418785095,-0.2565963864326477,0.1769726276397705,0.5972586870193481,0.2024044394493103,0.409591406583786,0.5969165563583374,0.6061669588088989,0.8422380685806274,1.3435660600662231,1.334689974784851,2.0473198890686035,1.3455458879470825,2.196388006210327,0.5746763944625854,2.1124625205993652,1.3469340801239014,1.3259104490280151,1.891634464263916,1.2729369401931763,1.9943525791168213,0.6062208414077759,1.9226831197738647
4,0.989061176776886,1.003838300704956,0.10000019520521164,2.2424001693725586,0.6808133721351624,0.6816550493240356,0.16422684490680695,0.5534776449203491,-0.26362907886505127,0.2709307074546814,0.49109864234924316,0.5202799439430237,0.5097110271453857,0.6516797542572021,0.7135815620422363,0.8183100819587708,1.0004957914352417,1.0113284587860107,0.09999995678663254,1.6806949377059937,0.6470213532447815,0.5595740675926208,0.12514719367027283,0.4798648953437805,-0.07384192943572998,0.5053451061248779,0.6833437085151672,0.6331932544708252,0.24723376333713531,0.6781405806541443,0.7478122711181641,0.8410833477973938,1.3505631685256958,1.3270161151885986,2.3684792518615723,1.5264588594436646,2.6788504123687744,0.5246047973632812,2.5505547523498535,1.3526955842971802,1.329513669013977,2.2123935222625732,1.432979702949524,2.430806875228882,0.5483243465423584,2.326465129852295
5,0.9901664853096008,1.003689169883728,0.10000019520521164,1.591313362121582,0.6646245718002319,0.57747882604599,0.1480630338191986,0.5192478895187378,-0.17724990844726562,0.4615817070007324,0.5702110528945923,0.5756271481513977,0.4293386936187744,0.7665489315986633,0.8150908350944519,0.8486065864562988,0.9989174008369446,1.0114169120788574,0.09999995678663254,1.3990862369537354,0.6641826629638672,0.5777184963226318,0.11204372346401215,0.5340926051139832,-0.17009776830673218,0.5182980298995972,0.7357996702194214,0.5593703389167786,0.42306438088417053,0.8612104058265686,0.8122079968452454,0.8638562560081482,1.3546665906906128,1.3336256742477417,2.7009222507476807,1.777893304824829,3.264061450958252,0.4869624972343445,3.045081853866577,1.3492618799209595,1.3289813995361328,2.5417563915252686,1.6465376615524292,2.9634857177734375,0.5047965049743652,2.7974226474761963
6,0.9900996088981628,1.0034371614456177,0.10000019520521164,0.9824422597885132,0.6651433110237122,0.4904663562774658,0.13334381580352783,0.47791624069213867,-0.1746644377708435,0.6024384498596191,0.6490652561187744,0.63897305727005,0.4272720217704773,0.8456770181655884,0.8666178584098816,0.8550384044647217,0.9989719986915588,1.0109894275665283,0.09999995678663254,0.7186001539230347,0.6506820917129517,0.44152364134788513,0.09870123863220215,0.5052357912063599,-0.09371066093444824,0.701033353805542,0.7950507998466492,0.597703754901886,0.2675958275794983,0.8437975645065308,0.9248124957084656,0.8680578470230103,1.351582407951355,1.3268479108810425,2.9804744720458984,2.1080448627471924,3.9758708477020264,0.45886164903640747,3.6237645149230957,1.3559514284133911,1.3372204303741455,2.8440091609954834,1.9356231689453125,3.6103222370147705,0.4721505045890808,3.3352184295654297
7,0.9898114800453186,1.0033985376358032,0.10000019520521164,0.4615330994129181,0.6592274904251099,0.4412343502044678,0.12131655216217041,0.4629143178462982,-0.1399415135383606,0.6736583709716797,0.7040278911590576,0.6631771326065063,0.381835401058197,0.8832737803459167,0.903086245059967,0.86700040102005,0.9987756609916687,1.0102753639221191,0.09999995678663254,0.2900238037109375,0.643317461013794,0.5180963277816772,0.09365767985582352,0.45746737718582153,-0.03716385364532471,0.6139315366744995,0.8081242442131042,0.6644026041030884,0.1670195311307907,0.9539908766746521,0.9598067998886108,0.8841826319694519,1.3553084135055542,1.3342934846878052,3.2156124114990234,2.5152945518493652,4.839946746826172,0.43816763162612915,4.213515281677246,1.3511866331100464,1.3254106044769287,3.1109020709991455,2.306440591812134,4.396058559417725,0.44792085886001587,3.9297854900360107
8,0.9894689917564392,1.003488302230835,0.10000019520521164,-0.023084688931703568,0.6556699872016907,0.4019491970539093,0.11730651557445526,0.4410637319087982,-0.12149584293365479,0.7238788604736328,0.7257667779922485,0.6886564493179321,0.3575936257839203,0.9041673541069031,0.9203334450721741,0.8797802329063416,0.9984827041625977,1.010313630104065,0.09999995678663254,-0.19310767948627472,0.6940625905990601,0.3770619332790375,0.11676627397537231,0.4063819348812103,-0.3475249409675598,0.777908205986023,0.7257803082466125,0.7344866394996643,0.5605021715164185,0.9690128564834595,0.9769687652587891,0.8572675585746765,1.3498914241790771,1.334686279296875,3.4063804149627686,3.0093607902526855,5.883968830108643,0.4232160449028015,4.844788551330566,1.357620120048523,1.3301074504852295,3.316851854324341,2.7541587352752686,5.348494052886963,0.4302372932434082,4.531257629394531
9,0.9895263314247131,1.0034663677215576,0.10000019520521164,-0.49041515588760376,0.6522524952888489,0.3573877513408661,0.10878302156925201,0.43098998069763184,-0.11235219240188599,0.7747921943664551,0.762675404548645,0.7051564455032349,0.3548852503299713,0.9127097725868225,0.9317806363105774,0.8780829310417175,0.9992982149124146,1.0096129179000854,0.09999995678663254,-0.96404629945755,0.6391987800598145,0.26456448435783386,0.08437292277812958,0.4096854627132416,-0.0180894136428833,0.8679543137550354,0.8465532660484314,0.7335803508758545,0.1306808739900589,0.9430398941040039,0.9998420476913452,0.8267807364463806,1.3511507511138916,1.3349789381027222,3.5291285514831543,3.6111538410186768,7.149106025695801,0.4127122759819031,5.481387615203857,1.357157826423645,1.329463005065918,3.4658620357513428,3.3079495429992676,6.500185489654541,0.4176139831542969,5.167760848999023
10,0.9895129203796387,1.003232479095459,0.10000019520521164,-0.8778408765792847,0.6497754454612732,0.34544864296913147,0.10613241791725159,0.4245920777320862,-0.08873134851455688,0.7898410558700562,0.7721681594848633,0.7143622636795044,0.31192588806152344,0.9253769516944885,0.9410927891731262,0.8842989206314087,0.9988813400268555,1.0088070631027222,0.09999995678663254,-0.9748771786689758,0.6533085107803345,0.4435489773750305,0.09051012992858887,0.3968363106250763,-0.09702789783477783,0.7346963286399841,0.8268792033195496,0.7464371919631958,0.262647807598114,0.9332530498504639,0.9974687695503235,0.8858475089073181,1.3509738445281982,1.3293685913085938,3.6358425617218018,4.303781986236572,8.671751976013184,0.40558987855911255,6.043976783752441,1.3563313484191895,1.3327713012695312,3.5895168781280518,3.9538614749908447,7.8922438621521,0.4088911712169647,5.763287544250488
11,0.9898653626441956,1.0033166408538818,0.10000019520521164,-1.2277629375457764,0.6507371664047241,0.3166430592536926,0.10091689229011536,0.42788514494895935,-0.09369748830795288,0.8204494714736938,0.7952772378921509,0.7100772857666016,0.3178369998931885,0.933642566204071,0.9416660070419312,0.8930240869522095,0.9988877773284912,1.0079150199890137,0.09999995678663254,-1.615891456604004,0.6387854814529419,0.2725162208080292,0.09061691910028458,0.40589070320129395,-0.01141655445098877,0.8686119318008423,0.8297679424285889,0.7321364879608154,0.11450567096471786,0.907728910446167,0.9975281357765198,0.8821163177490234,1.3506697416305542,1.327692985534668,3.667959690093994,5.121687889099121,10.510293960571289,0.40099233388900757,6.423737525939941,1.353763461112976,1.3320989608764648,3.6687960624694824,4.705741882324219,9.569353103637695,0.40310823917388916,6.273479461669922
12,0.9891566634178162,1.0029600858688354,0.10000019520521164,-1.7283732891082764,0.6472444534301758,0.2879936397075653,0.09414895623922348,0.39694744348526,-0.07711941003799438,0.8460880517959595,0.8190057277679443,0.7496738433837891,0.2998143434524536,0.9364853501319885,0.9420474171638489,0.8828428387641907,0.9989376664161682,1.0074129104614258,0.09999995678663254,-1.9144624471664429,0.6407829523086548,0.30771225690841675,0.07758625596761703,0.4012996256351471,-0.030287623405456543,0.8520028591156006,0.8701877593994141,0.7458419799804688,0.13575932383537292,0.9525213241577148,0.9861822724342346,0.8517284989356995,1.3515385389328003,1.3358571529388428,3.7084555625915527,6.111446857452393,12.735466003417969,0.3981497287750244,7.078294277191162,1.355491042137146,1.3289662599563599,3.7135252952575684,5.6110520362854,11.593973159790039,0.3994453251361847,6.763666152954102
13,0.9896047115325928,1.003037452697754,0.10000019520521164,-1.9154343605041504,0.648314893245697,0.30148202180862427,0.0938093438744545,0.4106270968914032,-0.07099604606628418,0.8381481170654297,0.8220672607421875,0.7319508790969849,0.26856887340545654,0.9487767219543457,0.9532926082611084,0.8937599658966064,0.9980915188789368,1.0073826313018799,0.09999995678663254,-2.2584035396575928,0.6472404599189758,0.24929924309253693,0.09393788129091263,0.39901745319366455,-0.06546342372894287,0.8909884691238403,0.8195843696594238,0.7480038404464722,0.23171253502368927,0.9636552929878235,0.9824996590614319,0.8624045252799988,1.3499404191970825,1.331222414970398,3.735478639602661,7.114867210388184,15.394102096557617,0.39653658866882324,7.2878217697143555,1.3553663492202759,1.3367176055908203,3.7377231121063232,6.580848693847656,14.03588581085205,0.39724409580230713,7.2572808265686035
14,0.989560604095459,1.0026668310165405,0.10000019520521164,-2.3475077152252197,0.6432044506072998,0.2717634439468384,0.09116067737340927,0.3963069021701813,-0.04567372798919678,0.8646617531776428,0.8323363065719604,0.7513712048530579,0.23408089578151703,0.9483792781829834,0.9522417187690735,0.8887355923652649,0.9990273714065552,1.0061664581298828,0.09999995678663254,-2.4752049446105957,0.6514034271240234,0.2746363580226898,0.08997561037540436,0.39570853114128113,-0.09780949354171753,0.8841636180877686,0.8313900232315063,0.7500548362731934,0.2876213490962982,0.912890613079071,0.9781990647315979,0.8546388745307922,1.3479892015457153,1.324569821357727,3.8047165870666504,8.338703155517578,18.576641082763672,0.3956613838672638,7.682096004486084,1.3553060293197632,1.3327741622924805,3.7894480228424072,7.737512111663818,16.94970703125,0.3960493505001068,7.469429016113281
15,0.9892864227294922,1.00229012966156,0.10000019520521164,-2.596637725830078,0.6467073559761047,0.2642078101634979,0.08740411698818207,0.39132940769195557,-0.06390738487243652,0.8708058595657349,0.8445979356765747,0.755565881729126,0.2632441818714142,0.952184796333313,0.9497751593589783,0.8899645209312439,0.9982708692550659,1.0054205656051636,0.09999995678663254,-2.6650798320770264,0.6386056542396545,0.20868642628192902,0.08314089477062225,0.4389367997646332,-0.014521300792694092,0.9190366268157959,0.855696439743042,0.6945254802703857,0.10808634012937546,0.976851761341095,0.9787613153457642,0.8694130182266235,1.3565605878829956,1.3281428813934326,3.799917697906494,9.646910667419434,20.085529327392578,0.3952825665473938,8.013212203979492,1.3526360988616943,1.3300398588180542,3.789294481277466,8.98194694519043,19.771333694458008,0.39542537927627563,7.8712239265441895
16,0.9891277551651001,1.00254225730896,0.10000019520521164,-2.7770891189575195,0.6433860063552856,0.24457670748233795,0.08335404843091965,0.39212071895599365,-0.047325849533081055,0.8876712322235107,0.8587707281112671,0.756534993648529,0.24098041653633118,0.9543752074241638,0.9470053315162659,0.8893329501152039,0.9982813596725464,1.0047913789749146,0.09999995678663254,-2.965001344680786,0.6421234607696533,0.1993178129196167,0.0868213027715683,0.39472851157188416,-0.040129661560058594,0.9251980781555176,0.8434630632400513,0.7496459484100342,0.14975889027118683,0.9520602822303772,0.9792793989181519,0.8828882575035095,1.3438502550125122,1.3363492488861084,3.8335328102111816,11.201630592346191,20.085529327392578,0.3951112627983093,8.183988571166992,1.3579936027526855,1.3310126066207886,3.8231091499328613,10.433670043945312,20.085500717163086,0.39520975947380066,8.108235359191895
17,0.9896501302719116,1.0020530223846436,0.10000019520521164,-2.8357250690460205,0.6437380909919739,0.2414931058883667,0.08374100923538208,0.3937161862850189,-0.048542320728302,0.8895326256752014,0.8574450016021729,0.7523617744445801,0.23490473628044128,0.9595397710800171,0.9462693929672241,0.8965423107147217,0.9984756112098694,1.0041848421096802,0.09999995678663254,-2.966625690460205,0.6519324779510498,0.24285951256752014,0.08250382542610168,0.3765965700149536,-0.09304064512252808,0.904901921749115,0.8546712398529053,0.773661732673645,0.2294895052909851,0.9767192602157593,1.025887131690979,0.8729166388511658,1.353046178817749,1.3345601558685303,3.8334758281707764,12.757478713989258,20.085529327392578,0.395145446062088,8.197683334350586,1.3488301038742065,1.3332650661468506,3.839899778366089,11.977116584777832,20.085500717163086,0.39511188864707947,8.118082046508789
18,0.9891700148582458,1.0022376775741577,0.10000019520521164,-2.957645893096924,0.6452521681785583,0.23351605236530304,0.08177362382411957,0.38766857981681824,-0.05592381954193115,0.8971847295761108,0.8654690980911255,0.7614447474479675,0.24407130479812622,0.9584011435508728,0.9517541527748108,0.893004834651947,0.9984937310218811,1.002733826637268,0.09999995678663254,-3.2955784797668457,0.6436929106712341,0.17947204411029816,0.08312386274337769,0.37445467710494995,-0.04171478748321533,0.9360445141792297,0.8574371337890625,0.7755197882652283,0.12433235347270966,1.0134865045547485,0.9636591672897339,0.8591423034667969,1.3530385494232178,1.335600733757019,3.828368663787842,14.408609390258789,20.085529327392578,0.39522939920425415,8.3831787109375,1.356165885925293,1.3354641199111938,3.816899299621582,13.635552406311035,20.085500717163086,0.3951694369316101,8.288844108581543
19,0.989684522151947,1.001784324645996,0.10000019520521164,-3.1191134452819824,0.6433184146881104,0.21738190948963165,0.0801563486456871,0.38157591223716736,-0.04512965679168701,0.9092162847518921,0.8704687356948853,0.7674908638000488,0.22455330193042755,0.9618083834648132,0.9487647414207458,0.8922854661941528,0.9989497065544128,1.0028268098831177,0.09999995678663254,-3.060089349746704,0.6426020860671997,0.22060510516166687,0.07491492480039597,0.40121373534202576,-0.03763049840927124,0.9142735600471497,0.8792982697486877,0.7400192022323608,0.15011756122112274,1.017944574356079,0.9679965376853943,0.9118524789810181,1.348542332649231,1.338326334953308,3.8426270484924316,16.3681640625,20.085529327392578,0.3953513503074646,8.591794967651367,1.3578293323516846,1.3298295736312866,3.841900587081909,15.378750801086426,20.085500717163086,0.39531007409095764,8.487157821655273
20,0.9892861843109131,1.0015437602996826,0.10000019520521164,-3.127821683883667,0.642143726348877,0.22533708810806274,0.07898849248886108,0.37976863980293274,-0.03560328483581543,0.9038298726081848,0.874753475189209,0.7698282599449158,0.20207376778125763,0.9665573835372925,0.9440345168113708,0.8923582434654236,0.9986913204193115,1.0019599199295044,0.09999995678663254,-3.486473560333252,0.6386690735816956,0.17179745435714722,0.06787445396184921,0.37601521611213684,-0.016290783882141113,0.9410488605499268,0.9010442495346069,0.771599292755127,0.08355197310447693,0.9840835332870483,0.971561074256897,0.8885038495063782,1.350860834121704,1.333072543144226,3.8668885231018066,17.813539505004883,20.085529327392578,0.3952295184135437,8.767965316772461,1.3522874116897583,1.33686363697052,3.865795612335205,17.058767318725586,20.085500717163086,0.3952316343784332,8.631750106811523
21,0.9890527129173279,1.0017744302749634,0.10000019520521164,-3.1864542961120605,0.6428384780883789,0.2153085470199585,0.07798438519239426,0.3858180642127991,-0.0387192964553833,0.9124059081077576,0.8772901892662048,0.7622387409210205,0.20594608783721924,0.9664584398269653,0.9504715204238892,0.8923289775848389,0.9976562261581421,1.0019593238830566,0.09999995678663254,-3.028550148010254,0.640076756477356,0.21750278770923615,0.06979483366012573,0.43455037474632263,-0.02240443229675293,0.9219576120376587,0.894633412361145,0.7001359462738037,0.08768969774246216,0.9381158947944641,0.9840350151062012,0.8844055533409119,1.3581162691116333,1.3338156938552856,3.8749594688415527,19.551227569580078,20.085529327392578,0.39536404609680176,8.626681327819824,1.3537834882736206,1.3297227621078491,3.865948438644409,18.744586944580078,20.085500717163086,0.3953041136264801,8.623259544372559
22,0.9895555973052979,1.0017331838607788,0.10000019520521164,-3.333609104156494,0.641185462474823,0.20259127020835876,0.0777314305305481,0.37686097621917725,-0.032096683979034424,0.9204493165016174,0.8788958787918091,0.774431049823761,0.1967420130968094,0.9664146900177002,0.9477429389953613,0.8943373560905457,0.9982079863548279,1.001039981842041,0.09999995678663254,-3.2503879070281982,0.642902135848999,0.18996888399124146,0.09388293325901031,0.39369213581085205,-0.0418933629989624,0.9298386573791504,0.8231830596923828,0.749545156955719,0.08867378532886505,0.9572798013687134,0.9847560524940491,0.8830955028533936,1.3533289432525635,1.3335683345794678,3.8967392444610596,20.085529327392578,20.085529327392578,0.3953828513622284,8.878264427185059,1.3578494787216187,1.335440754890442,3.882948875427246,19.993019104003906,20.085500717163086,0.3954002857208252,8.718097686767578
23,0.9894229769706726,1.0013781785964966,0.10000019520521164,-3.3902411460876465,0.6414734721183777,0.19307301938533783,0.07729363441467285,0.37876155972480774,-0.031453490257263184,0.9268642663955688,0.8802463412284851,0.7727132439613342,0.18870048224925995,0.9682100415229797,0.9506997466087341,0.8952565789222717,0.9980769753456116,1.0007612705230713,0.09999995678663254,-3.2208950519561768,0.6491709351539612,0.22476935386657715,0.06859896332025528,0.37367942929267883,-0.07301288843154907,0.9131054878234863,0.9006627798080444,0.7749062180519104,0.09094207733869553,0.9967225790023804,1.0057076215744019,0.8850746154785156,1.3480156660079956,1.3429720401763916,3.9045262336730957,20.085529327392578,20.085529327392578,0.39542698860168457,8.89100170135498,1.356576681137085,1.3309574127197266,3.8943464756011963,20.085500717163086,20.085500717163086,0.3953467905521393,8.906915664672852
24,0.9891114830970764,1.001475214958191,0.10000019520521164,-3.3909554481506348,0.6431952118873596,0.19382743537425995,0.07657553255558014,0.3776901662349701,-0.04436647891998291,0.9278963804244995,0.8824687600135803,0.7732192277908325,0.22637376189231873,0.9700382947921753,0.9507240653038025,0.8973099589347839,0.9979934692382812,1.000667691230774,0.09999995678663254,-3.537193775177002,0.6399688720703125,0.17769992351531982,0.06873887032270432,0.37752869725227356,-0.02210146188735962,0.9408580660820007,0.8996453285217285,0.7742056846618652,0.11478997766971588,0.9512729048728943,0.9871065616607666,0.8795367479324341,1.3511393070220947,1.3266905546188354,3.8403992652893066,20.085529327392578,20.085529327392578,0.3953704535961151,8.944846153259277,1.3534270524978638,1.3392959833145142,3.8744869232177734,20.085500717163086,20.085500717163086,0.39540180563926697,8.890334129333496
25,0.9889907836914062,1.0015774965286255,0.10000019520521164,-3.3898966312408447,0.6421767473220825,0.1960175335407257,0.07551255077123642,0.3764782249927521,-0.036680519580841064,0.9265018701553345,0.8857214450836182,0.7731515169143677,0.20118673145771027,0.9713689684867859,0.9459620714187622,0.8982166647911072,0.9979108572006226,1.00068998336792,0.09999995678663254,-3.64385986328125,0.6382976770401001,0.16283521056175232,0.07199152559041977,0.366432249546051,-0.009350359439849854,0.9472538232803345,0.8889727592468262,0.7828270792961121,0.08663065731525421,0.9741593599319458,0.9826974272727966,0.8834623694419861,1.3586690425872803,1.328082799911499,3.876512050628662,20.085529327392578,20.085529327392578,0.39548391103744507,8.933655738830566,1.3522619009017944,1.3329789638519287,3.8605387210845947,20.085500717163086,20.085500717163086,0.39546623826026917,8.855834007263184
26,0.9891824126243591,1.0014153718948364,0.10000019520521164,-3.5077707767486572,0.6399388909339905,0.18218861520290375,0.07552367448806763,0.3716912865638733,-0.027546703815460205,0.9354227781295776,0.8852260708808899,0.779334306716919,0.19182166457176208,0.9707622528076172,0.9499731063842773,0.8951609134674072,0.9981003999710083,1.0002098083496094,0.09999995678663254,-3.546722888946533,0.6397436857223511,0.15227076411247253,0.06610867381095886,0.39143839478492737,-0.01761484146118164,0.9491416811943054,0.9064719676971436,0.7541897892951965,0.08169858157634735,0.9595911502838135,0.994192898273468,0.8782595992088318,1.3545771837234497,1.3386622667312622,3.908320665359497,20.085529327392578,20.085529327392578,0.3955067992210388,9.110983848571777,1.3571945428848267,1.3264933824539185,3.8970859050750732,20.085500717163086,20.085500717163086,0.3954300880432129,9.011842727661133
27,0.9890419244766235,1.0012462139129639,0.10000019520521164,-3.567427396774292,0.6410682201385498,0.17723575234413147,0.07501336187124252,0.36780762672424316,-0.0315130352973938,0.9394617676734924,0.8882206678390503,0.7835134267807007,0.1969822347164154,0.9723778963088989,0.9530672430992126,0.8984405398368835,0.9983752965927124,0.9996605515480042,0.09999995678663254,-3.209089994430542,0.6595482230186462,0.14839473366737366,0.06887748092412949,0.4384349286556244,-0.14533084630966187,0.9522079229354858,0.899129331111908,0.6943947076797485,0.13434244692325592,0.9813090562820435,1.0085558891296387,0.8314172029495239,1.3566960096359253,1.3335570096969604,3.883535385131836,20.085529327392578,20.085529327392578,0.3951988220214844,9.258450508117676,1.355878233909607,1.3376033306121826,3.9053823947906494,20.085500717163086,20.085500717163086,0.39539259672164917,9.201156616210938
28,0.9888314008712769,1.0012565851211548,0.10000019520521164,-3.5492918491363525,0.6429415941238403,0.17915819585323334,0.07414517551660538,0.36635345220565796,-0.04459202289581299,0.937666118144989,0.8895489573478699,0.7851884365081787,0.23339740931987762,0.973414421081543,0.9515392184257507,0.8969587683677673,0.9980280995368958,0.999369740486145,0.09999995678663254,-3.5320382118225098,0.6390663981437683,0.15887121856212616,0.06680089980363846,0.38723474740982056,-0.01622849702835083,0.945629358291626,0.9057501554489136,0.7580631375312805,0.10659961402416229,0.964834988117218,0.9772435426712036,0.9046818017959595,1.3496320247650146,1.331704020500183,3.8551268577575684,20.085529327392578,20.085529327392578,0.395435094833374,9.376729965209961,1.3556944131851196,1.3363430500030518,3.85917067527771,20.085500717163086,20.085500717163086,0.39544758200645447,9.293272972106934
29,0.9891360998153687,1.0004690885543823,0.10000019520521164,-3.5899128913879395,0.6409789323806763,0.17632648348808289,0.07440413534641266,0.3665272891521454,-0.032214462757110596,0.9408640265464783,0.8893762826919556,0.7860042452812195,0.19751739501953125,0.9746657013893127,0.9548943042755127,0.8998867869377136,0.9984139800071716,0.9989241361618042,0.10000008344650269,-3.635277509689331,0.64775550365448,0.1532912403345108,0.06944013386964798,0.3660927414894104,-0.07193732261657715,0.9499689936637878,0.8989497423171997,0.7824288010597229,0.23808713257312775,0.9726774096488953,0.9842155575752258,0.9083989262580872,1.3608883619308472,1.327438473701477,3.909632444381714,20.085529327392578,20.085529327392578,0.395445853471756,9.393678665161133,1.3505181074142456,1.3308589458465576,3.8776204586029053,20.085500717163086,20.085500717163086,0.3954879343509674,9.45154094696045
30,0.9890844821929932,1.0006513595581055,0.10000019520521164,-3.6430532932281494,0.6405768394470215,0.17087966203689575,0.07461212575435638,0.3628601133823395,-0.03132796287536621,0.9440796375274658,0.8895216584205627,0.7902316451072693,0.19355206191539764,0.974927544593811,0.9562727808952332,0.8991081118583679,0.9979197382926941,0.9986476302146912,0.09999996423721313,-3.6494815349578857,0.6380558013916016,0.17586800456047058,0.06995269656181335,0.36223670840263367,-0.0062299370765686035,0.9444461464881897,0.8968296647071838,0.7876162528991699,0.06655412912368774,0.9746127724647522,0.9796269536018372,0.9130955934524536,1.3519867658615112,1.3350716829299927,3.912954807281494,20.085529327392578,20.085529327392578,0.39542290568351746,9.486084938049316,1.3588653802871704,1.3320908546447754,3.8930318355560303,20.085500717163086,20.085500717163086,0.3954966068267822,9.510504722595215
31,0.9890081882476807,1.000862717628479,0.10000019520521164,-3.660203218460083,0.6400208473205566,0.17086192965507507,0.0722712054848671,0.36306482553482056,-0.02580702304840088,0.9448253512382507,0.8959732055664062,0.7908625602722168,0.17784802615642548,0.9765937924385071,0.9528777003288269,0.9020273089408875,0.9979062676429749,0.9986411333084106,0.09999996423721313,-3.7278168201446533,0.6381061673164368,0.1469881385564804,0.06578318774700165,0.3708936274051666,-0.004858553409576416,0.9534928798675537,0.9090808629989624,0.7809451818466187,0.0803418755531311,0.9822065234184265,1.0019334554672241,0.8519061207771301,1.3546942472457886,1.3261717557907104,3.9114089012145996,20.085529327392578,20.085529327392578,0.3954772353172302,9.607912063598633,1.354941725730896,1.3373605012893677,3.9118242263793945,20.085500717163086,20.085500717163086,0.395516961812973,9.558838844299316
32,0.9890961647033691,1.0008467435836792,0.10000019520521164,-3.686244010925293,0.6390076279640198,0.16842620074748993,0.07316847890615463,0.36152154207229614,-0.021001160144805908,0.9468059539794922,0.8934590816497803,0.7914719581604004,0.16853280365467072,0.9769918322563171,0.9550566673278809,0.8992990255355835,0.9980341792106628,0.9984838962554932,0.10000008344650269,-3.633209228515625,0.6549994349479675,0.14984261989593506,0.06540398299694061,0.36496588587760925,-0.11243033409118652,0.9524937272071838,0.9077722430229187,0.7825357913970947,0.0917995497584343,0.9883034229278564,0.9969560503959656,0.907059371471405,1.3514224290847778,1.3341819047927856,3.910761594772339,20.085529327392578,20.085529327392578,0.3956136107444763,9.681977272033691,1.353313684463501,1.3295986652374268,3.9264750480651855,20.085500717163086,20.085500717163086,0.39556050300598145,9.614704132080078
33,0.9890084862709045,1.0003963708877563,0.10000020265579224,-3.6985280513763428,0.6426384449005127,0.16347351670265198,0.07236472517251968,0.361682653427124,-0.0385248064994812,0.9495720863342285,0.8961642980575562,0.7910969853401184,0.20752830803394318,0.9769813418388367,0.9558718204498291,0.9025235176086426,0.9979494214057922,0.9972519278526306,0.10000008344650269,-3.4831855297088623,0.6468459367752075,0.19871510565280914,0.06525993347167969,0.3626839518547058,-0.0659172534942627,0.9318908452987671,0.9111024141311646,0.7881061434745789,0.16652138531208038,0.9625927209854126,0.9969444870948792,0.90135258436203,1.3626669645309448,1.3339312076568604,3.879831314086914,20.085529327392578,20.085529327392578,0.3953494727611542,9.625450134277344,1.355500340461731,1.3340318202972412,3.8778858184814453,20.085500717163086,20.085500717163086,0.3956315815448761,9.698343276977539
34,0.9887590408325195,1.0001702308654785,0.10000021755695343,-3.6963846683502197,0.6392003297805786,0.17025217413902283,0.07252172380685806,0.36001551151275635,-0.019478917121887207,0.9464806914329529,0.8951321840286255,0.7943528890609741,0.1581776738166809,0.9783307313919067,0.9532697796821594,0.903101921081543,0.9978217482566833,0.9969646334648132,0.1000000461935997,-3.382640838623047,0.6443427205085754,0.21629586815834045,0.07120673358440399,0.3562261164188385,-0.0443500280380249,0.9184515476226807,0.8932444453239441,0.7924401760101318,0.2081296592950821,1.0064631700515747,1.0050557851791382,0.9190794229507446,1.3539592027664185,1.334015130996704,3.9520201683044434,20.085529327392578,20.085529327392578,0.39546677470207214,9.735811233520508,1.3561038970947266,1.3347982168197632,3.9198625087738037,20.085500717163086,20.085500717163086,0.3954951763153076,9.712398529052734
35,0.9889869689941406,1.0004485845565796,0.10000020265579224,-3.7062489986419678,0.6404998302459717,0.16744042932987213,0.07133740186691284,0.35928887128829956,-0.026807129383087158,0.9480774402618408,0.8992743492126465,0.794018030166626,0.1767602115869522,0.9785671830177307,0.9526166319847107,0.9020417928695679,0.9985441565513611,0.9967352747917175,0.10000012814998627,-3.3348770141601562,0.6407819986343384,0.1758211851119995,0.06615840643644333,0.4199093282222748,-0.02445042133331299,0.9440929889678955,0.9062256813049316,0.7209068536758423,0.08152325451374054,0.9346900582313538,1.0023332834243774,0.9013984799385071,1.3545950651168823,1.335941195487976,3.927368640899658,20.085529327392578,20.085529327392578,0.3953554630279541,9.747779846191406,1.3568272590637207,1.3349653482437134,3.911149263381958,20.085500717163086,20.085500717163086,0.3954556882381439,9.79838752746582
36,0.9891037344932556,1.0005805492401123,0.10000025480985641,-3.7666385173797607,0.6408188939094543,0.16148746013641357,0.07283292710781097,0.35303181409835815,-0.027516067028045654,0.9508607983589172,0.8945415616035461,0.8003544807434082,0.1777193248271942,0.9788081049919128,0.9576928615570068,0.9021933078765869,0.9982795119285583,0.9965425729751587,0.10000024735927582,-3.5849289894104004,0.6368266940116882,0.15653005242347717,0.06672884523868561,0.3852754533290863,-0.005544900894165039,0.9479734301567078,0.9075713753700256,0.7611598968505859,0.06728258728981018,1.0107057094573975,1.0136923789978027,0.8945543766021729,1.3555184602737427,1.3381730318069458,3.9317638874053955,20.085529327392578,20.085529327392578,0.3957299590110779,9.992105484008789,1.355985164642334,1.3318949937820435,3.906010627746582,20.085500717163086,20.085500717163086,0.3954659700393677,9.902046203613281
37,0.9887350797653198,1.000181794166565,0.1000003069639206,-3.895066261291504,0.6378393769264221,0.1501462757587433,0.06982512772083282,0.3456975221633911,-0.011082053184509277,0.9579868316650391,0.9049542546272278,0.8082612752914429,0.1265670508146286,0.981191873550415,0.9578306078910828,0.9024034738540649,0.9984794855117798,0.9966838955879211,0.10000041872262955,-3.8450264930725098,0.6371792554855347,0.13737009465694427,0.0652281790971756,0.3516077995300293,-0.006195068359375,0.9570297598838806,0.910800039768219,0.796108067035675,0.06179796904325485,0.9641432166099548,1.000745177268982,0.9277880191802979,1.353973150253296,1.3373873233795166,3.959702968597412,20.085529327392578,20.085529327392578,0.39568597078323364,10.220643997192383,1.3554301261901855,1.3349846601486206,3.950369358062744,20.085500717163086,20.085500717163086,0.395681768655777,10.139240264892578
38,0.9891097545623779,1.0001635551452637,0.10000031441450119,-3.909289598464966,0.6371387243270874,0.15092745423316956,0.06927302479743958,0.3438042104244232,-0.007898092269897461,0.9583038091659546,0.9058420658111572,0.8099982738494873,0.11965280026197433,0.9810426235198975,0.9543038010597229,0.9053471088409424,0.9978744387626648,0.9962684512138367,0.10000039637088776,-3.728555202484131,0.6369193196296692,0.1489727646112442,0.06382911652326584,0.37170660495758057,-0.0024102330207824707,0.9544912576675415,0.9157136082649231,0.7766714692115784,0.06152231618762016,0.986788272857666,0.9838207364082336,0.8937761783599854,1.3561326265335083,1.3396538496017456,3.9730637073516846,20.085529327392578,20.085529327392578,0.39559170603752136,10.414949417114258,1.3561084270477295,1.3336526155471802,3.9694406986236572,20.085500717163086,20.085500717163086,0.3956277072429657,10.32362174987793
39,0.9887313842773438,0.9999552965164185,0.10000034421682358,-3.930142879486084,0.6378117203712463,0.1470479816198349,0.06958918273448944,0.34285256266593933,-0.012394905090332031,0.9594120979309082,0.9048856496810913,0.812178909778595,0.14203563332557678,0.9804584383964539,0.9565929770469666,0.9052403569221497,0.9979740381240845,0.9959023594856262,0.10000036656856537,-3.8453705310821533,0.6389819383621216,0.13521751761436462,0.06298746913671494,0.35558539628982544,-0.015085279941558838,0.9588361978530884,0.9176055788993835,0.7933777570724487,0.08456578850746155,0.9739598631858826,0.9869928359985352,0.9037479758262634,1.3527191877365112,1.3367661237716675,3.9502320289611816,20.085529327392578,20.085529327392578,0.39544862508773804,10.558095932006836,1.3562407493591309,1.3355128765106201,3.9647228717803955,20.085500717163086,20.085500717163086,0.39561954140663147,10.515254974365234
40,0.9886884093284607,0.9999049305915833,0.10000035911798477,-3.9582929611206055,0.637099027633667,0.1460733860731125,0.06882428377866745,0.341139554977417,-0.00863957405090332,0.9608036279678345,0.9064275622367859,0.8141379356384277,0.12913812696933746,0.9818945527076721,0.9586433172225952,0.9070277810096741,0.9978882074356079,0.9955682754516602,0.10000073909759521,-3.8320815563201904,0.6367441415786743,0.14641337096691132,0.06405780464410782,0.3521210849285126,-0.002635359764099121,0.9538864493370056,0.9156989455223083,0.7982412576675415,0.06188429147005081,0.9796499609947205,0.9953592419624329,0.8984666466712952,1.3584564924240112,1.3336104154586792,3.9742233753204346,20.085529327392578,20.085529327392578,0.3955652713775635,10.685935020446777,1.353527307510376,1.3383574485778809,3.96498441696167,20.085500717163086,20.085500717163086,0.39557337760925293,10.63355827331543
41,0.9885953664779663,0.9999481439590454,0.10000044107437134,-3.964061737060547,0.6375441551208496,0.1439916491508484,0.06861241161823273,0.34177184104919434,-0.009818971157073975,0.9616329073905945,0.9075068235397339,0.813576340675354,0.1323569267988205,0.9813606142997742,0.95843106508255,0.9065821766853333,0.9973865151405334,0.9950692653656006,0.10000105202198029,-3.6291565895080566,0.6373236179351807,0.13753977417945862,0.06347687542438507,0.394000768661499,-0.005761325359344482,0.9591845870018005,0.9162466526031494,0.7496610879898071,0.06414580345153809,0.9591315388679504,0.9850171804428101,0.9245467782020569,1.3572883605957031,1.3352516889572144,3.9703660011291504,20.085529327392578,20.085529327392578,0.3956592082977295,10.735526084899902,1.3568388223648071,1.3327194452285767,3.96746826171875,20.085500717163086,20.085500717163086,0.3956582546234131,10.753705978393555
42,0.9884763956069946,0.9999857544898987,0.10000060498714447,-3.9761669635772705,0.6366802453994751,0.14290751516819,0.06904798001050949,0.3403887450695038,-0.007692813873291016,0.9621472358703613,0.906958818435669,0.8146793246269226,0.12447572499513626,0.9816804528236389,0.9593204855918884,0.9073950052261353,0.9978060722351074,0.9953720569610596,0.10000123083591461,-3.7489476203918457,0.6389260292053223,0.14626489579677582,0.06363032758235931,0.36166638135910034,-0.015297949314117432,0.9537211656570435,0.9153141975402832,0.7853484153747559,0.07438529282808304,0.9808434247970581,0.9889640808105469,0.916671097278595,1.3569706678390503,1.3339273929595947,3.973327159881592,20.085529327392578,20.085529327392578,0.39562028646469116,10.801642417907715,1.3563960790634155,1.3342100381851196,3.9747283458709717,20.085500717163086,20.085500717163086,0.395552396774292,10.757390022277832
43,0.9886623620986938,0.9997619390487671,0.10000047832727432,-3.9797375202178955,0.6374302506446838,0.14624957740306854,0.06784184277057648,0.33777979016304016,-0.013593137264251709,0.9616115093231201,0.9105031490325928,0.8169654607772827,0.1511206477880478,0.9846737384796143,0.9596779942512512,0.907659113407135,0.9977096915245056,0.995026171207428,0.10000103712081909,-3.788816452026367,0.6437845230102539,0.1404077708721161,0.06335905194282532,0.35636335611343384,-0.04736298322677612,0.9563549160957336,0.9163349270820618,0.7930295467376709,0.08760537207126617,0.9598780870437622,0.9728282690048218,0.906297504901886,1.3544310331344604,1.3350894451141357,3.938380002975464,20.085529327392578,20.085529327392578,0.3956584334373474,10.885947227478027,1.3606237173080444,1.3343693017959595,3.9635398387908936,20.085500717163086,20.085500717163086,0.39558133482933044,10.8991060256958
44,0.9883163571357727,0.9999547600746155,0.10000050812959671,-3.999831199645996,0.6376198530197144,0.1427629590034485,0.06785331666469574,0.3381946384906769,-0.013463735580444336,0.9626591205596924,0.9100067615509033,0.8181575536727905,0.14910435676574707,0.9821722507476807,0.9562726020812988,0.9085941314697266,0.9972680807113647,0.994544506072998,0.10000145435333252,-3.819066286087036,0.6413243412971497,0.14146262407302856,0.06512255221605301,0.3559144139289856,-0.028103649616241455,0.957996666431427,0.911467969417572,0.7935622930526733,0.14193131029605865,0.9775070548057556,0.9869831800460815,0.9172760248184204,1.3531543016433716,1.3390532732009888,3.925867795944214,20.085529327392578,20.085529327392578,0.39567095041275024,10.99453067779541,1.354818344116211,1.3359109163284302,3.958860397338867,20.085500717163086,20.085500717163086,0.3956223428249359,10.925182342529297
45,0.9883623719215393,0.9993780255317688,0.10000064224004745,-4.073750972747803,0.6365378499031067,0.13775742053985596,0.06731082499027252,0.33019036054611206,-0.005542337894439697,0.9654669165611267,0.9115666747093201,0.8253315687179565,0.11564262956380844,0.9838912487030029,0.9584866166114807,0.9096872210502625,0.9968004822731018,0.9937014579772949,0.10000107437372208,-3.8186111450195312,0.638523280620575,0.13441412150859833,0.063300721347332,0.36150944232940674,-0.014455974102020264,0.959821343421936,0.916874885559082,0.786291778087616,0.11376302689313889,0.9737633466720581,0.9976551532745361,0.9262292385101318,1.354859471321106,1.3364486694335938,3.9742493629455566,20.085529327392578,20.085529327392578,0.3956344723701477,11.155694007873535,1.3526334762573242,1.3394923210144043,3.9573545455932617,20.085500717163086,20.085500717163086,0.39568543434143066,11.057612419128418
46,0.9879910945892334,0.9994058609008789,0.10000048577785492,-4.056336879730225,0.6365331411361694,0.13820962607860565,0.06711100041866302,0.33211466670036316,-0.004400491714477539,0.964733362197876,0.9120063781738281,0.8233362436294556,0.11037161946296692,0.982715904712677,0.9568204283714294,0.9089012742042542,0.9966756701469421,0.9933438301086426,0.10000140964984894,-3.8592171669006348,0.6369561553001404,0.1303616464138031,0.06444257497787476,0.35776638984680176,-0.004220128059387207,0.9614328742027283,0.9131375551223755,0.7905110120773315,0.05971573293209076,0.973942220211029,0.9905868172645569,0.9213188886642456,1.3552769422531128,1.3359194993972778,3.9796199798583984,20.085529327392578,20.085529327392578,0.39560315012931824,11.226103782653809,1.3563851118087769,1.334364652633667,3.9847004413604736,20.085500717163086,20.085500717163086,0.39565056562423706,11.201042175292969
47,0.9879342913627625,0.9991528391838074,0.1000005379319191,-4.078205108642578,0.6359370350837708,0.1360204964876175,0.06681185215711594,0.33164969086647034,-0.002370983362197876,0.9660220146179199,0.9130911827087402,0.8244650959968567,0.10375124216079712,0.9832900166511536,0.9588671326637268,0.909980833530426,0.9965143799781799,0.9931957125663757,0.10000075399875641,-3.6939735412597656,0.6376568675041199,0.1357858031988144,0.06260151416063309,0.3809746503829956,-0.009634852409362793,0.9597621560096741,0.9188717603683472,0.7645890116691589,0.09609568119049072,0.9672044515609741,0.981925368309021,0.9222748279571533,1.3568145036697388,1.3370627164840698,3.990805149078369,20.085529327392578,20.085529327392578,0.39566805958747864,11.295114517211914,1.3555734157562256,1.3364689350128174,3.9873054027557373,20.085500717163086,20.085500717163086,0.3956480622291565,11.274592399597168
48,0.9881849884986877,0.9989500641822815,0.10000041127204895,-4.084111213684082,0.636236846446991,0.13561157882213593,0.06700462102890015,0.33111950755119324,-0.005471527576446533,0.9667344689369202,0.9133404493331909,0.8249670267105103,0.12505607306957245,0.9839492440223694,0.9590538144111633,0.9108915328979492,0.9963680505752563,0.9929165244102478,0.10000135004520416,-3.8036060333251953,0.6376730799674988,0.13859649002552032,0.06302744150161743,0.3625791370868683,-0.008610248565673828,0.9597342014312744,0.917305588722229,0.7845034599304199,0.06314843147993088,0.9809070825576782,0.989928126335144,0.9216669797897339,1.3557817935943604,1.3365658521652222,3.9754276275634766,20.085529327392578,20.085529327392578,0.3955497145652771,11.360877990722656,1.3575893640518188,1.3368111848831177,3.9924893379211426,20.085500717163086,20.085500717163086,0.395674467086792,11.3307466506958
49,0.9878349304199219,0.9988566637039185,0.10000067204236984,-4.089494228363037,0.6376960277557373,0.13537660241127014,0.06626283377408981,0.3294021189212799,-0.012891411781311035,0.9668803811073303,0.9144740700721741,0.8265162110328674,0.14227710664272308,0.984380304813385,0.9598094820976257,0.9124908447265625,0.9961122274398804,0.9929611086845398,0.10000137984752655,-3.845993757247925,0.6366950273513794,0.13864237070083618,0.06387394666671753,0.3538370728492737,-0.0032923221588134766,0.9579999446868896,0.9144392609596252,0.7943111658096313,0.06391269713640213,0.9832137823104858,0.9962015748023987,0.9176545143127441,1.3576037883758545,1.336185336112976,3.950021266937256,20.085529327392578,20.085529327392578,0.3955821692943573,11.427824020385742,1.354801058769226,1.3353501558303833,3.9642255306243896,20.085500717163086,20.085500717163086,0.3956587314605713,11.381868362426758
50,0.9875921607017517,0.9989882111549377,0.10000058263540268,-4.10930871963501,0.6361604928970337,0.13516362011432648,0.06668112426996231,0.32814568281173706,-0.0026324689388275146,0.9672223925590515,0.9131384491920471,0.8276969194412231,0.10777159035205841,0.9845476746559143,0.9598931670188904,0.9101006984710693,0.9962373971939087,0.9929987192153931,0.10000058263540268,-3.8170197010040283,0.6381950378417969,0.13880380988121033,0.06583134084939957,0.35787948966026306,-0.011428594589233398,0.9588553309440613,0.9082446694374084,0.7908718585968018,0.06662003695964813,0.9993618726730347,0.9776544570922852,0.9197835326194763,1.3573877811431885,1.3365401029586792,3.9866480827331543,20.085529327392578,20.085529327392578,0.3955972194671631,11.502351760864258,1.35593581199646,1.33665931224823,3.9791266918182373,20.085500717163086,20.085500717163086,0.39568302035331726,11.441283226013184
51,0.9876015782356262,0.9991763234138489,0.10000038146972656,-4.0958571434021,0.6354340314865112,0.1358325332403183,0.06632529199123383,0.329889714717865,-0.0018180906772613525,0.9663755893707275,0.9147796034812927,0.8265776634216309,0.11271289736032486,0.9843133687973022,0.9595445394515991,0.9128832221031189,0.9956094026565552,0.9922407269477844,0.1000010147690773,-3.8492226600646973,0.6376017928123474,0.13285085558891296,0.07042279839515686,0.35690656304359436,-0.0076062679290771484,0.9613989591598511,0.8944671154022217,0.7930585741996765,0.08823486417531967,0.9653097987174988,0.9919438362121582,0.90730220079422,1.358219027519226,1.336076021194458,3.999659299850464,20.085529327392578,20.085529327392578,0.39577120542526245,11.539612770080566,1.357774019241333,1.3375909328460693,3.9930074214935303,20.085500717163086,20.085500717163086,0.39565783739089966,11.535758018493652
52,0.9873504638671875,0.9988330602645874,0.10000073164701462,-4.145201683044434,0.6351253986358643,0.1321367770433426,0.06595439463853836,0.3259570598602295,0.0010912716388702393,0.9685808420181274,0.914665162563324,0.8307851552963257,0.09725205600261688,0.9844594597816467,0.9600436091423035,0.9120301604270935,0.9957547783851624,0.9925341010093689,0.10000193119049072,-3.866335391998291,0.6373758912086487,0.1326800286769867,0.06526608765125275,0.35429757833480835,-0.004599094390869141,0.9611642956733704,0.9091215133666992,0.7942608594894409,0.06516606360673904,0.9871932864189148,0.9884868860244751,0.9286783933639526,1.3581112623214722,1.3368111848831177,4.006896495819092,20.085529327392578,20.085529327392578,0.39563554525375366,11.587766647338867,1.3584293127059937,1.3362095355987549,4.001267910003662,20.085500717163086,20.085500717163086,0.395704060792923,11.567943572998047
53,0.9875761866569519,0.9988396167755127,0.10000085085630417,-4.143001079559326,0.6356095671653748,0.13117755949497223,0.0664224624633789,0.32541248202323914,-0.00270041823387146,0.9689007997512817,0.9143499732017517,0.8305889964103699,0.1166502982378006,0.9843908548355103,0.9613504409790039,0.9116176962852478,0.9956578016281128,0.9923232197761536,0.10000094026327133,-3.7821426391601562,0.6386404633522034,0.13003632426261902,0.06460975110530853,0.3687499761581421,-0.015053153038024902,0.9621796011924744,0.9113391041755676,0.7786462306976318,0.06804964691400528,0.9914044737815857,0.9810999035835266,0.9298786520957947,1.3575657606124878,1.3369600772857666,3.9959654808044434,20.085529327392578,20.085529327392578,0.3958091139793396,11.635313987731934,1.3568315505981445,1.3372654914855957,4.001763343811035,20.085500717163086,20.085500717163086,0.395724356174469,11.610657691955566
54,0.9870865345001221,0.9988971948623657,0.10000047087669373,-4.143071174621582,0.635591447353363,0.13230319321155548,0.06613261997699738,0.32598593831062317,0.00017893314361572266,0.9685582518577576,0.9155505299568176,0.8301072716712952,0.09636804461479187,0.9849517345428467,0.9568923115730286,0.9131089448928833,0.9952301979064941,0.99188631772995,0.10000129044055939,-3.8108794689178467,0.6374669075012207,0.1322375237941742,0.06280271708965302,0.3648139238357544,-0.006229221820831299,0.9612267017364502,0.9171605110168457,0.7833609580993652,0.062315620481967926,0.9844300746917725,0.9904845952987671,0.9156011343002319,1.3575793504714966,1.337433099746704,4.00082540512085,20.085529327392578,20.085529327392578,0.39574533700942993,11.669065475463867,1.3571484088897705,1.3375518321990967,3.999551773071289,20.085500717163086,20.085500717163086,0.3957168161869049,11.656051635742188
55,0.9870634078979492,0.9985494613647461,0.10000089555978775,-4.1453986167907715,0.6353558301925659,0.13135209679603577,0.06574003398418427,0.3250603973865509,-5.7578086853027344e-05,0.9686342477798462,0.916290819644928,0.8303906321525574,0.09968896955251694,0.9846563339233398,0.9609348177909851,0.9119794368743896,0.9953264594078064,0.9923245310783386,0.10000179708003998,-3.6750388145446777,0.6370420455932617,0.128904789686203,0.0636415034532547,0.3866376280784607,-0.0039027929306030273,0.9622610211372375,0.9145122170448303,0.7575465440750122,0.068026103079319,0.9977445602416992,0.9900434613227844,0.9302676916122437,1.3574227094650269,1.3368685245513916,4.0014801025390625,20.085529327392578,20.085529327392578,0.3956649899482727,11.698827743530273,1.3576831817626953,1.3370405435562134,4.001633167266846,20.085500717163086,20.085500717163086,0.3956916630268097,11.691028594970703
56,0.9868940114974976,0.9986066222190857,0.10000091791152954,-4.16804313659668,0.6348471641540527,0.1309763491153717,0.06559447944164276,0.32347995042800903,0.0021323561668395996,0.9691904783248901,0.9164429903030396,0.833256185054779,0.0951589047908783,0.9850178956985474,0.9586859941482544,0.9143189191818237,0.9951894283294678,0.9921399354934692,0.10000171512365341,-3.8270797729492188,0.6372096538543701,0.13164810836315155,0.06537412106990814,0.3612769544124603,-0.004894733428955078,0.9615181684494019,0.9094249606132507,0.7879090309143066,0.0706101655960083,0.9739792943000793,0.9839383363723755,0.9161486625671387,1.3574755191802979,1.337144136428833,4.008540153503418,20.085529327392578,20.085529327392578,0.3957967460155487,11.755126953125,1.3573980331420898,1.3373305797576904,4.0073041915893555,20.085500717163086,20.085500717163086,0.39567434787750244,11.726045608520508
57,0.9870424270629883,0.9989877343177795,0.10000061243772507,-4.14885139465332,0.6358035206794739,0.13180486857891083,0.06554622203111649,0.324444055557251,-0.0008098781108856201,0.9684154987335205,0.9168692827224731,0.831393301486969,0.097506083548069,0.9841994047164917,0.9587046504020691,0.9134705662727356,0.9950827956199646,0.9921091794967651,0.10000137239694595,-3.846196413040161,0.6370070576667786,0.1301005780696869,0.06331353634595871,0.3587544560432434,-0.0035119056701660156,0.9616355895996094,0.915258526802063,0.7890599966049194,0.06479445844888687,0.9854313731193542,0.989291250705719,0.9339685440063477,1.3581207990646362,1.337116003036499,4.000503063201904,20.085529327392578,20.085529327392578,0.39574456214904785,11.788450241088867,1.3583139181137085,1.3367191553115845,4.004279613494873,20.085500717163086,20.085500717163086,0.39571863412857056,11.768808364868164
58,0.986949622631073,0.9988840818405151,0.10000059753656387,-4.184053421020508,0.634605348110199,0.12870267033576965,0.06561523675918579,0.32250845432281494,0.004168808460235596,0.9701789021492004,0.9158743023872375,0.8338046073913574,0.0819576159119606,0.9851208925247192,0.9601578712463379,0.9132733345031738,0.9948161244392395,0.9919476509094238,0.10000113397836685,-3.7833476066589355,0.6369479894638062,0.12879379093647003,0.06394290924072266,0.36965733766555786,-0.002787172794342041,0.9625419974327087,0.9133071303367615,0.7771657109260559,0.06314674019813538,0.9810195565223694,0.9874979257583618,0.9330800175666809,1.3579713106155396,1.337187647819519,4.011031627655029,20.085529327392578,20.085529327392578,0.395804226398468,11.812865257263184,1.3579438924789429,1.3370362520217896,4.006473064422607,20.085500717163086,20.085500717163086,0.395679771900177,11.798811912536621
59,0.9869766235351562,0.9985134601593018,0.10000048577785492,-4.176796913146973,0.6351617574691772,0.12949153780937195,0.06590013951063156,0.3230521082878113,0.0018297433853149414,0.9699034094810486,0.9165579080581665,0.8339906334877014,0.0877029076218605,0.984967827796936,0.9614256024360657,0.9146550297737122,0.9947110414505005,0.9918896555900574,0.10000097751617432,-3.834143877029419,0.6369429230690002,0.12992022931575775,0.06432069838047028,0.36117151379585266,-0.003075897693634033,0.962261438369751,0.9123775959014893,0.786342978477478,0.0656202957034111,0.9805787801742554,0.9904861450195312,0.9301726222038269,1.357925295829773,1.3371058702468872,4.010056972503662,20.085529327392578,20.085529327392578,0.3956088423728943,11.838323593139648,1.3584028482437134,1.3371779918670654,4.010511875152588,20.085500717163086,20.085500717163086,0.39576858282089233,11.825695037841797
60,0.9872289896011353,0.9985372424125671,0.10000044852495193,-4.188143253326416,0.63516765832901,0.12906482815742493,0.06527572870254517,0.32171139121055603,0.002417534589767456,0.970041036605835,0.9178251624107361,0.8346388339996338,0.0854649692773819,0.9851358532905579,0.9603773951530457,0.914193332195282,0.9948115944862366,0.9920412302017212,0.10000099241733551,-3.854149580001831,0.6371630430221558,0.12841498851776123,0.06350280344486237,0.35836321115493774,-0.0045528411865234375,0.9624240398406982,0.9149004817008972,0.7897932529449463,0.06240077316761017,0.9946036338806152,0.9932612180709839,0.9310380816459656,1.3580180406570435,1.3370124101638794,4.011245250701904,20.085529327392578,20.085529327392578,0.39569374918937683,11.863951683044434,1.3582316637039185,1.3363834619522095,4.009817123413086,20.085500717163086,20.085500717163086,0.39569777250289917,11.852092742919922
61,0.986977756023407,0.9983146786689758,0.10000044107437134,-4.179358959197998,0.6350745558738708,0.1295282542705536,0.06564587354660034,0.32281777262687683,0.0027833282947540283,0.9696082472801208,0.9164888262748718,0.834402322769165,0.08419186621904373,0.9852333664894104,0.9592073559761047,0.9148357510566711,0.9948574900627136,0.9921708106994629,0.10000090301036835,-3.8577702045440674,0.6369917392730713,0.12872111797332764,0.06345534324645996,0.35856595635414124,-0.003280162811279297,0.962733268737793,0.9150087237358093,0.7898294925689697,0.06326515972614288,0.9839627146720886,0.9885798096656799,0.9240146279335022,1.3582228422164917,1.3374559879302979,4.012254238128662,20.085529327392578,20.085529327392578,0.39566710591316223,11.887624740600586,1.3576605319976807,1.3368103504180908,4.012572288513184,20.085500717163086,20.085500717163086,0.3957405090332031,11.876765251159668
62,0.9871347546577454,0.998813807964325,0.10000041127204895,-4.207568645477295,0.6351038217544556,0.1284777671098709,0.06509798020124435,0.31953033804893494,0.0016997158527374268,0.970696210861206,0.9182159900665283,0.8366249203681946,0.09311486780643463,0.9864808320999146,0.9588233828544617,0.9146257638931274,0.9946784973144531,0.9921587109565735,0.10000096261501312,-3.816439390182495,0.6370782852172852,0.12961646914482117,0.06481991708278656,0.3631569445133209,-0.003961682319641113,0.9621279835700989,0.9105812907218933,0.7847241759300232,0.06732729077339172,0.9753982424736023,0.985778272151947,0.9279949069023132,1.357840657234192,1.3374826908111572,4.010344982147217,20.085529327392578,20.085529327392578,0.3957376182079315,11.923377990722656,1.3578972816467285,1.3369252681732178,4.012279510498047,20.085500717163086,20.085500717163086,0.39566895365715027,11.90761661529541
63,0.9868061542510986,0.9985663294792175,0.10000041127204895,-4.206905364990234,0.6345558762550354,0.12847159802913666,0.06522374600172043,0.31961819529533386,0.004096716642379761,0.9703397750854492,0.9180411100387573,0.8369300365447998,0.08238288015127182,0.9850828051567078,0.959143877029419,0.9136815071105957,0.9947059750556946,0.9922029376029968,0.10000091791152954,-3.838881731033325,0.6370760202407837,0.12867648899555206,0.06314193457365036,0.36100396513938904,-0.00409930944442749,0.9627024531364441,0.9158065915107727,0.7868347764015198,0.06783418357372284,0.9807558059692383,0.9909234642982483,0.9306984543800354,1.357955813407898,1.3375588655471802,4.013260364532471,20.085529327392578,20.085529327392578,0.3957119584083557,11.939462661743164,1.357831358909607,1.3378050327301025,4.011423110961914,20.085500717163086,20.085500717163086,0.3957656919956207,11.929398536682129
64,0.9863858819007874,0.9985869526863098,0.10000041872262955,-4.202570915222168,0.6347075700759888,0.12820032238960266,0.06525954604148865,0.32068970799446106,0.00398021936416626,0.9705610871315002,0.9172946214675903,0.8364119529724121,0.08017541468143463,0.9853096604347229,0.9620524048805237,0.9149302244186401,0.9945853352546692,0.992102861404419,0.10000097751617432,-3.8620848655700684,0.6368488669395447,0.12855005264282227,0.06370344758033752,0.35703879594802856,-0.0027946829795837402,0.962540328502655,0.9139795899391174,0.791236400604248,0.06206456944346428,0.9830823540687561,0.9877334237098694,0.9300605654716492,1.3580540418624878,1.3376160860061646,4.015258312225342,20.085529327392578,20.085529327392578,0.3957415223121643,11.955751419067383,1.3578414916992188,1.337608814239502,4.014310359954834,20.085500717163086,20.085500717163086,0.3957499563694,11.947632789611816
65,0.9866131544113159,0.9984298944473267,0.10000044852495193,-4.203411102294922,0.6343840956687927,0.12830251455307007,0.06562764942646027,0.31992146372795105,0.004567384719848633,0.9702231287956238,0.9174821376800537,0.836563229560852,0.08430375158786774,0.9851677417755127,0.961890459060669,0.915130615234375,0.9945462942123413,0.992116391658783,0.10000088065862656,-3.825058698654175,0.6375201940536499,0.12904256582260132,0.06449226289987564,0.36202874779701233,-0.00656890869140625,0.9625880718231201,0.9114663004875183,0.785880982875824,0.06372661143541336,0.9797977209091187,0.988054096698761,0.930608868598938,1.3582079410552979,1.3377115726470947,4.017090320587158,20.085529327392578,20.085529327392578,0.3957550525665283,11.970026016235352,1.3583955764770508,1.3376795053482056,4.016842842102051,20.085500717163086,20.085500717163086,0.39573952555656433,11.963846206665039
66,0.9870023727416992,0.9989180564880371,0.10000041127204895,-4.2156877517700195,0.6344122886657715,0.12725615501403809,0.06522952020168304,0.319051593542099,0.004183948040008545,0.9709517955780029,0.9178832173347473,0.8374761343002319,0.08059201389551163,0.9852612018585205,0.9600790739059448,0.9152242541313171,0.9945739507675171,0.9921128749847412,0.10000082105398178,-3.825254440307617,0.6372283697128296,0.12880238890647888,0.06387683749198914,0.3622484505176544,-0.0048604607582092285,0.9624567031860352,0.913344144821167,0.7857174277305603,0.0651029571890831,0.980825662612915,0.9899173974990845,0.9295552372932434,1.3582231998443604,1.3376110792160034,4.017457485198975,20.085529327392578,20.085529327392578,0.39565569162368774,11.987983703613281,1.358267068862915,1.3375790119171143,4.017477035522461,20.085500717163086,20.085500717163086,0.3957751989364624,11.979315757751465
67,0.9872556924819946,0.998763918876648,0.10000038892030716,-4.223451614379883,0.6346466541290283,0.12765218317508698,0.065096914768219,0.31707584857940674,0.0038449466228485107,0.9707215428352356,0.9182854294776917,0.839016854763031,0.0827745720744133,0.9857937693595886,0.96175616979599,0.9154918193817139,0.9945531487464905,0.9920786023139954,0.10000083595514297,-3.8682758808135986,0.6368996500968933,0.13095425069332123,0.06288270652294159,0.355728417634964,-0.0033112764358520508,0.9624856114387512,0.9167214035987854,0.7922992706298828,0.06836044788360596,0.9757670164108276,0.9893075227737427,0.9305855631828308,1.358198881149292,1.337675929069519,4.017759799957275,20.085529327392578,20.085529327392578,0.3957173824310303,12.008689880371094,1.3581701517105103,1.3379130363464355,4.018237113952637,20.085500717163086,20.085500717163086,0.39569932222366333,11.996252059936523
68,0.9868413805961609,0.9985681772232056,0.10000040382146835,-4.2048258781433105,0.6350117325782776,0.12806212902069092,0.06492220610380173,0.3192993402481079,0.0024179816246032715,0.9705052375793457,0.9185656905174255,0.8367173671722412,0.08238308876752853,0.9853593707084656,0.960176408290863,0.9162986874580383,0.9944633841514587,0.9921448230743408,0.10000091791152954,-3.8581366539001465,0.6370272040367126,0.1294928342103958,0.06376700103282928,0.35749515891075134,-0.0035961270332336426,0.9627183675765991,0.913968026638031,0.7907727956771851,0.065526582300663,0.9781863689422607,0.9918822646141052,0.9286256432533264,1.3583041429519653,1.337661862373352,4.015272617340088,20.085529327392578,20.085529327392578,0.3957366347312927,12.023224830627441,1.3582004308700562,1.3376835584640503,4.016199588775635,20.085500717163086,20.085500717163086,0.3957567512989044,12.017521858215332
69,0.9867514967918396,0.9987382292747498,0.10000041127204895,-4.209972858428955,0.6346142888069153,0.12803523242473602,0.06563292443752289,0.3188919723033905,0.004004061222076416,0.9702678322792053,0.9174559712409973,0.8380767107009888,0.08099749684333801,0.9847807288169861,0.9605522751808167,0.915154755115509,0.9943722486495972,0.9920763969421387,0.10000090301036835,-3.82857084274292,0.6368544697761536,0.1291694939136505,0.06249777600169182,0.3621254861354828,-0.002829432487487793,0.9622476696968079,0.9177822470664978,0.7858642339706421,0.06378205865621567,0.9815627336502075,0.98894202709198,0.9297711849212646,1.3581846952438354,1.3377772569656372,4.016474723815918,20.085529327392578,20.085529327392578,0.3957480788230896,12.038908004760742,1.3582494258880615,1.337980031967163,4.01597785949707,20.085500717163086,20.085500717163086,0.39574167132377625,12.028685569763184
70,0.9867165088653564,0.9979249835014343,0.10000040382146835,-4.22189998626709,0.6346469521522522,0.12591160833835602,0.06530141085386276,0.31852370500564575,0.004188716411590576,0.9715296626091003,0.9169751405715942,0.8374860286712646,0.0809105858206749,0.9862096309661865,0.9603928327560425,0.9154581427574158,0.9943640828132629,0.9920863509178162,0.10000095516443253,-3.8377089500427246,0.637184202671051,0.12897002696990967,0.0636482909321785,0.359849750995636,-0.004727005958557129,0.962407112121582,0.9142374992370605,0.7878683805465698,0.06316784769296646,0.976375162601471,0.9890273213386536,0.9316396117210388,1.3583992719650269,1.337924838066101,4.017297267913818,20.085529327392578,20.085529327392578,0.39576536417007446,12.052864074707031,1.3583537340164185,1.3377665281295776,4.016566276550293,20.085500717163086,20.085500717163086,0.39572399854660034,12.044294357299805
71,0.9870914816856384,0.9983599185943604,0.10000041872262955,-4.219654083251953,0.6344965696334839,0.12794429063796997,0.06514006853103638,0.3182729482650757,0.003936827182769775,0.9707580804824829,0.9177955389022827,0.8380699157714844,0.08410681784152985,0.9850642085075378,0.9608106017112732,0.9149019718170166,0.9943526387214661,0.9921625256538391,0.10000089555978775,-3.8299591541290283,0.6370521187782288,0.12892088294029236,0.06285963207483292,0.361916720867157,-0.0036864876747131348,0.9627323150634766,0.9166905879974365,0.7856164574623108,0.06571681797504425,0.9785857796669006,0.9876835346221924,0.9316568374633789,1.3582088947296143,1.3377875089645386,4.0178422927856445,20.085529327392578,20.085529327392578,0.39571288228034973,12.068395614624023,1.357744812965393,1.3378838300704956,4.017457485198975,20.085500717163086,20.085500717163086,0.3957476019859314,12.062036514282227
72,0.9873419404029846,0.9980642199516296,0.10000041872262955,-4.207437992095947,0.6349330544471741,0.1284230649471283,0.06580551713705063,0.3190177381038666,0.003681272268295288,0.9702779054641724,0.9161718487739563,0.8371992111206055,0.08117488026618958,0.984998345375061,0.9581379890441895,0.9155415296554565,0.9941952228546143,0.9919467568397522,0.10000090301036835,-3.879875659942627,0.6370128393173218,0.12808960676193237,0.06437485665082932,0.35401028394699097,-0.003703892230987549,0.962731122970581,0.911937952041626,0.7945238351821899,0.06615627557039261,0.9819126129150391,0.9869450330734253,0.9244261980056763,1.3581477403640747,1.338053584098816,4.017364978790283,20.085529327392578,20.085529327392578,0.39579176902770996,12.082006454467773,1.3582286834716797,1.3380517959594727,4.017491817474365,20.085500717163086,20.085500717163086,0.39572688937187195,12.073135375976562
73,0.9868721961975098,0.9987685084342957,0.10000041127204895,-4.214964389801025,0.6343497633934021,0.12743890285491943,0.06523322314023972,0.3181329071521759,0.003973543643951416,0.9707595705986023,0.9180045127868652,0.8379526138305664,0.0850161463022232,0.984963059425354,0.960051953792572,0.914712131023407,0.9942587614059448,0.9920486211776733,0.1000007763504982,-3.846151351928711,0.6369553208351135,0.12882579863071442,0.06314314156770706,0.3587598204612732,-0.0031952261924743652,0.9624122381210327,0.9157775044441223,0.7887932658195496,0.06342197209596634,0.9861993193626404,0.9882504343986511,0.9336859583854675,1.3583362102508545,1.3381565809249878,4.017395973205566,20.085529327392578,20.085529327392578,0.3957271873950958,12.096985816955566,1.3583245277404785,1.3381367921829224,4.017938613891602,20.085500717163086,20.085500717163086,0.3957999050617218,12.088164329528809
74,0.9866188764572144,0.9986463785171509,0.10000038146972656,-4.2142510414123535,0.6346028447151184,0.12801724672317505,0.06552110612392426,0.31893593072891235,0.003895580768585205,0.970594584941864,0.9168717861175537,0.8380202054977417,0.08575201034545898,0.985914409160614,0.9597103595733643,0.9163951873779297,0.9943197965621948,0.992240309715271,0.10000081360340118,-3.836716890335083,0.6370030641555786,0.12909428775310516,0.06253114342689514,0.3606223165988922,-0.003782331943511963,0.9623222351074219,0.917750358581543,0.7875105142593384,0.0692729651927948,0.9771870970726013,0.9927758574485779,0.926169753074646,1.358127474784851,1.3381654024124146,4.0178937911987305,20.085529327392578,20.085529327392578,0.39573198556900024,12.111814498901367,1.3580032587051392,1.3379919528961182,4.017271995544434,20.085500717163086,20.085500717163086,0.39573657512664795,12.10522174835205
75,0.9872328042984009,0.9987724423408508,0.10000040382146835,-4.217788219451904,0.6345857381820679,0.12803931534290314,0.06526417285203934,0.3186087906360626,0.004178255796432495,0.9706152081489563,0.9176611304283142,0.8385458588600159,0.08634255081415176,0.9859693646430969,0.9618863463401794,0.9127181172370911,0.9943103790283203,0.9922722578048706,0.1000007763504982,-3.858081817626953,0.6370776295661926,0.12856541574001312,0.06299155950546265,0.3571240305900574,-0.004204750061035156,0.9627441763877869,0.9163409471511841,0.7906030416488647,0.06360271573066711,0.9757132530212402,0.9905604720115662,0.933513343334198,1.3582379817962646,1.3379786014556885,4.018249988555908,20.085529327392578,20.085529327392578,0.395707905292511,12.125577926635742,1.3584465980529785,1.338163137435913,4.018509387969971,20.085500717163086,20.085500717163086,0.3956858515739441,12.117512702941895
76,0.987041175365448,0.9985751509666443,0.10000040382146835,-4.218955039978027,0.6344970464706421,0.12730860710144043,0.06511184573173523,0.31868621706962585,0.004058122634887695,0.970941424369812,0.918264627456665,0.8382126092910767,0.08145302534103394,0.9847168326377869,0.9609135985374451,0.9175328612327576,0.9943860173225403,0.99228835105896,0.10000083595514297,-3.8304667472839355,0.6369314193725586,0.12804631888866425,0.06256736814975739,0.36238473653793335,-0.003085196018218994,0.9628117084503174,0.9177769422531128,0.7853611707687378,0.06444229930639267,0.9857906103134155,0.9925878047943115,0.9261884093284607,1.3582621812820435,1.3380544185638428,4.017759799957275,20.085529327392578,20.085529327392578,0.3957739472389221,12.138854026794434,1.3584585189819336,1.3377604484558105,4.018232822418213,20.085500717163086,20.085500717163086,0.3957395851612091,12.131861686706543
77,0.9868856072425842,0.9986541271209717,0.10000040382146835,-4.225286960601807,0.6344189643859863,0.1276802271604538,0.0650034099817276,0.31724920868873596,0.004553288221359253,0.970937192440033,0.9190065860748291,0.8387333154678345,0.08423560112714767,0.9858569502830505,0.9616124629974365,0.9154638051986694,0.9942905306816101,0.9922633767127991,0.10000089555978775,-3.854630947113037,0.6368979215621948,0.12868136167526245,0.06260402500629425,0.35805174708366394,-0.0032120347023010254,0.9624651074409485,0.9177945852279663,0.7902011275291443,0.06603922694921494,0.9806016087532043,0.9902656674385071,0.9258865118026733,1.3580399751663208,1.3381043672561646,4.018967151641846,20.085529327392578,20.085529327392578,0.39571088552474976,12.152763366699219,1.3579987287521362,1.3380413055419922,4.019168853759766,20.085500717163086,20.085500717163086,0.39574357867240906,12.144654273986816
78,0.9869260787963867,0.9986013174057007,0.10000040382146835,-4.220809459686279,0.6343870162963867,0.12696950137615204,0.06518369913101196,0.3181997239589691,0.004581540822982788,0.9712094068527222,0.918152391910553,0.838032603263855,0.08214318007230759,0.9854293465614319,0.961876630783081,0.9135360717773438,0.994218647480011,0.9922443628311157,0.10000088065862656,-3.8310770988464355,0.6370798349380493,0.12857402861118317,0.06294123828411102,0.3610464334487915,-0.0044158101081848145,0.9623920917510986,0.9167335629463196,0.7866296768188477,0.07556736469268799,0.9830808043479919,0.9898850917816162,0.9300944805145264,1.3580464124679565,1.3381155729293823,4.019285678863525,20.085529327392578,20.085529327392578,0.3957357108592987,12.159242630004883,1.3580743074417114,1.3380396366119385,4.018680572509766,20.085500717163086,20.085500717163086,0.39570894837379456,12.157419204711914
79,0.987182080745697,0.998569667339325,0.10000040382146835,-4.228792667388916,0.6342871189117432,0.12658341228961945,0.064996138215065,0.31773102283477783,0.005195021629333496,0.971267819404602,0.9185696244239807,0.8384779691696167,0.08102492988109589,0.9863000512123108,0.9598387479782104,0.9147307872772217,0.9942981600761414,0.9923043251037598,0.10000079870223999,-3.829699993133545,0.6369473338127136,0.1286955177783966,0.06327871233224869,0.3613318204879761,-0.003702223300933838,0.9625928401947021,0.9156931638717651,0.7862132787704468,0.06741116940975189,0.982370138168335,0.9896469712257385,0.9317399859428406,1.3580883741378784,1.3381205797195435,4.020035266876221,20.085529327392578,20.085529327392578,0.39573460817337036,12.164549827575684,1.3580881357192993,1.3380626440048218,4.0197529792785645,20.085500717163086,20.085500717163086,0.395754873752594,12.160962104797363
