epoch,subset,n,mae_mchirp,mae_merger_time,mae_snr,mae_sky_position,mae_coa_phase,mae_polarization_angle,mae_inclination,r2_mchirp,r2_merger_time,r2_snr,r2_sky_position,r2_coa_phase,r2_polarization_angle,r2_inclination,std_ratio_mchirp,std_ratio_merger_time,std_ratio_snr,std_ratio_sky_position,std_ratio_coa_phase,std_ratio_polarization_angle,std_ratio_inclination
5,full,5000,8.42875,0.0284781,1.54668,1.51472,1.57875,0.790059,1.56524,-0.723329,0.616947,0.295326,0.302597,-0.00800025,0.749658,0.00839369,0.84451,0.624339,0.740568,0.971955,0.116217,0.0403995,0.967744
5,snr_low,1667,6.29064,0.0339162,0.854157,1.52078,1.59778,0.793958,1.56029,-0.044675,0.471757,-0.960412,0.301018,-0.0838852,0.74603,0.00819107,0.460659,0.507931,1.37089,0.979423,0.100311,0.0320236,0.934567
5,snr_mid,1666,7.82465,0.0273714,1.41223,1.50093,1.56256,0.79502,1.57559,-0.41138,0.651075,-3.89086,0.311561,0.0313567,0.750163,-0.0151323,0.685919,0.629539,1.60875,0.9757,0.108709,0.0327999,0.990412
5,snr_high,1667,11.1706,0.0241461,2.37359,1.52244,1.57592,0.781201,1.55984,-1.72293,0.725899,-10.6366,0.295257,0.0226852,0.752616,0.0312082,0.975588,0.715811,1.5857,0.960622,0.127231,0.0303823,0.975977
5,mchirp_low,2500,10.5991,0.0311427,1.84074,1.52762,1.5794,0.779606,1.56318,-9.63545,0.545183,0.0351085,0.297756,-0.0157747,0.752051,0.0130225,1.15371,0.586788,0.706765,0.971293,0.108282,0.0399031,0.94545
5,mchirp_high,2500,6.25844,0.0258135,1.25263,1.50182,1.57811,0.800512,1.56729,-1.92192,0.688879,0.552357,0.307452,-0.000792399,0.747294,0.00373934,1.45667,0.654166,0.720094,0.972661,0.12017,0.0386945,0.98936
5,merger_early,2500,7.7124,0.0259312,1.52405,1.51793,1.58464,0.794973,1.547,-0.453304,-0.358002,0.297444,0.307702,-0.00409071,0.743993,0.0388034,0.786791,0.768346,0.757816,0.95324,0.116235,0.039621,1.08065
5,merger_late,2500,9.14509,0.031025,1.56931,1.51151,1.57287,0.785144,1.58347,-0.990909,-0.66867,0.293183,0.297279,-0.0120832,0.755103,-0.0230999,0.877819,0.900874,0.72313,0.990924,0.11253,0.0399352,0.81887
5,q_low,1667,9.44348,0.0290045,1.59727,1.53351,1.58016,0.800842,1.58518,-5.13721,0.60658,0.260985,0.293285,0.00531863,0.739279,-0.0225898,1.11058,0.612502,0.723666,0.972742,0.110345,0.0406942,0.977091
5,q_mid,1666,8.11409,0.0287882,1.52441,1.50082,1.59347,0.788175,1.54356,-0.975318,0.608309,0.320354,0.306746,-0.0318907,0.74788,0.0285137,0.90489,0.62789,0.744116,0.975273,0.118948,0.0405106,0.948627
5,q_high,1667,7.72849,0.0276418,1.51836,1.50982,1.56264,0.781159,1.56696,-0.110043,0.63576,0.303845,0.30772,0.00178054,0.761054,0.0148524,0.836672,0.631442,0.74872,0.967918,0.117823,0.0396944,0.979179
5,q_low_mchirp_low,1241,10.4128,0.0299611,1.71465,1.54987,1.5825,0.792186,1.58131,-14.664,0.582922,0.163033,0.290832,-0.00657183,0.74314,-0.0199627,1.44392,0.601417,0.70214,0.966088,0.109127,0.0400844,0.974054
5,q_low_mchirp_high,426,6.61959,0.0262178,1.25532,1.48586,1.57335,0.826057,1.59648,-18.9342,0.676757,0.547929,0.299762,0.037452,0.727785,-0.0302504,2.89132,0.644348,0.739516,0.994086,0.112206,0.0411721,0.985644
5,q_high_mchirp_low,544,10.8256,0.0323762,2.078,1.50687,1.59028,0.757251,1.54111,-7.04279,0.49498,-0.239762,0.315373,-0.0374771,0.772191,0.0584292,0.901708,0.539694,0.676511,0.968784,0.103849,0.0375538,0.939438
5,q_high_mchirp_high,1123,6.22819,0.0253484,1.24727,1.51126,1.54925,0.79274,1.57948,-1.56936,0.700286,0.556372,0.30397,0.0206743,0.755105,-0.00696088,1.49636,0.661405,0.724844,0.967487,0.120534,0.0383915,0.997358
10,full,5000,2.5553,0.021333,0.991524,1.35386,1.57206,0.793036,1.57118,0.791987,0.771456,0.71071,0.331923,-0.0127816,0.748087,-8.66963e-05,0.859392,0.974145,0.85516,0.702865,0.111151,0.0298253,0.594918
10,snr_low,1667,3.3398,0.0236868,1.24029,1.35696,1.61602,0.796252,1.57484,0.634895,0.706977,-2.78558,0.330673,-0.111418,0.745979,-0.00592992,0.697689,0.860405,1.40892,0.70311,0.0974732,0.0216508,0.679604
10,snr_mid,1666,2.29083,0.0200326,0.941878,1.33986,1.56524,0.80241,1.57714,0.850162,0.8022,-1.17282,0.339365,0.0105089,0.745803,-0.0191019,0.85875,0.997369,1.62204,0.704949,0.10056,0.0265169,0.58776
10,snr_high,1667,2.03511,0.0202787,0.79237,1.36477,1.53492,0.780453,1.56156,0.884589,0.804045,-0.696469,0.325766,0.0546327,0.752361,0.0238467,0.992507,1.05196,1.46061,0.700514,0.0969287,0.0321489,0.49755
10,mchirp_low,2500,1.96021,0.0228186,1.02225,1.37493,1.5698,0.789397,1.57259,0.492392,0.736289,0.690655,0.315971,-0.0183483,0.747634,0.00125745,0.955723,0.937142,0.873132,0.691419,0.109512,0.0269538,0.581124
10,mchirp_high,2500,3.15039,0.0198474,0.960798,1.3328,1.57432,0.796676,1.56977,0.211817,0.806692,0.730501,0.34806,-0.00776489,0.748521,-0.00144549,0.995708,1.00825,0.836969,0.714233,0.0984931,0.0314947,0.602893
10,merger_early,2500,2.59963,0.0226883,1.01618,1.35691,1.55674,0.794103,1.57204,0.784506,-0.0572431,0.693581,0.332647,0.00980802,0.744163,0.0103071,0.866267,1.18635,0.856997,0.690071,0.112199,0.030936,0.582201
10,merger_late,2500,2.51097,0.0199776,0.966866,1.35082,1.58739,0.791969,1.57032,0.799365,0.235251,0.727386,0.33116,-0.0358695,0.75184,-0.01103,0.850857,1.0264,0.85339,0.715905,0.109306,0.0284136,0.602574
10,q_low,1667,1.80432,0.021217,1.00973,1.37167,1.55316,0.805874,1.56474,0.709703,0.778889,0.702337,0.319695,0.0200569,0.73831,-0.00246723,0.981241,0.970603,0.854192,0.699073,0.106889,0.0287829,0.568797
10,q_mid,1666,2.52383,0.0217886,0.988228,1.34356,1.56888,0.789232,1.58276,0.773517,0.76157,0.711849,0.335153,-0.021283,0.745128,-0.0126996,0.899928,0.969443,0.86582,0.705691,0.110897,0.0307907,0.595038
10,q_high,1667,3.33773,0.0209937,0.976615,1.34635,1.59414,0.784001,1.56605,0.752644,0.773525,0.717737,0.340862,-0.0381737,0.760037,0.0108011,0.84926,0.981796,0.84504,0.703837,0.11086,0.0297781,0.61715
10,q_low_mchirp_low,1241,1.73612,0.0214244,1.02057,1.39436,1.55744,0.801185,1.57727,0.398019,0.775504,0.696777,0.30913,0.00186796,0.740336,-0.0129689,1.12689,0.953512,0.85312,0.689956,0.107661,0.0266221,0.564686
10,q_low_mchirp_high,426,2.00298,0.0206126,0.978147,1.30557,1.54068,0.819534,1.52824,-0.867584,0.788664,0.718625,0.351636,0.0697618,0.732101,0.0280758,1.44501,1.02075,0.857325,0.727417,0.0949993,0.0327248,0.577558
10,q_high_mchirp_low,544,2.27537,0.0244894,1.03308,1.35839,1.57149,0.760425,1.57783,0.505012,0.682577,0.678112,0.327196,-0.00631337,0.769172,0.0175902,0.809759,0.896931,0.863381,0.685931,0.111782,0.0264972,0.577576
10,q_high_mchirp_high,1123,3.85235,0.0193002,0.949261,1.34052,1.60512,0.795421,1.56034,-0.00602178,0.81525,0.736138,0.347558,-0.0539299,0.755064,0.00738142,1.02986,1.01411,0.835525,0.712354,0.098023,0.0307846,0.627066
15,full,5000,1.89064,0.0157367,0.906659,1.23412,1.57612,0.783899,1.56767,0.887698,0.871761,0.757766,0.37953,-0.0114818,0.752198,-0.000986939,0.924617,0.992129,0.861168,0.588073,0.940369,0.0504416,0.216828
15,snr_low,1667,2.3706,0.0183773,1.07076,1.22541,1.61833,0.77903,1.56877,0.807688,0.816785,-1.94378,0.386809,-0.106123,0.752001,-0.0181272,0.856388,0.905738,1.38554,0.585491,0.4847,0.0462263,0.199261
15,snr_mid,1666,1.62809,0.0148054,0.899416,1.21757,1.57305,0.778933,1.56859,0.926101,0.890579,-0.981406,0.385421,0.00745996,0.757801,-0.0128664,0.944656,1.01041,1.62078,0.587681,0.868531,0.0510546,0.218521
15,snr_high,1667,1.67307,0.0140269,0.749798,1.25937,1.53699,0.793731,1.56565,0.92555,0.907084,-0.476932,0.366431,0.0565533,0.746565,0.0270338,0.966806,1.05382,1.26631,0.590561,1.20562,0.0466889,0.229922
15,mchirp_low,2500,1.513,0.0171474,0.925296,1.24499,1.57492,0.793032,1.57478,0.691402,0.843499,0.746722,0.363645,-0.0135701,0.745613,-0.0106026,1.00686,0.955156,0.869578,0.560146,1.10385,0.0538114,0.196196
15,mchirp_high,2500,2.26828,0.014326,0.888022,1.22325,1.57733,0.774766,1.56056,0.593865,0.900096,0.768658,0.395603,-0.00991309,0.758663,0.00865079,0.98485,1.02797,0.852784,0.615152,0.701313,0.0462911,0.227362
15,merger_early,2500,1.88469,0.0165278,0.931659,1.22765,1.5647,0.782542,1.56289,0.88731,0.413877,0.741401,0.385887,0.00981139,0.748969,0.018482,0.931295,1.11947,0.871891,0.567135,1.19386,0.0477532,0.217864
15,merger_late,2500,1.89659,0.0149457,0.88166,1.24059,1.58755,0.785257,1.57245,0.888067,0.564248,0.773702,0.372912,-0.0332507,0.755279,-0.021249,0.917408,1.03421,0.850626,0.608872,0.494325,0.0501359,0.215659
15,q_low,1667,1.40215,0.0157026,0.921912,1.24793,1.56052,0.775446,1.59573,0.811938,0.875118,0.754077,0.366809,0.0197324,0.751163,-0.0382386,1.01701,0.996277,0.861359,0.575558,0.99181,0.0517268,0.202319
15,q_mid,1666,1.90775,0.0158916,0.896418,1.22438,1.5883,0.785653,1.52686,0.874116,0.866283,0.759178,0.382808,-0.0370008,0.748691,0.040483,0.971229,0.99096,0.866876,0.591833,0.869702,0.0498927,0.218875
15,q_high,1667,2.36203,0.0156161,0.901641,1.23005,1.57956,0.790599,1.58039,0.876064,0.873685,0.759807,0.388917,-0.0183285,0.75634,-0.00965211,0.918335,0.989043,0.85536,0.596623,0.950014,0.0496352,0.228271
15,q_low_mchirp_low,1241,1.34821,0.0159284,0.933126,1.26412,1.56886,0.784991,1.60178,0.606494,0.870394,0.750228,0.355702,-0.000845132,0.74597,-0.0520011,1.11897,0.975271,0.857501,0.561669,1.05524,0.0538479,0.196345
15,q_low_mchirp_high,426,1.55928,0.0150448,0.889244,1.20073,1.53621,0.747643,1.5781,-0.186414,0.889057,0.765352,0.400527,0.0760953,0.765764,0.00179269,1.4205,1.05658,0.872309,0.617508,0.759544,0.0447258,0.211976
15,q_high_mchirp_low,544,1.71207,0.0189364,0.915608,1.23209,1.56752,0.800171,1.57537,0.725803,0.804065,0.74569,0.374289,-0.00234916,0.752825,0.0199617,0.883504,0.922944,0.863547,0.550761,1.21788,0.0546243,0.18602
15,q_high_mchirp_high,1123,2.67688,0.0140077,0.894875,1.22907,1.58539,0.785962,1.58283,0.50469,0.90584,0.766359,0.396084,-0.0263448,0.757541,-0.0244846,0.987488,1.01923,0.85141,0.617857,0.740228,0.0462984,0.236818
20,full,5000,1.48101,0.014677,0.862749,1.67487,1.57285,0.779879,1.57726,0.924419,0.889208,0.777969,-0.0993566,-0.0115031,0.754669,-0.00232109,0.919173,0.970704,0.882731,0.698631,1.56258,0.0413223,0.14633
20,snr_low,1667,1.93856,0.0167962,0.898128,1.72883,1.62192,0.779288,1.58313,0.860358,0.845333,-1.19697,-0.168905,-0.116459,0.752856,-0.0221847,0.909832,0.917098,1.44429,0.664044,1.65059,0.0431997,0.13181
20,snr_mid,1666,1.2825,0.0137325,0.862121,1.64779,1.56821,0.775042,1.58472,0.952752,0.906212,-0.870797,-0.0727937,0.00867774,0.760496,-0.0171494,0.932964,0.983355,1.65573,0.694024,1.55857,0.0404263,0.138445
20,snr_high,1667,1.22186,0.0135016,0.827998,1.64798,1.52843,0.785304,1.56394,0.957297,0.915383,-0.788211,-0.0565699,0.0647795,0.750417,0.0312166,0.913867,1.00913,1.23429,0.734398,1.46912,0.0394872,0.161064
20,mchirp_low,2500,1.1794,0.0158835,0.88896,1.70278,1.56839,0.776808,1.58523,0.780464,0.865229,0.762905,-0.176692,-0.0123792,0.754335,-0.0079941,0.963219,0.942659,0.888422,0.415216,1.06534,0.040646,0.139061
20,mchirp_high,2500,1.78263,0.0134705,0.836538,1.64696,1.57731,0.78295,1.56929,0.733311,0.913247,0.792833,-0.020941,-0.0111361,0.754987,0.00336075,0.967409,0.997454,0.875879,0.887131,1.65235,0.0399667,0.149079
20,merger_early,2500,1.45129,0.014024,0.880129,1.48271,1.55764,0.786563,1.56828,0.927142,0.592285,0.7666,0.0874323,0.00873705,0.747416,0.0240329,0.922282,0.987463,0.891377,0.505375,1.38415,0.0412119,0.146457
20,merger_late,2500,1.51073,0.0153299,0.845369,1.86704,1.58806,0.773195,1.58624,0.921713,0.531317,0.789033,-0.293563,-0.0322006,0.761655,-0.0296532,0.915946,1.12103,0.874137,0.850414,1.65838,0.0378911,0.143269
20,q_low,1667,1.18168,0.0146098,0.851853,1.70405,1.54976,0.770886,1.61287,0.848712,0.893592,0.781865,-0.162811,0.0228139,0.754949,-0.0417285,0.997233,0.968928,0.877583,0.514824,1.37114,0.0410388,0.143628
20,q_mid,1666,1.42447,0.0147129,0.867251,1.68049,1.59293,0.777495,1.53969,0.919475,0.88644,0.774555,-0.105948,-0.042821,0.752263,0.0332715,0.954587,0.972255,0.888685,0.718326,1.60319,0.0399808,0.143507
20,q_high,1667,1.83686,0.0147082,0.869145,1.64008,1.57588,0.791254,1.5792,0.919808,0.887382,0.777262,-0.0297079,-0.0157576,0.756503,-0.00302387,0.918863,0.970864,0.882175,0.81773,1.62699,0.0418387,0.149507
20,q_low_mchirp_low,1241,1.14777,0.014852,0.87001,1.71946,1.5603,0.773661,1.61381,0.674978,0.889459,0.774517,-0.17624,-0.00212342,0.753178,-0.047281,1.07022,0.956666,0.874053,0.433018,1.14482,0.0416516,0.141934
20,q_low_mchirp_high,426,1.28046,0.0139041,0.798959,1.65916,1.51906,0.762801,1.61016,0.101917,0.905792,0.80339,-0.122724,0.0913327,0.759701,-0.0255876,1.33049,1.0052,0.886962,0.709866,1.6367,0.0388433,0.147852
20,q_high_mchirp_low,544,1.26304,0.0173974,0.900035,1.67231,1.55335,0.802162,1.57615,0.824957,0.828697,0.757595,-0.145773,0.0196369,0.752708,0.0262872,0.846922,0.91042,0.885364,0.388042,0.849909,0.0396156,0.139305
20,q_high_mchirp_high,1123,2.11483,0.0134054,0.854181,1.62446,1.58679,0.785971,1.58067,0.678718,0.914457,0.786393,0.0271702,-0.0332301,0.757842,-0.0177048,0.984052,0.995747,0.879863,0.948803,1.63835,0.0403514,0.14874
25,full,5000,1.21013,0.0135617,0.85399,1.62701,1.57369,0.776061,1.55118,0.945812,0.90394,0.78175,0.0155456,-0.0119407,0.756217,0.0209642,0.960535,0.97311,0.893315,0.576704,0.0662651,0.0438845,0.931465
25,snr_low,1667,1.69873,0.0157128,0.801913,1.63533,1.62539,0.773192,1.5581,0.891151,0.859962,-0.774926,0.00766044,-0.119967,0.756331,0.0109051,0.928685,0.926166,1.39645,0.492898,0.0553187,0.0445946,0.66965
25,snr_mid,1666,1.03939,0.0127809,0.866808,1.62696,1.56205,0.770087,1.55109,0.967894,0.919408,-0.912123,0.0121043,0.015623,0.761171,0.00685592,0.974938,0.984272,1.67735,0.561052,0.0586929,0.0439648,0.907724
25,snr_high,1667,0.892166,0.012191,0.893255,1.61873,1.53363,0.784903,1.54436,0.976096,0.931785,-1.05935,0.0267701,0.0598806,0.750933,0.0442496,0.976046,1.00677,1.2428,0.658026,0.0562554,0.0386566,1.1316
25,mchirp_low,2500,1.04596,0.0144556,0.864139,1.75161,1.57292,0.77704,1.5331,0.819745,0.88392,0.77293,-0.178832,-0.0172591,0.753791,0.0422256,0.971492,0.94964,0.89538,0.322607,0.0643738,0.0411705,0.627798
25,mchirp_high,2500,1.3743,0.0126678,0.843841,1.50241,1.57447,0.775083,1.56926,0.821624,0.92401,0.790447,0.212789,-0.00716977,0.758591,-0.000378342,1.01414,0.994815,0.891022,0.678672,0.0573492,0.0302989,1.14613
25,merger_early,2500,1.17075,0.013456,0.87192,1.67488,1.55727,0.77776,1.55529,0.949289,0.620498,0.770152,0.0593143,0.0112611,0.751669,0.0287161,0.958944,1.0091,0.896938,0.353461,0.0684267,0.0392684,0.767659
25,merger_late,2500,1.2495,0.0136675,0.836059,1.57913,1.59012,0.774363,1.54707,0.942363,0.617942,0.793038,-0.0299713,-0.0356512,0.760578,0.0127395,0.961941,1.07437,0.889804,0.732419,0.0582872,0.0458583,1.03162
25,q_low,1667,1.09894,0.0133315,0.823274,1.72632,1.55297,0.765843,1.52789,0.863142,0.910256,0.794965,-0.132978,0.0245536,0.757231,0.0276995,1.02231,0.974508,0.886519,0.492274,0.0643014,0.0377127,0.827371
25,q_mid,1666,1.13634,0.0136012,0.859006,1.58531,1.58095,0.779866,1.5713,0.943598,0.901578,0.779219,0.0596436,-0.0298311,0.749748,0.00923432,0.994686,0.974215,0.90125,0.58742,0.0659312,0.0461566,0.964439
25,q_high,1667,1.39507,0.0137526,0.879693,1.56937,1.58717,0.782478,1.55436,0.948363,0.899752,0.770681,0.119889,-0.0317409,0.761246,0.0220983,0.963898,0.970274,0.892451,0.617676,0.0657209,0.0462665,0.992716
25,q_low_mchirp_low,1241,1.07703,0.0133948,0.824334,1.75856,1.56115,0.770123,1.48524,0.702983,0.907938,0.792618,-0.185325,0.000431768,0.754935,0.0715033,1.06828,0.961583,0.881618,0.365125,0.0637312,0.0361213,0.690992
25,q_low_mchirp_high,426,1.16277,0.0131472,0.820184,1.63241,1.52911,0.753376,1.65216,0.207504,0.91705,0.801839,0.0290892,0.0908008,0.763499,-0.09978,1.33368,1.01293,0.899971,0.690036,0.0584399,0.0310009,1.11749
25,q_high_mchirp_low,544,1.07041,0.0164707,0.918466,1.76829,1.56703,0.799083,1.55259,0.86813,0.841144,0.746939,-0.162877,0.00573882,0.75423,0.0410989,0.856187,0.918979,0.890807,0.262624,0.0643255,0.0402352,0.485643
25,q_high_mchirp_high,1123,1.55233,0.0124359,0.860911,1.47301,1.59692,0.774434,1.55522,0.799523,0.926849,0.781704,0.258461,-0.0502328,0.764168,0.0125731,1.03403,0.989179,0.893206,0.675828,0.0556149,0.0300247,1.15483
30,full,5000,1.23255,0.013625,0.851159,1.73123,1.57885,0.781033,1.57041,0.944156,0.903905,0.783009,-0.141413,-0.0104245,0.753972,1.834e-05,0.987275,1.00633,0.924217,1.1777,0.1747,0.00682279,0.168724
30,snr_low,1667,1.76683,0.0156341,0.804772,1.78354,1.59595,0.782547,1.55946,0.887706,0.861816,-0.795359,-0.202954,-0.0847818,0.750217,1.41074e-05,0.977439,0.966025,1.43421,1.11173,0.146242,0.00597134,0.167598
30,snr_mid,1666,1.04677,0.0130227,0.9197,1.75147,1.57208,0.779975,1.56851,0.966089,0.918144,-1.0976,-0.1713,0.0163382,0.758082,-0.0115111,0.997904,1.01693,1.75356,1.169,0.172283,0.00562877,0.158639
30,snr_high,1667,0.883933,0.0122178,0.829046,1.6587,1.56852,0.780576,1.58327,0.976356,0.931117,-0.81798,-0.0506119,0.0312773,0.753395,0.0109933,0.984343,1.03385,1.26965,1.23328,0.199163,0.00611137,0.178819
30,mchirp_low,2500,1.12035,0.0145831,0.866393,1.88684,1.58023,0.77584,1.55867,0.773712,0.883952,0.77109,-0.375174,-0.0182507,0.753913,0.00694424,1.02735,0.987524,0.928663,1.03177,0.112579,0.00712256,0.174534
30,mchirp_high,2500,1.34474,0.0126669,0.835926,1.57563,1.57747,0.786226,1.58216,0.838911,0.923907,0.794767,0.0957976,-0.00316661,0.754019,-0.00694091,1.06697,1.02491,0.919649,1.24489,0.160504,0.00637593,0.152737
30,merger_early,2500,1.16469,0.0139007,0.86701,1.61986,1.58169,0.786019,1.57834,0.950083,0.599117,0.770202,-0.0314754,-0.00528227,0.747297,0.00687825,0.992398,1.09211,0.934413,0.880173,0.143245,0.00628667,0.141106
30,merger_late,2500,1.30041,0.0133493,0.835308,1.8426,1.57602,0.776046,1.56248,0.938281,0.637651,0.795476,-0.255724,-0.0157618,0.760397,-0.00729624,0.981957,1.02701,0.914178,1.41971,0.176585,0.00605142,0.190825
30,q_low,1667,1.30137,0.0136356,0.827398,1.858,1.58572,0.782731,1.55475,0.812553,0.906959,0.793986,-0.314756,-0.00417922,0.747606,-0.00267052,1.02993,1.00613,0.91453,1.17468,0.135327,0.00699599,0.157639
30,q_mid,1666,1.10717,0.0136671,0.852807,1.70896,1.57677,0.77826,1.60934,0.943284,0.902539,0.78109,-0.11354,-0.0163305,0.753297,-0.0266131,1.01383,1.006,0.93522,1.20177,0.168616,0.00658967,0.168416
30,q_high,1667,1.28904,0.0135724,0.873273,1.62672,1.57407,0.782106,1.54717,0.95683,0.902046,0.773587,0.00367464,-0.0112827,0.760485,0.0251604,1.00161,1.00605,0.923123,1.14818,0.195665,0.00687057,0.176626
30,q_low_mchirp_low,1241,1.32679,0.0136385,0.835379,1.91079,1.59055,0.781492,1.54067,0.574838,0.903839,0.790382,-0.383726,-0.0206125,0.746758,0.00557227,1.11165,0.995354,0.908406,1.08571,0.114521,0.00697439,0.153942
30,q_low_mchirp_high,426,1.22732,0.0136272,0.804149,1.70422,1.57164,0.786342,1.59576,0.0367112,0.916147,0.804544,-0.10092,0.0406073,0.749688,-0.0266719,1.33573,1.03781,0.932089,1.33512,0.133041,0.00700002,0.162012
30,q_high_mchirp_low,544,0.938049,0.0159087,0.903045,1.84121,1.57926,0.786509,1.55178,0.865143,0.849979,0.749491,-0.318387,-0.0244013,0.759297,0.0415797,0.911406,0.964112,0.929962,0.874655,0.110044,0.00770396,0.196927
30,q_high_mchirp_high,1123,1.45906,0.0124406,0.858851,1.52282,1.57155,0.779973,1.54494,0.840618,0.926077,0.784775,0.161504,-0.00512399,0.760557,0.016926,1.10025,1.02445,0.919624,1.20449,0.173147,0.00613708,0.155374
35,full,5000,1.12338,0.0132451,0.828795,1.25251,1.58472,0.782222,1.56483,0.952032,0.910509,0.791129,0.436472,-0.0186881,0.753332,0.0034968,1.00759,0.991409,0.94015,1.00436,1.38059,0.00634237,0.178172
35,snr_low,1667,1.56611,0.0150491,0.827623,1.26612,1.6298,0.784403,1.55953,0.904792,0.870496,-0.896476,0.431366,-0.113982,0.74932,0.00162754,0.991136,0.95753,1.39851,1.00726,1.42053,0.00531908,0.142352
35,snr_mid,1666,0.985225,0.0127091,0.920526,1.25464,1.57015,0.781236,1.56212,0.970419,0.924668,-1.11081,0.437502,0.00888403,0.757337,-0.0147823,1.01597,1.00009,1.77029,1.00126,1.36422,0.00483564,0.166807
35,snr_high,1667,0.818716,0.0119768,0.738291,1.23678,1.55419,0.781028,1.57285,0.978942,0.935755,-0.492345,0.440513,0.041435,0.753116,0.0228422,1.01494,1.01548,1.3095,1.00411,1.35079,0.00538679,0.215475
35,mchirp_low,2500,0.966611,0.0142221,0.84522,1.27884,1.59148,0.776562,1.55615,0.840041,0.891853,0.779553,0.429553,-0.0233363,0.753764,0.00712398,0.976843,0.976968,0.945564,1.00153,0.359229,0.00660957,0.1779
35,mchirp_high,2500,1.28014,0.0122681,0.812371,1.22619,1.57796,0.787882,1.57351,0.842318,0.929212,0.802548,0.443448,-0.0145851,0.752896,-0.000152639,1.08592,1.0056,0.934809,1.00672,1.59384,0.00604055,0.177069
35,merger_early,2500,1.0709,0.0136976,0.846054,1.19677,1.58695,0.786709,1.57196,0.957473,0.618013,0.777452,0.486917,-0.006214,0.746957,0.0110964,1.00668,1.07671,0.952357,0.777784,1.20027,0.00579112,0.161696
35,merger_late,2500,1.17585,0.0127926,0.811537,1.30825,1.58249,0.777735,1.55771,0.946638,0.670646,0.804447,0.38402,-0.0314855,0.759465,-0.00457635,1.00821,1.02641,0.928138,1.17968,1.50705,0.00593413,0.193634
35,q_low,1667,1.09015,0.0132787,0.810187,1.28793,1.58479,0.784879,1.54131,0.866654,0.914105,0.800892,0.411828,0.00247298,0.746714,0.0153354,1.03845,0.990333,0.936443,1.01952,0.917295,0.00644327,0.178371
35,q_mid,1666,1.04567,0.0133992,0.828511,1.22684,1.57571,0.779687,1.60119,0.947988,0.90771,0.790036,0.456277,-0.019241,0.752419,-0.0254009,1.03643,0.990066,0.948216,1.01447,1.43147,0.00643791,0.168709
35,q_high,1667,1.23426,0.0130575,0.847687,1.24275,1.59364,0.782098,1.55202,0.958448,0.909545,0.782105,0.441417,-0.040067,0.760311,0.0166301,1.01778,0.99272,0.936111,0.978497,1.52087,0.00613257,0.187024
35,q_low_mchirp_low,1241,1.05497,0.0133245,0.820312,1.29587,1.60107,0.782291,1.52768,0.724709,0.911617,0.7972,0.417596,-0.022851,0.746903,0.0213124,1.0626,0.983063,0.931551,1.01094,0.412867,0.00641183,0.177084
35,q_low_mchirp_high,426,1.19263,0.0131451,0.780693,1.26482,1.53738,0.79242,1.58102,0.133989,0.921412,0.811706,0.392749,0.0720487,0.74581,-0.0020723,1.35787,1.01224,0.950628,1.04645,1.49659,0.00652395,0.180145
35,q_high_mchirp_low,544,0.929237,0.015861,0.87679,1.28561,1.59307,0.785351,1.56984,0.885879,0.855712,0.759099,0.436052,-0.0321723,0.759785,0.0247767,0.863741,0.954864,0.94358,0.954646,0.318969,0.00647969,0.197806
35,q_high_mchirp_high,1123,1.38202,0.0116994,0.83359,1.22198,1.59392,0.780523,1.54339,0.841351,0.934441,0.792787,0.444046,-0.0441503,0.760059,0.0125319,1.11413,1.00868,0.932614,0.989562,1.52674,0.00587069,0.179812
40,full,5000,1.08879,0.0133395,0.830473,1.80237,1.57437,0.783722,1.57565,0.954736,0.907847,0.791925,-0.25618,-0.0106479,0.752578,-0.00321089,0.992332,1.02427,0.920324,1.17817,1.10205,0.0108672,1.29332
40,snr_low,1667,1.54409,0.0154463,0.819635,1.83128,1.63401,0.78602,1.57003,0.907039,0.8644,-0.871633,-0.328356,-0.124873,0.748537,-0.00314591,0.968129,0.99575,1.40964,0.99519,0.855792,0.00869792,1.13058
40,snr_mid,1666,0.928229,0.0126763,0.906861,1.8673,1.54627,0.783102,1.57689,0.974305,0.923274,-1.04231,-0.326702,0.0370071,0.756427,-0.0143367,0.999141,1.03087,1.75268,1.19637,1.15786,0.00871229,1.35514
40,snr_high,1667,0.793941,0.0118957,0.764968,1.70857,1.54281,0.782043,1.58002,0.980844,0.935212,-0.565257,-0.114511,0.0470517,0.752551,0.00730403,1.00856,1.04568,1.2104,1.27553,1.18592,0.0102037,1.35711
40,mchirp_low,2500,0.940822,0.0141778,0.838621,1.80576,1.5734,0.777689,1.57104,0.842631,0.890597,0.783024,-0.284707,-0.0125624,0.753389,0.00224021,0.993668,1.01461,0.932667,0.923514,1.4592,0.0117546,1.38212
40,mchirp_high,2500,1.23675,0.0125013,0.822325,1.79897,1.57534,0.789755,1.58025,0.854813,0.925138,0.800702,-0.227326,-0.00925104,0.75177,-0.00869044,1.06851,1.03343,0.907781,1.33032,0.23043,0.0093524,1.17853
40,merger_early,2500,1.0308,0.0135693,0.842057,1.73378,1.56303,0.787481,1.56865,0.959323,0.613751,0.781633,-0.184736,0.0140745,0.746534,0.0138081,0.995409,1.09392,0.930646,0.896969,1.26093,0.0101909,1.02201
40,merger_late,2500,1.14678,0.0131098,0.818888,1.87095,1.58571,0.779963,1.58264,0.950188,0.654211,0.801941,-0.330472,-0.0359054,0.758391,-0.0209578,0.989047,1.0482,0.910193,1.40671,0.883447,0.00964728,1.47018
40,q_low,1667,1.06669,0.0134102,0.811075,1.84822,1.55761,0.786926,1.5654,0.865963,0.910158,0.801066,-0.328358,0.0213799,0.745814,-0.0102021,1.02434,1.02626,0.922245,1.10088,1.26219,0.0106491,1.40369
40,q_mid,1666,0.990125,0.0136949,0.826307,1.78995,1.57953,0.781241,1.59903,0.954366,0.904242,0.792141,-0.238429,-0.022556,0.75174,-0.0210568,1.01623,1.02466,0.925328,1.20578,1.05157,0.0111775,1.26396
40,q_high,1667,1.20949,0.0129137,0.854034,1.76892,1.58598,0.782998,1.56252,0.960589,0.909,0.782196,-0.201899,-0.0318318,0.759627,0.0174035,1.00674,1.02126,0.913562,1.20784,0.953702,0.0107744,1.19353
40,q_low_mchirp_low,1241,1.05271,0.013321,0.816742,1.85039,1.56462,0.78311,1.55807,0.713094,0.909908,0.797868,-0.323717,0.00264648,0.746991,0.00136957,1.06989,1.02008,0.918488,0.988934,1.42079,0.010806,1.4513
40,q_low_mchirp_high,426,1.1074,0.0136702,0.794565,1.84191,1.53718,0.798042,1.58674,0.197305,0.91076,0.810434,-0.345168,0.072604,0.74206,-0.0438901,1.31084,1.04522,0.933028,1.34747,0.285229,0.00984855,1.21474
40,q_high_mchirp_low,544,0.870888,0.0151582,0.86977,1.78602,1.55159,0.785184,1.55215,0.894643,0.859315,0.764973,-0.254736,0.0143521,0.760151,0.0380806,0.889882,0.991283,0.937036,0.761054,1.50566,0.0121217,1.26852
40,q_high_mchirp_high,1123,1.37351,0.0118265,0.846411,1.76064,1.60263,0.781939,1.56754,0.848565,0.931943,0.790191,-0.176007,-0.0545635,0.758861,0.00704008,1.10262,1.03285,0.902449,1.31757,0.200482,0.0091617,1.14845
45,full,5000,1.0306,0.0130368,0.833669,1.60011,1.57384,0.783144,1.54831,0.957765,0.912656,0.788915,0.079112,-0.0102279,0.752758,0.0166438,0.990016,0.997785,0.933212,0.976645,0.996175,0.041809,1.16655
45,snr_low,1667,1.46494,0.0149823,0.867975,1.69311,1.63616,0.784614,1.53824,0.911532,0.87183,-1.06362,-0.0662078,-0.126008,0.74892,0.0197109,0.980811,0.965039,1.3998,0.900247,0.695311,0.0222866,1.14686
45,snr_mid,1666,0.870584,0.0123637,0.928901,1.63384,1.54875,0.783174,1.55149,0.977063,0.927648,-1.14097,0.0530251,0.0296066,0.756353,0.00263826,0.994904,1.00498,1.76234,0.988937,1.04219,0.0365638,1.17435
45,snr_high,1667,0.756167,0.0117642,0.70419,1.47339,1.53659,0.781644,1.55518,0.982723,0.937869,-0.35655,0.249462,0.0566119,0.752787,0.0270315,0.994028,1.02251,1.27407,1.00179,1.13636,0.0510111,1.16025
45,mchirp_low,2500,0.874468,0.0138931,0.857881,1.63816,1.57652,0.777741,1.55336,0.862654,0.894773,0.772868,0.0174702,-0.0150809,0.752992,0.011806,1.01271,0.982061,0.944567,0.817164,1.31767,0.0492835,1.09177
45,mchirp_high,2500,1.18673,0.0121806,0.809458,1.56206,1.57115,0.788547,1.54326,0.859204,0.930583,0.804751,0.141611,-0.00591756,0.752517,0.0214879,1.04864,1.01265,0.921333,1.08164,0.293218,0.0214544,1.18922
45,merger_early,2500,0.996129,0.0133771,0.84771,1.55944,1.55978,0.786831,1.54056,0.961035,0.632584,0.777978,0.159242,0.0177555,0.746668,0.0304021,0.99367,1.08065,0.941598,0.598459,1.21774,0.047574,1.16171
45,merger_late,2500,1.06507,0.0126966,0.819629,1.64078,1.5879,0.779457,1.55605,0.954522,0.673495,0.799559,-0.0042068,-0.038803,0.758615,0.00225041,0.986241,1.0342,0.924993,1.23309,0.630856,0.0306911,1.13671
45,q_low,1667,0.971026,0.0130903,0.821708,1.65404,1.5534,0.783225,1.54916,0.882665,0.915935,0.79481,0.0100212,0.030475,0.747071,0.0100309,1.03575,0.994604,0.933227,0.932336,1.17836,0.0421694,1.13787
45,q_mid,1666,0.950324,0.0132018,0.834106,1.58192,1.5799,0.783214,1.56346,0.956274,0.911629,0.786746,0.103616,-0.0270018,0.751134,-0.00253183,1.0175,0.999544,0.938664,0.995925,0.918885,0.0417628,1.18068
45,q_high,1667,1.17039,0.0128186,0.845195,1.56435,1.58822,0.782994,1.5323,0.962117,0.91024,0.784917,0.123672,-0.035426,0.759532,0.0382893,1.00157,0.998892,0.92796,0.990243,0.839857,0.0405724,1.16714
45,q_low_mchirp_low,1241,0.956527,0.013105,0.834187,1.67913,1.56308,0.779512,1.53071,0.751678,0.913785,0.78909,-0.0142169,0.00723115,0.747802,0.0304603,1.09863,0.986471,0.92984,0.871478,1.32349,0.0449326,1.07465
45,q_low_mchirp_high,426,1.01326,0.0130474,0.785354,1.58096,1.52522,0.79404,1.6029,0.278461,0.922233,0.811566,0.0842681,0.0942808,0.744605,-0.049432,1.29391,1.01918,0.942701,1.07648,0.335146,0.0271967,1.25056
45,q_high_mchirp_low,544,0.827611,0.0150443,0.881207,1.61322,1.56458,0.785905,1.51733,0.911858,0.859613,0.759856,0.0439609,0.00464232,0.759729,0.0651839,0.901701,0.957839,0.948292,0.669978,1.33182,0.0539805,1.11593
45,q_high_mchirp_high,1123,1.33644,0.0117404,0.827751,1.54068,1.59967,0.781584,1.53955,0.850049,0.933632,0.796554,0.162735,-0.0551796,0.758926,0.0248176,1.07913,1.01435,0.918136,1.08132,0.234343,0.0175192,1.16494
50,full,5000,1.12597,0.0130193,0.833909,1.66277,1.58707,0.785089,1.54643,0.951855,0.913301,0.788642,-0.0157252,-0.0230275,0.751808,0.0191657,1.00963,1.00534,0.934042,0.920963,1.34738,0.0541363,1.09817
50,snr_low,1667,1.5831,0.014923,0.87528,1.70436,1.63065,0.786836,1.53701,0.903868,0.873906,-1.08883,-0.114377,-0.118615,0.747836,0.0225452,0.998618,0.973945,1.38352,0.683411,1.46581,0.0221474,1.09227
50,snr_mid,1666,0.975841,0.0122998,0.933247,1.69165,1.57634,0.784008,1.56759,0.971065,0.928501,-1.16092,-0.0408739,-0.00121123,0.756064,-0.0117878,1.01445,1.01116,1.7633,0.921562,1.30665,0.0467375,1.10545
50,snr_high,1667,0.818878,0.0118348,0.693259,1.59232,1.5542,0.784423,1.53471,0.978625,0.936888,-0.318832,0.107284,0.0430403,0.751297,0.0456997,1.01545,1.03005,1.27902,1.06656,1.26861,0.07124,1.08522
50,mchirp_low,2500,0.990049,0.013837,0.855599,1.68172,1.59964,0.779508,1.54398,0.830519,0.896916,0.773521,-0.0721389,-0.0345574,0.752347,0.0197062,1.03888,0.993814,0.945267,0.79018,0.86442,0.0691581,0.979919
50,mchirp_high,2500,1.26189,0.0122016,0.812219,1.64383,1.57449,0.790671,1.54889,0.846748,0.929725,0.803565,0.0414581,-0.0121039,0.751267,0.0186135,1.06643,1.01581,0.922607,1.0223,1.46645,0.0176479,1.19304
50,merger_early,2500,1.08277,0.0133368,0.847647,1.49911,1.58887,0.788373,1.54076,0.956519,0.640221,0.777939,0.152844,-0.0162576,0.745771,0.0305526,1.01112,1.09556,0.94432,0.559357,1.11512,0.0650158,1.15571
50,merger_late,2500,1.16917,0.0127019,0.820171,1.82644,1.58526,0.781805,1.55211,0.947231,0.671305,0.799059,-0.190989,-0.0300221,0.757613,0.00720796,1.00807,1.02997,0.923857,1.16956,1.4584,0.0354071,1.00418
50,q_low,1667,1.26195,0.013034,0.82127,1.71318,1.60114,0.785567,1.53825,0.835087,0.917686,0.794971,-0.0963427,-0.0169175,0.746092,0.0138557,1.05379,1.00727,0.931714,0.878852,1.07061,0.0525304,1.0635
50,q_mid,1666,0.980897,0.0132463,0.836026,1.63545,1.56803,0.785929,1.56129,0.95204,0.911217,0.786891,0.021268,-0.0127647,0.749916,0.00535905,1.03612,1.00566,0.941916,0.927454,1.39463,0.0555937,1.12622
50,q_high,1667,1.13498,0.0127777,0.844432,1.63967,1.59202,0.783772,1.53977,0.962979,0.910816,0.783777,0.0279745,-0.0397991,0.758865,0.0341977,1.02332,1.00265,0.928785,0.948312,1.43106,0.0539941,1.10207
50,q_low_mchirp_low,1241,1.24346,0.0130524,0.833064,1.7307,1.61529,0.780453,1.51336,0.642258,0.916584,0.78998,-0.114075,-0.0425164,0.747859,0.0342273,1.11947,1.00064,0.926736,0.832268,0.826571,0.0578849,0.974708
50,q_low_mchirp_high,426,1.31579,0.0129806,0.786914,1.66215,1.5599,0.800463,1.61074,0.0439841,0.920853,0.809589,-0.0426607,0.0534051,0.740642,-0.045439,1.30404,1.02762,0.945968,1.00132,1.42936,0.0232063,1.25049
50,q_high_mchirp_low,544,0.733804,0.0149856,0.875361,1.64257,1.60263,0.785941,1.54336,0.922708,0.860958,0.760056,-0.0347958,-0.0458207,0.759917,0.0478089,0.92815,0.968135,0.950403,0.672597,0.869554,0.0797763,0.978661
50,q_high_mchirp_high,1123,1.32932,0.0117082,0.829449,1.63827,1.58688,0.782722,1.53803,0.850505,0.933849,0.794791,0.058735,-0.0371037,0.75784,0.0273677,1.09907,1.01451,0.918508,1.04261,1.42044,0.0144932,1.15451
55,full,5000,1.02952,0.0129221,0.841693,1.70106,1.58318,0.783802,1.56291,0.959016,0.914976,0.785226,-0.0721814,-0.0209499,0.752533,0.0119643,0.977456,1.00254,0.927388,1.01746,1.34658,0.0887287,1.05736
55,snr_low,1667,1.43812,0.014821,0.903652,1.74951,1.62612,0.783368,1.54879,0.915875,0.875768,-1.21359,-0.179085,-0.115878,0.749199,0.0180483,0.96766,0.973828,1.40273,0.756597,1.47128,0.0494605,1.1185
55,snr_mid,1666,0.885727,0.0120601,0.944506,1.76241,1.57378,0.782713,1.58998,0.976841,0.931486,-1.1998,-0.133386,-0.0010701,0.756988,-0.0207123,0.982771,1.00711,1.75764,1.04692,1.30111,0.0808576,1.02557
55,snr_high,1667,0.764641,0.0118846,0.676981,1.59128,1.54964,0.785323,1.54998,0.982496,0.937058,-0.247199,0.0947871,0.0464221,0.751186,0.0375324,0.981559,1.02608,1.2312,1.13503,1.25553,0.108383,1.02491
55,mchirp_low,2500,0.892321,0.0137548,0.865101,1.72605,1.59599,0.77907,1.56246,0.863541,0.898101,0.769733,-0.128574,-0.0329729,0.752279,0.0173827,0.984014,0.988465,0.937569,0.91554,1.02552,0.10306,1.01625
55,mchirp_high,2500,1.16673,0.0120893,0.818284,1.67606,1.57037,0.788533,1.56337,0.865157,0.931892,0.800515,-0.015024,-0.00953632,0.752772,0.00651771,1.0534,1.01625,0.916994,1.09565,1.41059,0.0377007,1.09275
55,merger_early,2500,0.984572,0.0129574,0.856852,1.59778,1.58144,0.786183,1.55359,0.962522,0.656209,0.773851,0.0463202,-0.0110874,0.746905,0.0262652,0.980666,1.05774,0.937128,0.658946,1.17936,0.0992337,1.15777
55,merger_late,2500,1.07448,0.0128868,0.826533,1.80433,1.58492,0.781421,1.57223,0.955539,0.66921,0.796297,-0.195394,-0.0310905,0.757942,-0.00298762,0.974109,1.06057,0.91779,1.27635,1.41221,0.0689089,0.932331
55,q_low,1667,0.997106,0.012864,0.832041,1.76244,1.59723,0.780005,1.56331,0.883902,0.920046,0.79102,-0.162989,-0.015507,0.748758,-0.000877007,1.00454,1.00168,0.924807,1.00616,1.13731,0.0870057,1.00581
55,q_mid,1666,0.939319,0.0131505,0.842247,1.66846,1.56094,0.786395,1.56213,0.958102,0.913122,0.783247,-0.0299478,-0.00837452,0.75002,0.0166346,0.999989,1.00272,0.934863,1.03001,1.38444,0.0898841,1.1034
55,q_high,1667,1.15209,0.0127519,0.85079,1.67225,1.59136,0.785006,1.56329,0.963435,0.911564,0.781133,-0.0235095,-0.0393358,0.758337,0.0159817,0.993974,1.00272,0.922781,1.01148,1.39526,0.0871241,1.05629
55,q_low_mchirp_low,1241,1.01331,0.0129117,0.844153,1.77572,1.61058,0.775588,1.55539,0.742027,0.918421,0.78573,-0.17223,-0.0399706,0.749739,0.00863851,1.05917,0.994201,0.919085,0.97328,0.950454,0.0926554,0.971853
55,q_low_mchirp_high,426,0.949892,0.0127248,0.796758,1.72376,1.55836,0.792874,1.58638,0.367725,0.924781,0.806519,-0.136027,0.0516521,0.745573,-0.0285819,1.27178,1.02412,0.94119,1.09496,1.40695,0.0468999,1.09675
55,q_high_mchirp_low,544,0.797186,0.0150045,0.881709,1.70309,1.60191,0.790213,1.56736,0.918172,0.860908,0.758296,-0.103758,-0.0448699,0.757181,0.0343712,0.880869,0.965022,0.943947,0.772066,1.09697,0.111319,1.02544
55,q_high_mchirp_high,1123,1.32402,0.0116607,0.835812,1.65731,1.58625,0.782483,1.56133,0.854179,0.934976,0.791736,0.0158164,-0.0368778,0.758389,0.00676195,1.08561,1.01785,0.912727,1.09254,1.37191,0.031731,1.06792
60,full,5000,1.01727,0.0128834,0.83466,1.73281,1.58744,0.784681,1.54042,0.959737,0.915376,0.788011,-0.122296,-0.0248157,0.752068,0.0258874,0.990032,1.00099,0.938027,1.14974,0.981981,0.065727,1.10324
60,snr_low,1667,1.43949,0.0147515,0.875087,1.84614,1.60264,0.785848,1.52651,0.916581,0.876151,-1.09478,-0.303882,-0.0890584,0.748087,0.0344891,0.975914,0.972204,1.40273,0.995212,1.16573,0.0317289,0.982369
60,snr_mid,1666,0.874094,0.0120947,0.943109,1.77878,1.5711,0.783029,1.55504,0.977258,0.931465,-1.20253,-0.167291,0.00625065,0.756762,0.00332064,0.995373,1.0068,1.77483,1.19647,0.934381,0.0588404,1.14722
60,snr_high,1667,0.738134,0.0118034,0.68585,1.57353,1.58856,0.785164,1.53971,0.983556,0.937898,-0.287335,0.102862,0.00335409,0.751121,0.0391913,0.998269,1.02328,1.26412,1.17707,0.831187,0.0842008,1.15336
60,mchirp_low,2500,0.88884,0.0137113,0.85989,1.76896,1.59259,0.779173,1.53735,0.861099,0.898581,0.771541,-0.181633,-0.0361582,0.752561,0.0289528,1.00696,0.988564,0.948469,1.07728,0.597323,0.0816632,1.06884
60,mchirp_high,2500,1.1457,0.0120554,0.80943,1.69665,1.58229,0.790189,1.54348,0.870249,0.932212,0.804266,-0.0621541,-0.0140788,0.751572,0.0228019,1.05046,1.01292,0.927023,1.19995,1.19004,0.0204405,1.13259
60,merger_early,2500,0.965756,0.0128853,0.850531,1.67906,1.58873,0.787904,1.54154,0.964073,0.664314,0.775835,-0.0415949,-0.0179098,0.746007,0.030444,0.992903,1.05706,0.947655,0.820832,0.630564,0.0769222,1.03363
60,merger_late,2500,1.06878,0.0128814,0.818789,1.78655,1.58614,0.781457,1.53929,0.955439,0.664699,0.799865,-0.206211,-0.0319489,0.757897,0.020945,0.987047,1.06196,0.92853,1.40494,1.19029,0.0466424,1.14085
60,q_low,1667,0.988374,0.0128263,0.827214,1.77731,1.60984,0.783734,1.52699,0.883429,0.920579,0.793127,-0.186252,-0.0319264,0.746858,0.0240929,1.03018,0.999571,0.936432,1.16291,0.686957,0.0638076,1.11132
60,q_mid,1666,0.929176,0.0130993,0.832869,1.72909,1.56245,0.786436,1.57411,0.95849,0.913778,0.787038,-0.117133,-0.0119329,0.749867,-0.0039283,1.01354,1.002,0.945221,1.16342,1.01221,0.067164,1.10566
60,q_high,1667,1.13421,0.0127246,0.843896,1.69202,1.59,0.783874,1.52017,0.964887,0.91157,0.783582,-0.0637616,-0.0307111,0.75894,0.053423,1.00373,1.00085,0.932656,1.11947,1.14542,0.0656084,1.09434
60,q_low_mchirp_low,1241,0.990556,0.0128659,0.839554,1.80709,1.61163,0.778579,1.50712,0.741109,0.919287,0.78778,-0.213095,-0.0474828,0.748559,0.0434821,1.09111,0.992929,0.930975,1.13546,0.460937,0.0695083,1.09532
60,q_low_mchirp_high,426,0.982019,0.0127109,0.791267,1.69054,1.60465,0.798752,1.58487,0.364257,0.924316,0.80879,-0.104179,0.0103878,0.741598,-0.0323428,1.26073,1.01971,0.951765,1.23574,1.04182,0.0274891,1.14216
60,q_high_mchirp_low,544,0.81592,0.0150103,0.877978,1.71592,1.58816,0.786471,1.52097,0.914621,0.859977,0.758699,-0.10534,-0.026518,0.759923,0.0661863,0.896541,0.96544,0.953951,0.929322,0.748737,0.0926433,1.01517
60,q_high_mchirp_high,1123,1.28839,0.0116174,0.827386,1.68044,1.59089,0.782616,1.51978,0.862243,0.935423,0.795136,-0.0433865,-0.0329892,0.757948,0.0470173,1.08258,1.01445,0.92234,1.17784,1.25164,0.0166091,1.13142
65,full,5000,1.01155,0.0127576,0.823703,1.65508,1.57359,0.785008,1.54943,0.959699,0.917134,0.793772,-0.00708471,-0.00910082,0.751822,0.0218942,0.992565,0.997359,0.934203,0.992046,0.679857,0.0744504,0.826568
65,snr_low,1667,1.42902,0.0146085,0.793029,1.71202,1.56897,0.785839,1.53405,0.915939,0.878322,-0.755293,-0.12786,-0.0613312,0.747952,0.0348123,0.981707,0.973016,1.40165,0.706226,0.853151,0.0362519,0.77521
65,snr_mid,1666,0.866982,0.0120348,0.91618,1.70488,1.55149,0.783181,1.57316,0.977646,0.932672,-1.09238,-0.0569314,0.0320233,0.756723,-0.0185627,0.996589,1.00226,1.76792,1.02074,0.613884,0.0673243,0.86494
65,snr_high,1667,0.73857,0.0116291,0.761956,1.54836,1.6003,0.786003,1.54109,0.983659,0.939807,-0.5796,0.162416,-0.00187431,0.750556,0.0483538,0.999057,1.01643,1.25308,1.12669,0.548376,0.0951247,0.836422
65,mchirp_low,2500,0.861709,0.013548,0.837283,1.67298,1.57842,0.779486,1.54535,0.870193,0.900908,0.783704,-0.0495298,-0.021663,0.752207,0.0254909,1.00536,0.984209,0.943485,0.913908,0.530737,0.0925792,0.781492
65,mchirp_high,2500,1.1614,0.0119672,0.810124,1.63718,1.56876,0.79053,1.55351,0.864947,0.9334,0.803701,0.0359188,0.00285309,0.751433,0.0182755,1.05573,1.00998,0.924475,1.05669,0.639587,0.0222126,0.8689
65,merger_early,2500,0.966667,0.0127989,0.836666,1.50006,1.58194,0.787986,1.55817,0.963662,0.666232,0.782927,0.156274,-0.0148699,0.745841,0.0222345,0.995026,1.05993,0.943532,0.651798,0.515649,0.0873206,0.661736
65,merger_late,2500,1.05644,0.0127163,0.81074,1.81009,1.56524,0.78203,1.54069,0.955769,0.676394,0.804327,-0.176931,-0.00333719,0.757574,0.02128,0.989999,1.05577,0.924999,1.23905,0.771262,0.0525956,0.949344
65,q_low,1667,0.929641,0.0126888,0.802493,1.70836,1.60713,0.783731,1.53261,0.893437,0.92195,0.804611,-0.0836108,-0.0263469,0.746815,0.0270258,1.02937,0.994875,0.932169,1.00038,0.500533,0.0721092,0.826998
65,q_mid,1666,0.950954,0.0129914,0.819691,1.6308,1.55293,0.787192,1.57566,0.956357,0.915237,0.794506,0.023882,-0.00633384,0.749419,-0.00292452,1.01745,0.998565,0.941638,1.00045,0.701271,0.0760589,0.813092
65,q_high,1667,1.15403,0.0125927,0.848924,1.62606,1.5607,0.784102,1.54004,0.963767,0.914027,0.781788,0.0384925,0.0053808,0.758694,0.0376338,1.00614,0.99814,0.92898,0.973073,0.741823,0.0745394,0.840393
65,q_low_mchirp_low,1241,0.922244,0.0127082,0.81049,1.72362,1.58609,0.778114,1.51263,0.76783,0.920625,0.801077,-0.0926759,-0.0208465,0.748734,0.0466363,1.08374,0.98806,0.926589,0.970777,0.371229,0.0785911,0.81954
65,q_low_mchirp_high,426,0.951187,0.0126325,0.779195,1.66393,1.66844,0.800095,1.59082,0.388941,0.925791,0.814965,-0.0570613,-0.042722,0.740928,-0.030054,1.28303,1.01555,0.947994,1.08295,0.60836,0.0300105,0.841702
65,q_high_mchirp_low,544,0.83169,0.0147679,0.878038,1.63693,1.56468,0.786731,1.54914,0.915987,0.865051,0.760048,-0.0138651,-0.00421202,0.75959,0.0426568,0.900398,0.961524,0.947179,0.777683,0.698396,0.105121,0.709058
65,q_high_mchirp_high,1123,1.31018,0.0115391,0.834821,1.62079,1.55877,0.782828,1.53563,0.856482,0.93666,0.791882,0.0641503,0.00982594,0.757745,0.0350978,1.08514,1.01236,0.920235,1.04562,0.645625,0.017958,0.89874
70,full,5000,1.01498,0.0128248,0.830028,1.53163,1.58934,0.784839,1.55711,0.959705,0.915689,0.789949,0.167536,-0.0250217,0.751969,0.012964,0.986396,1.00496,0.943583,1.00017,0.984359,0.0957059,0.983159
70,snr_low,1667,1.43488,0.0146402,0.84126,1.62655,1.63186,0.784532,1.54733,0.916431,0.877001,-0.966701,0.0252967,-0.122848,0.748473,0.014045,0.972406,0.981913,1.4063,0.833326,1.05947,0.051036,1.04804
70,snr_mid,1666,0.875499,0.0121594,0.939396,1.54993,1.56319,0.783793,1.58034,0.977184,0.930403,-1.18609,0.157506,0.0171499,0.756525,-0.0187811,0.99393,1.01033,1.78744,1.02872,0.971745,0.087492,0.964596
70,snr_high,1667,0.734484,0.0116742,0.709494,1.41844,1.57295,0.78619,1.54366,0.983685,0.939067,-0.378277,0.318904,0.0230287,0.75068,0.0425057,0.992218,1.02234,1.28488,1.07507,0.859214,0.118742,0.925665
70,mchirp_low,2500,0.880966,0.0136701,0.851373,1.5734,1.60777,0.779978,1.55784,0.864619,0.898598,0.775082,0.105966,-0.0442358,0.751859,0.0143156,0.993237,0.995406,0.954564,0.940699,1.19212,0.113439,0.91885
70,mchirp_high,2500,1.149,0.0119795,0.808684,1.48987,1.5709,0.7897,1.55637,0.868108,0.932822,0.80462,0.22997,-0.00648087,0.752067,0.0115978,1.0504,1.01403,0.9321,1.04987,0.577472,0.0366209,1.04315
70,merger_early,2500,0.967964,0.0129064,0.845249,1.37841,1.58334,0.787665,1.55537,0.964013,0.661609,0.778001,0.317675,-0.012521,0.74614,0.0211378,0.989556,1.0709,0.953612,0.677922,1.03205,0.109125,1.09375
70,merger_late,2500,1.062,0.0127431,0.814808,1.68485,1.59534,0.782012,1.55884,0.955434,0.669627,0.80158,0.0114358,-0.0378468,0.757572,0.00430375,0.983165,1.06068,0.933736,1.23647,0.868693,0.0710343,0.840006
70,q_low,1667,0.99124,0.0128112,0.816393,1.59797,1.606,0.781681,1.55635,0.886154,0.920553,0.797834,0.0853239,-0.0212251,0.747734,0.00103836,1.02107,1.00385,0.941927,1.01094,1.0907,0.0949406,0.980445
70,q_mid,1666,0.924515,0.0130056,0.82656,1.50536,1.56749,0.787853,1.56224,0.957447,0.91418,0.789716,0.193163,-0.0242933,0.749397,0.00939109,1.00918,1.00581,0.951379,1.01297,0.94233,0.0961302,1.00652
70,q_high,1667,1.12914,0.0126576,0.84713,1.49156,1.59451,0.784984,1.55273,0.964821,0.912139,0.781953,0.224068,-0.0299732,0.758267,0.0242887,1.00091,1.00469,0.937681,0.974414,0.867929,0.0942662,0.963711
70,q_low_mchirp_low,1241,0.993488,0.0128471,0.827348,1.6211,1.60532,0.776318,1.54481,0.750239,0.919112,0.792963,0.0693518,-0.0298544,0.74943,0.012881,1.06895,0.998465,0.93741,0.991119,1.16462,0.101633,0.910596
70,q_low_mchirp_high,426,0.984691,0.0127068,0.784482,1.53058,1.60796,0.797305,1.58997,0.358629,0.92474,0.812104,0.133802,0.00179092,0.742487,-0.033438,1.27142,1.02032,0.954671,1.06861,0.663726,0.0480236,1.15743
70,q_high_mchirp_low,544,0.792836,0.0149322,0.881799,1.52229,1.59707,0.789552,1.55121,0.917781,0.860334,0.755852,0.163539,-0.0332561,0.757772,0.0489392,0.891724,0.97369,0.958976,0.811669,1.21934,0.124127,0.918329
70,q_high_mchirp_high,1123,1.29205,0.0115557,0.830335,1.47667,1.59327,0.782771,1.55347,0.860873,0.936094,0.794072,0.25373,-0.0286097,0.757996,0.0119388,1.0822,1.01632,0.927376,1.03544,0.528606,0.0296446,0.982353
75,full,5000,1.0227,0.0128015,0.831965,1.65732,1.58505,0.785293,1.55369,0.958999,0.916281,0.788959,-0.0128061,-0.0221192,0.751698,0.0163131,0.998239,1.00085,0.937011,1.12955,0.783753,0.0807959,1.12835
75,snr_low,1667,1.44878,0.0146222,0.863312,1.78015,1.60046,0.786004,1.55493,0.915153,0.878138,-1.05651,-0.194894,-0.0959861,0.747854,0.0124752,0.983241,0.975386,1.40838,1.01053,0.98264,0.0392962,1.04836
75,snr_mid,1666,0.880715,0.0121357,0.938803,1.68379,1.55822,0.78373,1.56255,0.976755,0.930874,-1.18918,-0.0308855,0.0273826,0.75645,-0.00388108,1.00383,1.0065,1.77643,1.16925,0.721091,0.0726752,1.17624
75,snr_high,1667,0.738511,0.0116462,0.693844,1.50803,1.59644,0.786144,1.54359,0.983245,0.939242,-0.313406,0.186163,-0.00329296,0.750557,0.0394395,1.00707,1.0202,1.25614,1.14732,0.609222,0.103163,1.14791
75,mchirp_low,2500,0.886858,0.0136208,0.85151,1.6887,1.59881,0.77994,1.55151,0.860782,0.899552,0.774687,-0.0648039,-0.0404942,0.751972,0.0213266,1.00231,0.988396,0.946899,1.06924,0.883532,0.099582,1.11791
75,mchirp_high,2500,1.15854,0.0119822,0.81242,1.62593,1.57129,0.790646,1.55587,0.866617,0.93305,0.803041,0.0398945,-0.00440888,0.751418,0.0112729,1.06553,1.01277,0.926924,1.17497,0.500931,0.025756,1.13488
75,merger_early,2500,0.975384,0.0129612,0.84641,1.57641,1.59084,0.788207,1.56198,0.963452,0.659261,0.777413,0.0963905,-0.0327864,0.745752,0.0146083,1.00099,1.07092,0.946999,0.779852,0.703135,0.0943775,1.03416
75,merger_late,2500,1.07001,0.0126418,0.81752,1.73823,1.57925,0.782379,1.5454,0.954584,0.676359,0.800197,-0.126344,-0.0113739,0.757416,0.0177974,0.995386,1.04763,0.927164,1.39552,0.797177,0.0572321,1.19148
75,q_low,1667,1.00413,0.0127682,0.818994,1.70451,1.61181,0.78385,1.5397,0.882815,0.921369,0.796377,-0.0809069,-0.0313978,0.746668,0.0180437,1.03273,0.998623,0.9355,1.15039,0.772942,0.0794748,1.14224
75,q_mid,1666,0.934799,0.0130024,0.829975,1.64953,1.57296,0.787945,1.58419,0.95608,0.914617,0.788415,-0.00444063,-0.0292864,0.749244,-0.0123658,1.02052,1.00204,0.944713,1.13974,0.779515,0.0818435,1.12876
75,q_high,1667,1.12911,0.012634,0.846925,1.61792,1.57036,0.784086,1.53719,0.964904,0.912659,0.781752,0.0467034,-0.00590491,0.758641,0.0392144,1.01292,1.00133,0.931071,1.09569,0.755095,0.0802268,1.11588
75,q_low_mchirp_low,1241,0.999317,0.0127874,0.829582,1.72976,1.60062,0.778182,1.51957,0.74501,0.919986,0.792033,-0.100114,-0.0319397,0.748628,0.0389813,1.08156,0.991671,0.930302,1.12251,0.791644,0.0862985,1.14102
75,q_low_mchirp_high,426,1.01814,0.0127123,0.788147,1.63093,1.6444,0.80036,1.59836,0.325869,0.92538,0.809104,-0.0225766,-0.0309355,0.740662,-0.0428977,1.28547,1.01966,0.950373,1.22778,0.533347,0.0350909,1.12221
75,q_high_mchirp_low,544,0.798816,0.0148545,0.878887,1.62346,1.58808,0.786282,1.54429,0.915913,0.861699,0.756944,0.0263476,-0.0277625,0.759582,0.0473476,0.896578,0.966073,0.95069,0.94763,0.995036,0.111877,1.06807
75,q_high_mchirp_high,1123,1.28911,0.0115584,0.831442,1.61523,1.56178,0.783023,1.53375,0.861892,0.936218,0.793271,0.0566783,0.00451172,0.75767,0.0351235,1.09793,1.01494,0.921775,1.14671,0.486691,0.0203409,1.13854
80,full,5000,1.01789,0.0128373,0.834769,1.68204,1.59107,0.785506,1.55174,0.959327,0.915891,0.787405,-0.0441393,-0.0276384,0.751632,0.0187339,0.994826,1.00557,0.941543,1.06939,1.00907,0.0955682,1.19826
80,snr_low,1667,1.44054,0.0146613,0.868397,1.78558,1.62845,0.785417,1.55435,0.915606,0.877616,-1.08022,-0.215525,-0.121812,0.748024,0.0126517,0.979262,0.981138,1.41276,0.879861,1.21476,0.049007,1.13522
80,snr_mid,1666,0.875393,0.0121738,0.946946,1.7249,1.55448,0.784081,1.55765,0.977159,0.930681,-1.22466,-0.0796592,0.0245499,0.75636,0.00207333,1.00027,1.01085,1.78514,1.10946,0.958834,0.0863554,1.23925
80,snr_high,1667,0.737652,0.0116763,0.689031,1.53568,1.59025,0.787017,1.54322,0.98337,0.938783,-0.295047,0.161482,0.00718014,0.75028,0.0406191,1.00433,1.02431,1.26422,1.1263,0.789882,0.120392,1.20829
80,mchirp_low,2500,0.88167,0.013644,0.856315,1.71158,1.60223,0.78082,1.5476,0.864124,0.899401,0.77234,-0.0959754,-0.0405915,0.751487,0.0252074,0.994818,0.993452,0.950964,1.00292,1.09626,0.115203,1.17562
80,mchirp_high,2500,1.15411,0.0120305,0.813223,1.6525,1.57991,0.790191,1.55588,0.866434,0.93242,0.802271,0.00839451,-0.0153061,0.751764,0.0122288,1.06446,1.0172,0.931888,1.12123,0.78555,0.0336917,1.21434
80,merger_early,2500,0.96939,0.0130672,0.849832,1.59784,1.59849,0.788254,1.55098,0.963768,0.653541,0.775627,0.0804547,-0.03447,0.745818,0.0258058,0.997082,1.0798,0.95199,0.694557,0.949645,0.109708,1.1382
80,merger_late,2500,1.06639,0.0126074,0.819705,1.76625,1.58364,0.782757,1.5525,0.954924,0.678715,0.798869,-0.173686,-0.0207958,0.757221,0.0112067,0.992465,1.04571,0.931253,1.34285,0.981513,0.0701697,1.23217
80,q_low,1667,0.992365,0.0128221,0.822588,1.73945,1.6161,0.782632,1.53941,0.885892,0.92072,0.794574,-0.125428,-0.0358613,0.747248,0.0162268,1.02756,1.00314,0.939776,1.08571,1.02064,0.0949831,1.21265
80,q_mid,1666,0.932306,0.0130517,0.832882,1.66246,1.55931,0.788985,1.57905,0.956355,0.914117,0.786714,-0.0214797,-0.0160744,0.748816,-0.00810411,1.01658,1.00654,0.949608,1.08354,0.996774,0.0962201,1.20024
80,q_high,1667,1.12894,0.0126381,0.848835,1.64421,1.59777,0.784902,1.53677,0.964729,0.912643,0.780599,0.0143872,-0.0310921,0.758306,0.0439779,1.00972,1.0065,0.93549,1.03626,0.959593,0.0940697,1.18248
80,q_low_mchirp_low,1241,0.990543,0.0128366,0.833696,1.76039,1.60538,0.777094,1.51936,0.751608,0.919304,0.790069,-0.138915,-0.0365157,0.749085,0.0380763,1.07557,0.996456,0.933824,1.06206,1.03228,0.102328,1.19688
80,q_low_mchirp_high,426,0.99767,0.01278,0.790228,1.67845,1.64734,0.798767,1.59781,0.344229,0.924831,0.807773,-0.085098,-0.0350898,0.741598,-0.0473683,1.28293,1.02337,0.956789,1.15272,0.84516,0.0451152,1.24364
80,q_high_mchirp_low,544,0.798499,0.0147981,0.883196,1.66099,1.60868,0.788879,1.53798,0.917475,0.862946,0.755141,-0.0268123,-0.0514932,0.758263,0.0595357,0.887691,0.972207,0.955024,0.856915,1.15929,0.126755,1.12505
80,q_high_mchirp_high,1123,1.28902,0.0115917,0.832189,1.63608,1.59249,0.782976,1.53619,0.860541,0.935609,0.792421,0.0345767,-0.0213906,0.757814,0.0361747,1.09674,1.01986,0.926211,1.09852,0.76289,0.0268368,1.20841
