epoch,circular_loss_combo_A,circular_loss_combo_B,kappa_sky_position,loss,mae_inclination,mae_mchirp,mae_merger_time,mae_snr,r2_inclination,r2_mchirp,r2_merger_time,r2_snr,std_ratio_coa_phase,std_ratio_inclination,std_ratio_mchirp,std_ratio_merger_time,std_ratio_polarization_angle,std_ratio_snr,val_circular_loss_combo_A,val_circular_loss_combo_B,val_kappa_sky_position,val_loss,val_mae_inclination,val_mae_mchirp,val_mae_merger_time,val_mae_snr,val_r2_inclination,val_r2_mchirp,val_r2_merger_time,val_r2_snr,val_std_ratio_coa_phase,val_std_ratio_inclination,val_std_ratio_mchirp,val_std_ratio_merger_time,val_std_ratio_polarization_angle,val_std_ratio_snr,val_weight_combo_A,val_weight_combo_B,val_weight_inclination,val_weight_mchirp,val_weight_merger_time,val_weight_sky_position,val_weight_snr,weight_combo_A,weight_combo_B,weight_inclination,weight_mchirp,weight_merger_time,weight_sky_position,weight_snr
0,1.0006178617477417,1.0076117515563965,0.1553938090801239,6.364499568939209,0.9466357827186584,1.333145260810852,0.29350119829177856,1.0403927564620972,-1.8932496309280396,-4.7979631423950195,-0.5115306377410889,-0.6787211894989014,2.806406259536743,1.3666802644729614,2.1815521717071533,0.7135970592498779,2.788743495941162,0.8486204147338867,0.9981739521026611,1.00017511844635,0.09999995678663254,4.691771507263184,0.6638556122779846,0.8622028231620789,0.3018644452095032,0.8711353540420532,-0.17396938800811768,-0.09030091762542725,-0.6587274074554443,-0.042610883712768555,0.967898964881897,0.38548845052719116,0.19460666179656982,0.15644118189811707,0.5054764747619629,0.1861625462770462,1.1766079664230347,1.1790696382522583,1.1812564134597778,1.0169905424118042,1.2182501554489136,0.8495039939880371,1.146748661994934,1.0942966938018799,1.0911942720413208,1.0720869302749634,0.9977518916130066,1.1061146259307861,0.9233227968215942,1.055759072303772
1,0.9993278384208679,1.0027878284454346,0.10000019520521164,5.4170122146606445,0.7518964409828186,0.8938852548599243,0.26738107204437256,0.9146439433097839,-0.6496039032936096,-0.20778882503509521,-0.20544195175170898,-0.18942534923553467,4.544024467468262,0.8038986325263977,0.4547252357006073,0.4564383924007416,2.330207586288452,0.5030430555343628,1.005994200706482,0.9955354332923889,0.09999995678663254,6.704117774963379,0.8627036213874817,0.9871186017990112,0.2630454897880554,0.9010138511657715,-1.2486886978149414,-0.5078545808792114,-0.17205989360809326,-0.1962651014328003,5.8381805419921875,0.47880762815475464,0.27307596802711487,0.23532019555568695,0.9408869743347168,0.2982409596443176,1.2866820096969604,1.2825926542282104,1.4505606889724731,1.0863784551620483,1.482182264328003,0.730044960975647,1.3629759550094604,1.2365809679031372,1.2377299070358276,1.3136836290359497,1.0492422580718994,1.3468079566955566,0.7865504026412964,1.2532029151916504
2,1.0060070753097534,1.0012098550796509,0.10000019520521164,4.063311576843262,0.7101842761039734,0.8648149967193604,0.262848436832428,0.8693934679031372,-0.4236871004104614,-0.12970948219299316,-0.14566314220428467,-0.08445405960083008,1.88179349899292,0.6480222344398499,0.4274011254310608,0.3827238976955414,2.1450817584991455,0.524286687374115,1.0065011978149414,1.0140295028686523,0.09999995678663254,3.580594301223755,0.697819709777832,0.8781689405441284,0.2588532269001007,0.7645665407180786,-0.3493499755859375,-0.18288147449493408,-0.14506256580352783,0.13431501388549805,0.48759105801582336,0.5759820938110352,0.2802813649177551,0.1588517725467682,1.3002700805664062,0.4399217963218689,1.3239247798919678,1.3259649276733398,1.7493736743927002,1.1811984777450562,1.8002504110336304,0.6410692930221558,1.5969209671020508,1.3084895610809326,1.3075108528137207,1.6002882719039917,1.1318330764770508,1.6371090412139893,0.6831669211387634,1.4756944179534912
3,1.0023859739303589,1.0031436681747437,0.10000019520521164,3.555342435836792,0.6925148367881775,0.8248317241668701,0.25930580496788025,0.7575981616973877,-0.3377658724784851,-0.03607487678527832,-0.1070852279663086,0.16315674781799316,2.757558584213257,0.5838667750358582,0.47142791748046875,0.35980358719825745,2.1222853660583496,0.6048398613929749,0.996670126914978,0.9980505108833313,0.09999995678663254,2.771702289581299,0.6570548415184021,0.7709723114967346,0.24401772022247314,0.6551831364631653,-0.1066279411315918,0.12779134511947632,0.0017328858375549316,0.3664998412132263,1.3428066968917847,0.27249234914779663,0.4146614968776703,0.16457979381084442,0.591905415058136,0.6524443030357361,1.333912968635559,1.3279483318328857,2.0625526905059814,1.3024721145629883,2.182776927947998,0.5744837522506714,1.9179916381835938,1.3314663171768188,1.3309056758880615,1.9057313203811646,1.2395943403244019,1.9865522384643555,0.606015682220459,1.7498773336410522
4,1.0012776851654053,1.002367377281189,0.10000019520521164,2.8827922344207764,0.6761922836303711,0.8003491163253784,0.2517094016075134,0.685427188873291,-0.23343437910079956,0.022471249103546143,-0.03672385215759277,0.2927238345146179,1.8352471590042114,0.4774285852909088,0.5431486964225769,0.3460358679294586,2.314134120941162,0.6954448223114014,0.9894751906394958,0.9981327056884766,0.09999995678663254,2.883488893508911,0.6519399881362915,0.8995798230171204,0.23334050178527832,0.7955888509750366,-0.09826833009719849,-0.22574388980865479,0.09528881311416626,-0.010590434074401855,0.6007989645004272,0.29153937101364136,0.41763728857040405,0.1874334216117859,0.58247971534729,0.688980758190155,1.3324252367019653,1.3226633071899414,2.3962252140045166,1.4439623355865479,2.6432642936706543,0.524438202381134,2.293159246444702,1.3375264406204224,1.330879807472229,2.2292635440826416,1.3726747035980225,2.407071828842163,0.5481448173522949,2.1012041568756104
5,0.996255099773407,0.9974683523178101,0.10000019520521164,2.414310932159424,0.6677364706993103,0.7798963785171509,0.23677590489387512,0.660984218120575,-0.18985015153884888,0.0697905421257019,0.06499922275543213,0.330455482006073,1.97075355052948,0.4389241635799408,0.5397310853004456,0.4125131070613861,1.9113887548446655,0.7496192455291748,0.9961721897125244,1.0009491443634033,0.09999995678663254,2.072216510772705,0.6653130650520325,0.7743977904319763,0.20822124183177948,0.577241837978363,-0.17101407051086426,0.13692259788513184,0.27758991718292236,0.4929562211036682,0.5954955220222473,0.33172792196273804,0.4028748571872711,0.3150445222854614,1.1797802448272705,0.670360803604126,1.3437769412994385,1.3321332931518555,2.715545415878296,1.6053962707519531,3.1993565559387207,0.4868238568305969,2.646332263946533,1.3378230333328247,1.3299001455307007,2.5676934719085693,1.5227946043014526,2.9136502742767334,0.5046444535255432,2.453099250793457
6,1.0048121213912964,1.0003031492233276,0.10000019520521164,2.005247116088867,0.6625902056694031,0.771632194519043,0.20276622474193573,0.6216950416564941,-0.15816354751586914,0.08853781223297119,0.2902359366416931,0.40935027599334717,2.1205976009368896,0.40461423993110657,0.540845513343811,0.5108399987220764,1.7921980619430542,0.7516108155250549,0.9986188411712646,0.9929229617118835,0.09999995678663254,1.7767959833145142,0.6413994431495667,0.8081038594245911,0.1779482662677765,0.6116799116134644,-0.03148984909057617,0.011966466903686523,0.37658703327178955,0.43264180421829224,1.273086428642273,0.169657364487648,0.4023764133453369,0.47552210092544556,0.5182810425758362,0.6994227766990662,1.3287688493728638,1.3263232707977295,3.004234552383423,1.776017189025879,3.883422374725342,0.45875248312950134,3.0220584869384766,1.3369847536087036,1.3359973430633545,2.861727714538574,1.6861639022827148,3.5315897464752197,0.4720248878002167,2.857621192932129
7,0.9923334121704102,1.0043121576309204,0.10000019520521164,1.5482738018035889,0.6612452864646912,0.7393897175788879,0.17113591730594635,0.5919626355171204,-0.1539219617843628,0.16329681873321533,0.4579163193702698,0.4569549560546875,1.7628453969955444,0.39829057455062866,0.5277431011199951,0.6817562580108643,1.7102757692337036,0.770279586315155,1.004900336265564,0.9948664307594299,0.09999995678663254,1.517972469329834,0.6412215232849121,0.9824835062026978,0.1349811553955078,0.5243633389472961,-0.03324878215789795,-0.39834094047546387,0.6424753665924072,0.564314603805542,1.260012149810791,0.16781297326087952,0.522240161895752,0.7022645473480225,0.4664238691329956,0.7404034733772278,1.3493489027023315,1.335816502571106,3.218468189239502,1.9670989513397217,4.723083972930908,0.43808436393737793,3.3937277793884277,1.3415104150772095,1.3213372230529785,3.123260259628296,1.8704609870910645,4.290979385375977,0.4478257894515991,3.196136713027954
8,1.004778265953064,1.0063540935516357,0.10000019520521164,1.2635191679000854,0.655664324760437,0.7265048027038574,0.15889117121696472,0.5746375322341919,-0.12105405330657959,0.1853235363960266,0.5193853378295898,0.4854506254196167,2.0025110244750977,0.35973164439201355,0.5785856246948242,0.7817038297653198,1.5858935117721558,0.7847208976745605,0.9865235090255737,0.9997148513793945,0.09999995678663254,0.8976303935050964,0.6693605184555054,0.677998423576355,0.133761465549469,0.5367763042449951,-0.20132744312286377,0.31711483001708984,0.6398857831954956,0.5513808131217957,0.9341036677360535,0.44737911224365234,0.49301114678382874,0.7218790650367737,0.5666566491127014,0.7313637733459473,1.338894009590149,1.3233020305633545,3.4076685905456543,2.159386396408081,5.736662864685059,0.42315489053726196,3.7210326194763184,1.3391650915145874,1.3316280841827393,3.321793794631958,2.0646955966949463,5.217028617858887,0.4301632046699524,3.5737509727478027
9,1.0015743970870972,1.0068421363830566,0.10000019520521164,0.8939969539642334,0.6517634391784668,0.6990746259689331,0.14905935525894165,0.5547083616256714,-0.10607212781906128,0.23900562524795532,0.5704755783081055,0.5180057883262634,1.5399057865142822,0.3418206572532654,0.5950454473495483,0.8118752241134644,1.6887105703353882,0.7953775525093079,1.0087782144546509,0.9940445423126221,0.09999995678663254,0.46888914704322815,0.6389603018760681,0.6312437057495117,0.1500849574804306,0.508161187171936,-0.014240086078643799,0.3938431143760681,0.5659846067428589,0.5960701704025269,0.7788727283477783,0.12596601247787476,0.5572869181632996,0.8223928213119507,0.4819037616252899,0.7293252348899841,1.3223841190338135,1.3214339017868042,3.541443347930908,2.3655552864074707,6.958240509033203,0.4126719534397125,4.046168327331543,1.3403962850570679,1.3232733011245728,3.466294050216675,2.262373924255371,6.329992771148682,0.41755980253219604,3.8973162174224854
10,1.001297950744629,0.991499662399292,0.10000019520521164,0.5411874651908875,0.6513797640800476,0.6626166701316833,0.14122192561626434,0.5314643383026123,-0.093192458152771,0.3105146884918213,0.6112442016601562,0.5538252592086792,1.72391939163208,0.3121418356895447,0.6360019445419312,0.8381326198577881,1.7346751689910889,0.8038120865821838,1.0033166408538818,0.9944092631340027,0.09999995678663254,0.18170233070850372,0.6534808874130249,0.6161957383155823,0.1199994683265686,0.5031850337982178,-0.1004633903503418,0.405683696269989,0.7007231712341309,0.6029233932495117,0.38422495126724243,0.25319674611091614,0.6123101115226746,0.8883912563323975,0.42798513174057007,0.7625948190689087,1.328658938407898,1.3441693782806396,3.6354892253875732,2.6075901985168457,8.427053451538086,0.40556615591049194,4.384521961212158,1.3291395902633667,1.3335285186767578,3.593290090560913,2.4825167655944824,7.674633502960205,0.4088605046272278,4.208405017852783
11,1.0020148754119873,0.9938681125640869,0.10000019520521164,0.13839080929756165,0.6501161456108093,0.6003632545471191,0.13568219542503357,0.5092262029647827,-0.08793872594833374,0.42223507165908813,0.6406717300415039,0.5921066999435425,1.9418193101882935,0.3072781562805176,0.6868004202842712,0.8622087836265564,1.548825740814209,0.8195518851280212,0.9931140542030334,1.0059809684753418,0.09999995678663254,-0.25143852829933167,0.6381515264511108,0.5344104766845703,0.14243321120738983,0.49490875005722046,-0.011495769023895264,0.5479552745819092,0.6158168911933899,0.6163288354873657,1.3603426218032837,0.10817524045705795,0.7704097628593445,0.8435666561126709,0.3462733328342438,0.803750216960907,1.3375130891799927,1.3422434329986572,3.680358409881592,2.943206310272217,10.184438705444336,0.40097707509994507,4.770478248596191,1.3352177143096924,1.3383244276046753,3.670156717300415,2.7743945121765137,9.28060531616211,0.4030885100364685,4.592782020568848
12,0.9996681213378906,0.9989768862724304,0.10000019520521164,-0.3590041995048523,0.647495687007904,0.5312625765800476,0.1287589967250824,0.47983142733573914,-0.07422173023223877,0.53420090675354,0.6732773780822754,0.6380268335342407,1.8082318305969238,0.2861502468585968,0.7675162553787231,0.8821220993995667,1.5125617980957031,0.8295297026634216,1.0000747442245483,1.0008186101913452,0.09999995678663254,-0.8355134129524231,0.6707508563995361,0.4157818853855133,0.10167189687490463,0.44848567247390747,-0.21777719259262085,0.7065773010253906,0.7835335731506348,0.6802775859832764,0.5202158093452454,0.19438070058822632,0.8940710425376892,0.9262291193008423,0.5020519495010376,0.8313336968421936,1.3321483135223389,1.3335846662521362,3.723860263824463,3.4237875938415527,12.288885116577148,0.39815253019332886,5.28599214553833,1.3348580598831177,1.3418035507202148,3.7133944034576416,3.1751599311828613,11.212081909179688,0.3994394540786743,5.026513576507568
13,0.9980100989341736,1.0000615119934082,0.10000019520521164,-0.7134273052215576,0.651145339012146,0.46615880727767944,0.12393508851528168,0.4784744679927826,-0.08499157428741455,0.6307580471038818,0.6969695091247559,0.6398610472679138,1.4760395288467407,0.28844204545021057,0.8241391777992249,0.8979204893112183,1.9547419548034668,0.8518205285072327,1.0163521766662598,1.0034993886947632,0.09999995678663254,-1.2600153684616089,0.6465140581130981,0.4228145480155945,0.10351908206939697,0.4282246530056,-0.06059664487838745,0.7130337953567505,0.7763638496398926,0.7040163278579712,1.1998958587646484,0.22307907044887543,0.8740312457084656,0.8796404004096985,0.5732266902923584,0.8385718464851379,1.342586636543274,1.3288546800613403,3.722289562225342,4.075972080230713,14.796148300170898,0.39654821157455444,5.538269996643066,1.3355605602264404,1.334925889968872,3.7267932891845703,3.7452595233917236,13.5182523727417,0.3972414433956146,5.439781188964844
14,0.998711884021759,1.0012842416763306,0.10000019520521164,-1.2724179029464722,0.6454616189002991,0.4157850444316864,0.11356335133314133,0.4520863890647888,-0.05329263210296631,0.7006245851516724,0.7452843189239502,0.6790379881858826,1.6495184898376465,0.2391369789838791,0.856235921382904,0.890559732913971,1.279615879058838,0.8525592088699341,1.0000262260437012,0.9941321015357971,0.09999995678663254,-1.6437162160873413,0.6528326869010925,0.3649369776248932,0.09074686467647552,0.44176149368286133,-0.10587656497955322,0.7837919592857361,0.8212178349494934,0.6897122859954834,0.83729088306427,0.2567788362503052,0.8882260918617249,0.9206008315086365,0.5772753357887268,0.8184244632720947,1.3483456373214722,1.3353232145309448,3.782639980316162,4.896824836730957,17.8398494720459,0.39571356773376465,6.040375232696533,1.3447084426879883,1.3296284675598145,3.775444269180298,4.471574306488037,16.283096313476562,0.39606207609176636,5.8065361976623535
15,1.0105137825012207,0.9999016523361206,0.10000019520521164,-1.5843098163604736,0.6474653482437134,0.3896771967411041,0.10805752873420715,0.4428594410419464,-0.06843423843383789,0.7363450527191162,0.7663482427597046,0.6897510290145874,1.5520480871200562,0.26986947655677795,0.8860968351364136,0.9019483923912048,1.301163911819458,0.8621218204498291,1.0041230916976929,1.002656102180481,0.09999995678663254,-1.699456810951233,0.6382008790969849,0.3484346866607666,0.08780132234096527,0.48471084237098694,-0.010175645351409912,0.8016650676727295,0.8336195945739746,0.6287696957588196,0.9264159798622131,0.08054175972938538,0.9062920212745667,0.9589733481407166,0.6905738711357117,0.8195143938064575,1.3294565677642822,1.3304469585418701,3.7856850624084473,5.800887584686279,20.085529327392578,0.39535048604011536,6.4043869972229,1.3355402946472168,1.3288254737854004,3.764442205429077,5.342079162597656,19.35858154296875,0.39550429582595825,6.260835647583008
16,0.9962813258171082,0.9971374869346619,0.10000019520521164,-1.8701348304748535,0.6453919410705566,0.35403910279273987,0.10300369560718536,0.4335397481918335,-0.05409979820251465,0.7776826024055481,0.7861868739128113,0.703698992729187,1.6075239181518555,0.24368882179260254,0.9047222137451172,0.9148158431053162,1.2936325073242188,0.865147054195404,1.0025864839553833,1.0031622648239136,0.09999995678663254,-2.31725811958313,0.6459755897521973,0.2697640061378479,0.08139178156852722,0.4128243029117584,-0.06192082166671753,0.8692100644111633,0.8572458624839783,0.7264479994773865,0.75197434425354,0.16829504072666168,0.8896072506904602,0.9334032535552979,1.8509669303894043,0.8524328470230103,1.3379563093185425,1.3425980806350708,3.815605878829956,6.849046230316162,20.085529327392578,0.3952314257621765,6.724168300628662,1.3387317657470703,1.3331804275512695,3.803084373474121,6.321386337280273,20.085500717163086,0.39527732133865356,6.585912704467773
17,0.9910479784011841,0.9985196590423584,0.10000019520521164,-2.0181221961975098,0.6458877325057983,0.33230656385421753,0.09804201126098633,0.42728540301322937,-0.05439043045043945,0.8022550344467163,0.8071674108505249,0.709436297416687,1.351971983909607,0.233443021774292,0.9191330671310425,0.9115297794342041,1.7290241718292236,0.8766635656356812,0.9892371892929077,1.0058013200759888,0.09999995678663254,-2.1575675010681152,0.6558289527893066,0.2889026701450348,0.1067398190498352,0.4175819754600525,-0.11355775594711304,0.8482206463813782,0.7678097486495972,0.7240074872970581,0.49832460284233093,0.22920778393745422,0.915954053401947,0.9036009311676025,0.668138861656189,0.800662636756897,1.3488924503326416,1.331770658493042,3.8205504417419434,7.987927436828613,20.085529327392578,0.39527222514152527,6.935604095458984,1.344767689704895,1.344100832939148,3.814070463180542,7.414057731628418,20.085500717163086,0.39527755975723267,6.782321453094482
18,0.9931643009185791,0.9986346364021301,0.10000019520521164,-2.2380526065826416,0.6458145976066589,0.3103167414665222,0.09710579365491867,0.4138180613517761,-0.058560073375701904,0.8253986835479736,0.811029851436615,0.7267731428146362,1.4322410821914673,0.24407871067523956,0.9237672090530396,0.9275096654891968,1.2858316898345947,0.8735068440437317,0.9993830919265747,0.9929728507995605,0.09999995678663254,-2.560791492462158,0.6457638740539551,0.2496502697467804,0.11869275569915771,0.39129894971847534,-0.0519564151763916,0.88759845495224,0.7295533418655396,0.7534488439559937,0.6683765053749084,0.14413081109523773,1.0149335861206055,0.9129095673561096,0.9194144606590271,0.8546565771102905,1.3463295698165894,1.3288624286651611,3.8260254859924316,9.268411636352539,20.085529327392578,0.3953039050102234,7.3116021156311035,1.347847580909729,1.3283812999725342,3.802079439163208,8.65466594696045,20.085500717163086,0.395300954580307,7.111761093139648
19,1.003587007522583,0.994682788848877,0.10000019520521164,-2.398355722427368,0.644611120223999,0.2910405397415161,0.0930248498916626,0.4080641567707062,-0.050512850284576416,0.8446798324584961,0.8251850008964539,0.7332897782325745,1.4994672536849976,0.22901195287704468,0.9314706325531006,0.9206382036209106,0.9537245035171509,0.8765724301338196,1.004887580871582,0.9993020296096802,0.09999995678663254,-2.8431143760681152,0.6408275365829468,0.22417287528514862,0.07446081191301346,0.3897865414619446,-0.026961147785186768,0.9031544923782349,0.8802120685577393,0.7526648044586182,0.5331164598464966,0.1512419879436493,0.9468207955360413,0.9495680928230286,0.6081708669662476,0.9030054211616516,1.3360871076583862,1.3426884412765503,3.8278822898864746,10.675934791564941,20.085529327392578,0.39530375599861145,7.546511650085449,1.3336763381958008,1.3380666971206665,3.8315908908843994,9.936738014221191,20.085500717163086,0.3953416049480438,7.4621357917785645
20,0.9951443672180176,1.0030555725097656,0.10000019520521164,-2.5018675327301025,0.6430777907371521,0.2855987250804901,0.0900309830904007,0.40335899591445923,-0.040452003479003906,0.8503568768501282,0.8351141214370728,0.7412105798721313,1.432051420211792,0.20592789351940155,0.9401791095733643,0.9269837141036987,1.1872389316558838,0.8794671297073364,1.0008213520050049,0.9992493987083435,0.09999995678663254,-2.8895745277404785,0.640372633934021,0.23901233077049255,0.07511503994464874,0.37808623909950256,-0.023834645748138428,0.8958420753479004,0.8771752119064331,0.7654151320457458,1.686419129371643,0.1040135994553566,0.9822950959205627,0.9424015879631042,0.32804006338119507,0.8953351974487305,1.332950472831726,1.322367787361145,3.8425610065460205,11.812379837036133,20.085529327392578,0.3953525424003601,7.797329902648926,1.3417052030563354,1.3351383209228516,3.8515052795410156,11.303565979003906,20.085500717163086,0.39531126618385315,7.642322063446045
21,1.0028305053710938,1.0033268928527832,0.10000019520521164,-2.640852212905884,0.6435611248016357,0.261310338973999,0.08825575560331345,0.40542492270469666,-0.03984194993972778,0.8713877201080322,0.8422588109970093,0.7378796935081482,1.3233590126037598,0.20168788731098175,0.9444809556007385,0.929358184337616,1.1866925954818726,0.8802701234817505,1.0099173784255981,0.9948455095291138,0.09999995678663254,-2.591226100921631,0.640259861946106,0.21952693164348602,0.07426605373620987,0.4744178354740143,-0.02608776092529297,0.9080876111984253,0.8811073303222656,0.641069769859314,0.9070407748222351,0.07081682980060577,0.9191281199455261,0.9803071618080139,0.3923768699169159,0.8718915581703186,1.3409167528152466,1.3300487995147705,3.865647554397583,13.434883117675781,20.085529327392578,0.39533156156539917,7.801877021789551,1.3348232507705688,1.3214058876037598,3.854914426803589,12.634980201721191,20.085500717163086,0.395333856344223,7.736513137817383
22,1.0054775476455688,1.0045266151428223,0.10000019520521164,-2.7596213817596436,0.6422171592712402,0.2528590261936188,0.08591175079345703,0.3993408679962158,-0.03454029560089111,0.8799034357070923,0.850572407245636,0.7464179992675781,1.0542200803756714,0.19363762438297272,0.9485384821891785,0.9298251271247864,1.1161017417907715,0.8841373920440674,1.001611590385437,0.9989382028579712,0.09999995678663254,-3.096090078353882,0.6404726505279541,0.20798981189727783,0.07933679968118668,0.39459916949272156,-0.028244614601135254,0.9204860329627991,0.8674721717834473,0.7484500408172607,1.132860541343689,0.06655251234769821,0.9130577445030212,0.9921792149543762,0.4010980427265167,0.9056971073150635,1.3308651447296143,1.326111078262329,3.8920485973358154,14.941461563110352,20.085529327392578,0.39534837007522583,7.992571830749512,1.3354331254959106,1.3268569707870483,3.871711254119873,14.117707252502441,20.085500717163086,0.39531227946281433,7.857433795928955
23,1.0010079145431519,0.9988439679145813,0.10000019520521164,-2.849975347518921,0.642512321472168,0.24347534775733948,0.08563415706157684,0.3968093693256378,-0.03614014387130737,0.8869634866714478,0.8511224985122681,0.7501780986785889,1.0975459814071655,0.19380046427249908,0.9509711265563965,0.9326668977737427,0.9820191860198975,0.8833827376365662,1.0090335607528687,0.9957600831985474,0.10000002384185791,-3.181628704071045,0.6474103331565857,0.20067889988422394,0.07252844423055649,0.38383522629737854,-0.06323963403701782,0.9216280579566956,0.8895167708396912,0.7648965716362,0.7001603841781616,0.13242928683757782,0.9581144452095032,0.9787905216217041,0.8276203274726868,0.8733612895011902,1.3369790315628052,1.335495114326477,3.895263195037842,16.410926818847656,20.085529327392578,0.39547181129455566,8.047700881958008,1.3336739540100098,1.3325263261795044,3.8783657550811768,15.666838645935059,20.085500717163086,0.39541321992874146,8.090943336486816
24,1.000524640083313,0.9916213154792786,0.10000019520521164,-2.9562909603118896,0.6428312063217163,0.23312968015670776,0.08491306006908417,0.39214226603507996,-0.04172241687774658,0.8954060077667236,0.8541271686553955,0.7558311820030212,1.3027747869491577,0.21373657882213593,0.9532889723777771,0.9334751963615417,0.8859390020370483,0.8858541250228882,1.0034432411193848,1.000500202178955,0.09999995678663254,-3.1838979721069336,0.64377760887146,0.19745895266532898,0.0811721459031105,0.40359291434288025,-0.05005013942718506,0.9276819229125977,0.8610914945602417,0.7447099685668945,1.0294747352600098,0.18220600485801697,1.0019237995147705,0.987085223197937,0.5197689533233643,0.8645389080047607,1.339424967765808,1.3520314693450928,3.8528895378112793,17.848834991455078,20.085529327392578,0.39556238055229187,8.299347877502441,1.3340157270431519,1.3372890949249268,3.874145746231079,17.054311752319336,20.085500717163086,0.3955032229423523,8.138761520385742
25,1.0048668384552002,1.0084590911865234,0.10000019520521164,-3.002741813659668,0.6428080797195435,0.22601453959941864,0.08466126769781113,0.39156001806259155,-0.03663128614425659,0.9008379578590393,0.8551695346832275,0.7566794157028198,1.0873194932937622,0.1930893063545227,0.9563175439834595,0.9350849390029907,0.7625001072883606,0.8877468705177307,0.9962060451507568,1.003852128982544,0.10000009834766388,-3.144202470779419,0.6377324461936951,0.1884138584136963,0.07653381675481796,0.42372554540634155,-0.009273171424865723,0.9310221076011658,0.8755624294281006,0.7121297717094421,1.0748475790023804,0.09360594302415848,0.9165889024734497,0.9895676374435425,0.23928743600845337,0.8765790462493896,1.3241921663284302,1.318649411201477,3.8786683082580566,19.175777435302734,20.085529327392578,0.3955238461494446,8.315916061401367,1.3405544757843018,1.3342808485031128,3.863656997680664,18.648441314697266,20.085500717163086,0.3955099880695343,8.258323669433594
26,0.9938887357711792,0.993776261806488,0.10000019520521164,-3.1058177947998047,0.640646755695343,0.21938474476337433,0.08292335271835327,0.38855141401290894,-0.02795577049255371,0.9057342410087585,0.8610456585884094,0.75869220495224,1.2633482217788696,0.18204237520694733,0.9561349749565125,0.9400995373725891,1.1555098295211792,0.8851275444030762,1.017031192779541,1.008600115776062,0.10000000149011612,-3.4526734352111816,0.6393157243728638,0.18137964606285095,0.07102282345294952,0.3790585696697235,-0.016493916511535645,0.9361869692802429,0.8919057250022888,0.7710438966751099,1.0431344509124756,0.0639462023973465,0.9839962720870972,0.9659297466278076,0.2275058478116989,0.8743520379066467,1.3479996919631958,1.341750979423523,3.9080214500427246,20.085529327392578,20.085529327392578,0.3950776755809784,8.440979957580566,1.336776852607727,1.3309755325317383,3.8945376873016357,19.845518112182617,20.085500717163086,0.395333468914032,8.328585624694824
27,0.9938741326332092,1.0061806440353394,0.10000019520521164,-3.191213846206665,0.6419928669929504,0.2111155390739441,0.08232959359884262,0.38227757811546326,-0.03439211845397949,0.913002073764801,0.8638716340065002,0.7673825025558472,1.134825348854065,0.1964542120695114,0.9615497589111328,0.9375520348548889,0.801333487033844,0.8883360028266907,0.9996663331985474,0.9952123165130615,0.10000008344650269,-3.1998085975646973,0.6545279026031494,0.17697849869728088,0.06988533586263657,0.42047134041786194,-0.11260002851486206,0.9372931122779846,0.8964956998825073,0.7164736390113831,0.4046366810798645,0.09303010255098343,0.9307367205619812,0.9724168181419373,0.5605253577232361,0.839483380317688,1.3475340604782104,1.3290929794311523,3.8738605976104736,20.085529327392578,20.085529327392578,0.395504891872406,8.627715110778809,1.3464040756225586,1.3366224765777588,3.895876407623291,20.085487365722656,20.085500717163086,0.39533308148384094,8.535844802856445
28,1.0030972957611084,1.002028226852417,0.10000021755695343,-3.2384655475616455,0.6433711051940918,0.20205152034759521,0.08218991011381149,0.3830660879611969,-0.0450969934463501,0.9194319844245911,0.8650559782981873,0.7651581764221191,1.1494956016540527,0.22463613748550415,0.9611724019050598,0.9392055869102478,0.5223272442817688,0.8882637023925781,1.0125865936279297,0.9927245378494263,0.10000012814998627,-3.3091881275177,0.6414559483528137,0.19167108833789825,0.0720241367816925,0.3896254897117615,-0.030598878860473633,0.9299581050872803,0.8906595706939697,0.7527111768722534,0.6835508942604065,0.07704459130764008,0.9473524689674377,0.9757941365242004,0.6324170827865601,0.9001055955886841,1.3189934492111206,1.3222607374191284,3.862473964691162,20.085529327392578,20.085529327392578,0.39550572633743286,8.64564037322998,1.3431782722473145,1.3330332040786743,3.851445198059082,20.085500717163086,20.085500717163086,0.39554518461227417,8.631331443786621
29,0.9981552958488464,0.9938713312149048,0.10000022500753403,-3.2621712684631348,0.6424065828323364,0.20376215875148773,0.08230333775281906,0.3785218596458435,-0.03564774990081787,0.9197481870651245,0.863169252872467,0.7710314393043518,1.5180515050888062,0.19807817041873932,0.9633274078369141,0.9417616724967957,1.0832244157791138,0.8885759711265564,1.0075232982635498,1.0097795724868774,0.10000060498714447,-3.368558883666992,0.6549145579338074,0.18948198854923248,0.07118222117424011,0.37535685300827026,-0.11619853973388672,0.9349954724311829,0.8908039927482605,0.7757174968719482,1.1008399724960327,0.276107519865036,0.9668063521385193,0.9823365211486816,0.9334631562232971,0.8833568096160889,1.3465464115142822,1.337597131729126,3.8948206901550293,20.085529327392578,20.085529327392578,0.395508736371994,8.755971908569336,1.3341084718704224,1.3339647054672241,3.8711447715759277,20.085500717163086,20.085500717163086,0.39554330706596375,8.781719207763672
30,0.9931615591049194,1.0027278661727905,0.10000034421682358,-3.329737424850464,0.6427170634269714,0.19399777054786682,0.07933506369590759,0.3790227472782135,-0.03880733251571655,0.9251518249511719,0.8746897578239441,0.7696284055709839,0.803732693195343,0.20177435874938965,0.9637886881828308,0.9420026540756226,1.078550100326538,0.890313982963562,1.0031119585037231,0.9979546070098877,0.10000029951334,-3.6021695137023926,0.6370222568511963,0.16856983304023743,0.07578466832637787,0.3634408414363861,-0.0038857460021972656,0.9428024888038635,0.8787002563476562,0.7868729829788208,0.5757375955581665,0.06371729075908661,1.015782117843628,0.9881539344787598,0.33930742740631104,0.9200745224952698,1.3488246202468872,1.3248339891433716,3.906419277191162,20.085529327392578,20.085529327392578,0.3954400420188904,8.7300443649292,1.3465067148208618,1.3354361057281494,3.8658077716827393,20.085500717163086,20.085500717163086,0.39550501108169556,8.771422386169434
31,0.9922205209732056,0.9912433624267578,0.10000026226043701,-3.4004945755004883,0.641309916973114,0.19435560703277588,0.0792536661028862,0.37545132637023926,-0.028624415397644043,0.9268682599067688,0.8746240139007568,0.7757003903388977,0.5262253880500793,0.17509613931179047,0.9678018689155579,0.9399958252906799,0.3740446865558624,0.8932693004608154,1.0021640062332153,0.9992053508758545,0.10000064224004745,-3.5131595134735107,0.6367653608322144,0.17581121623516083,0.06985734403133392,0.38111528754234314,-0.0029006600379943848,0.9393571615219116,0.897726833820343,0.7706453800201416,0.5935385823249817,0.06435500830411911,1.0213574171066284,0.9840784072875977,0.28109368681907654,0.8540622591972351,1.347025752067566,1.33967125415802,3.909036159515381,20.085529327392578,20.085529327392578,0.3955051302909851,8.937348365783691,1.350121021270752,1.3365800380706787,3.901031732559204,20.085500717163086,20.085500717163086,0.39551445841789246,8.88968563079834
32,0.9955968260765076,0.995040774345398,0.10000044107437134,-3.4499611854553223,0.639996349811554,0.18637122213840485,0.07843463122844696,0.3741406798362732,-0.023230254650115967,0.9317446947097778,0.8773010969161987,0.7769621014595032,0.6841146349906921,0.1624814122915268,0.9688799381256104,0.9441474080085754,0.6601029634475708,0.8895775079727173,0.9975603222846985,0.9917421936988831,0.10000083595514297,-3.5113883018493652,0.6557866334915161,0.16808030009269714,0.07636857777833939,0.37198272347450256,-0.11605668067932129,0.9454714059829712,0.8780725002288818,0.7774139642715454,0.23282232880592346,0.09147628396749496,0.918164074420929,0.9838540554046631,0.46396008133888245,0.8699580430984497,1.3477975130081177,1.3433763980865479,3.8953845500946045,20.085529327392578,20.085529327392578,0.3957051932811737,9.026766777038574,1.3410958051681519,1.3426191806793213,3.9211885929107666,20.085500717163086,20.085500717163086,0.39567846059799194,8.995591163635254
33,0.9909222722053528,0.9935457110404968,0.10000065714120865,-3.4557933807373047,0.6435561180114746,0.18359388411045074,0.07800284028053284,0.37726613879203796,-0.042266786098480225,0.9343500137329102,0.8776926398277283,0.7738282680511475,0.34027501940727234,0.21084703505039215,0.9685119986534119,0.9441215991973877,0.3517010807991028,0.8935221433639526,0.9960911870002747,0.9933962821960449,0.1000002846121788,-3.6418590545654297,0.6431595087051392,0.15485553443431854,0.07023051381111145,0.3715021014213562,-0.043172240257263184,0.9516055583953857,0.8968003392219543,0.7774872779846191,0.2385568618774414,0.1372452825307846,0.9576676487922668,0.9625548124313354,0.5020079612731934,0.8830466270446777,1.353363275527954,1.3352957963943481,3.870946168899536,20.085529327392578,20.085529327392578,0.395389586687088,8.936769485473633,1.3534168004989624,1.343546986579895,3.860898971557617,20.085500717163086,20.085500717163086,0.3956137001514435,9.004392623901367
34,0.9900171756744385,0.9915838241577148,0.10000044107437134,-3.534364700317383,0.6392516493797302,0.18249352276325226,0.07687995582818985,0.37041714787483215,-0.018335044384002686,0.9361607432365417,0.8817532062530518,0.7823765873908997,0.2966226637363434,0.14807838201522827,0.9707640409469604,0.9431154727935791,0.4831967353820801,0.8949436545372009,0.9949033260345459,0.993177056312561,0.10000040382146835,-3.630685806274414,0.644144594669342,0.1712835133075714,0.07000134885311127,0.3627628982067108,-0.0455203652381897,0.9456799626350403,0.8985174894332886,0.7858753800392151,0.16795851290225983,0.21020983159542084,0.9703204035758972,1.0027331113815308,0.2975665330886841,0.9168425798416138,1.3539055585861206,1.3498038053512573,3.9496262073516846,20.085529327392578,20.085529327392578,0.3954944908618927,9.195852279663086,1.350661039352417,1.3402959108352661,3.9229860305786133,20.085500717163086,20.085500717163086,0.39555901288986206,9.097029685974121
35,0.9891924858093262,0.9941205978393555,0.10000045597553253,-3.530376434326172,0.6419485211372375,0.1784166395664215,0.07699298858642578,0.37210363149642944,-0.03309553861618042,0.9388912320137024,0.8822858333587646,0.7790288329124451,0.28594690561294556,0.18555764853954315,0.9720727205276489,0.9484782218933105,0.8022887706756592,0.893204927444458,0.9973320364952087,0.9968627691268921,0.10000032186508179,-3.5616447925567627,0.6436072587966919,0.1664608120918274,0.06694138050079346,0.37465858459472656,-0.04142707586288452,0.9446016550064087,0.9063400626182556,0.7689423561096191,0.2395513504743576,0.0588386133313179,0.9196282029151917,0.9807437658309937,0.17992055416107178,0.9059320092201233,1.3526599407196045,1.3489229679107666,3.920541286468506,20.085529327392578,20.085529327392578,0.39555853605270386,9.152098655700684,1.361953616142273,1.3427306413650513,3.8886373043060303,20.085500717163086,20.085500717163086,0.395705908536911,9.178178787231445
36,0.9913706183433533,0.9908031821250916,0.10000045597553253,-3.5644314289093018,0.6424280405044556,0.17653590440750122,0.07676325738430023,0.3679879903793335,-0.03427600860595703,0.9393624663352966,0.8812996745109558,0.7837791442871094,0.2773270308971405,0.18709732592105865,0.9719736576080322,0.9446269273757935,0.33043378591537476,0.8954989314079285,0.9985131621360779,0.9949363470077515,0.10000239312648773,-3.5576281547546387,0.6373523473739624,0.16169002652168274,0.0689372718334198,0.38337016105651855,-0.005127668380737305,0.9451661109924316,0.8998364210128784,0.7642444968223572,0.2790720462799072,0.061239734292030334,0.9560559391975403,0.9869363903999329,0.3277241289615631,0.8705117702484131,1.3564069271087646,1.3450804948806763,3.912144422531128,20.085529327392578,20.085529327392578,0.3958309292793274,9.277647018432617,1.3508630990982056,1.3474855422973633,3.886523485183716,20.085500717163086,20.085500717163086,0.39566394686698914,9.248679161071777
37,0.9874972105026245,0.991224467754364,0.10000132769346237,-3.577979564666748,0.6428430676460266,0.17135854065418243,0.07589714229106903,0.37153422832489014,-0.03760039806365967,0.9429489970207214,0.8854526877403259,0.7794917821884155,0.3273029625415802,0.19808442890644073,0.9726703763008118,0.9466420412063599,0.35382404923439026,0.8954700827598572,0.9969549775123596,0.9945927858352661,0.10000306367874146,-3.711153507232666,0.6424391865730286,0.15328095853328705,0.06863180547952652,0.3642059564590454,-0.03483319282531738,0.9527344703674316,0.9027414321899414,0.7856422662734985,0.2538923919200897,0.13013242185115814,0.9817482233047485,0.9817325472831726,0.29977086186408997,0.8811184167861938,1.363448977470398,1.3473317623138428,3.874817371368408,20.085529327392578,20.085529327392578,0.39564967155456543,9.115998268127441,1.3558470010757446,1.3465372323989868,3.882298469543457,20.085500717163086,20.085500717163086,0.3957413136959076,9.275177001953125
38,0.9864598512649536,0.9918982982635498,0.10000234097242355,-3.6686553955078125,0.6399886608123779,0.17112235724925995,0.07499177753925323,0.36070516705513,-0.022112607955932617,0.9446298480033875,0.8883609771728516,0.7913356423377991,0.2912321090698242,0.15779824554920197,0.9749017357826233,0.9453587532043457,0.5469537973403931,0.8970872759819031,1.0008333921432495,1.0091073513031006,0.10000717639923096,-3.691270351409912,0.6387742161750793,0.15184423327445984,0.06716141104698181,0.3669598400592804,-0.011863291263580322,0.9523881077766418,0.9052823781967163,0.7799112796783447,0.22696103155612946,0.06789231300354004,0.9716308116912842,0.9888423085212708,1.0792491436004639,0.8825273513793945,1.3595534563064575,1.3484848737716675,3.932260036468506,20.085529327392578,20.085529327392578,0.3956301212310791,9.509946823120117,1.36321222782135,1.3481221199035645,3.907723903656006,20.085500717163086,20.085500717163086,0.39562132954597473,9.367713928222656
39,0.9930946230888367,0.9934113025665283,0.10000497102737427,-3.672142505645752,0.6412883996963501,0.1683097779750824,0.07507234811782837,0.3601953089237213,-0.029537737369537354,0.9461864829063416,0.8876193165779114,0.7926065921783447,0.28313010931015015,0.18360057473182678,0.9757979512214661,0.94673752784729,0.6381393074989319,0.897028923034668,0.9966863393783569,0.9970955848693848,0.10000356286764145,-3.524404525756836,0.6473181843757629,0.18006424605846405,0.07176751643419266,0.3744850754737854,-0.0621190071105957,0.9426935315132141,0.8904690146446228,0.7752432823181152,0.3304201066493988,0.12068604677915573,0.9213334321975708,0.9803996682167053,0.24420712888240814,0.8677799701690674,1.3478165864944458,1.3453748226165771,3.8561809062957764,20.085529327392578,20.085529327392578,0.39515307545661926,9.634286880493164,1.3537529706954956,1.3446317911148071,3.9137513637542725,20.085500717163086,20.085500717163086,0.3956265449523926,9.685912132263184
40,0.9905659556388855,0.9905549883842468,0.10001378506422043,-3.704010009765625,0.6394899487495422,0.16739961504936218,0.07433292269706726,0.35758936405181885,-0.017051517963409424,0.9461495280265808,0.8898597359657288,0.7953855395317078,0.3163488507270813,0.13906808197498322,0.974946916103363,0.9492144584655762,0.3274780213832855,0.8980246782302856,0.9954642653465271,0.9945625066757202,0.10004247725009918,-3.507114887237549,0.6508597731590271,0.16542406380176544,0.067885622382164,0.37715113162994385,-0.09111958742141724,0.9428180456161499,0.9018099308013916,0.7727954387664795,0.23794202506542206,0.1663295030593872,0.9159306883811951,1.0017621517181396,0.2093304693698883,0.8719402551651001,1.3528938293457031,1.3527146577835083,3.943115711212158,20.085529327392578,20.085529327392578,0.395637571811676,9.801033020019531,1.351387619972229,1.3443586826324463,3.92574143409729,20.085500717163086,20.085500717163086,0.3956371247768402,9.707555770874023
41,0.9872027635574341,0.9931600093841553,0.10001000761985779,-3.735386371612549,0.6416945457458496,0.16216997802257538,0.07339521497488022,0.35762205719947815,-0.033563077449798584,0.9497828483581543,0.8923866152763367,0.7960399985313416,0.36959344148635864,0.19500327110290527,0.976317822933197,0.9466946721076965,0.34435099363327026,0.898222029209137,0.9904260039329529,0.9913247227668762,0.10001786053180695,-3.680133819580078,0.636931300163269,0.14469733834266663,0.07211895287036896,0.38034746050834656,-0.004673600196838379,0.9540740847587585,0.8943260908126831,0.7684488892555237,0.21945621073246002,0.059780675917863846,0.9510077834129333,0.97987961769104,0.18688981235027313,0.8855741024017334,1.3548280000686646,1.3524399995803833,3.9412684440612793,20.085529327392578,20.085529327392578,0.39551329612731934,9.821958541870117,1.358083724975586,1.3456298112869263,3.8854479789733887,20.085500717163086,20.085500717163086,0.39571478962898254,9.889361381530762
42,0.9891914129257202,0.9896673560142517,0.10005044937133789,-3.7658684253692627,0.6406906247138977,0.159648597240448,0.07331477105617523,0.35474634170532227,-0.027181267738342285,0.9510273337364197,0.8937092423439026,0.7989091277122498,0.3626731038093567,0.17416483163833618,0.9769089818000793,0.9505417346954346,0.3029923439025879,0.8996558785438538,0.9983523488044739,0.9961284399032593,0.10039691627025604,-3.6975483894348145,0.6432626843452454,0.1475430577993393,0.06873202323913574,0.36807236075401306,-0.0408666729927063,0.9540829062461853,0.9008092284202576,0.7808748483657837,0.3145189881324768,0.06265220791101456,0.9617559313774109,0.9884878396987915,0.26126131415367126,0.8870055079460144,1.3603047132492065,1.352253794670105,3.908377170562744,20.085529327392578,20.085529327392578,0.39579203724861145,10.001893997192383,1.3563226461410522,1.3455966711044312,3.912097930908203,20.085500717163086,20.085500717163086,0.3956300914287567,9.924752235412598
43,0.9886211156845093,0.9904375672340393,0.1018468588590622,-3.864980697631836,0.6384450197219849,0.15275193750858307,0.07094854861497879,0.3486039340496063,-0.011430680751800537,0.9556975960731506,0.9001617431640625,0.8052388429641724,0.30331575870513916,0.12048767507076263,0.9787419438362122,0.9510483145713806,0.34409627318382263,0.9008961319923401,0.9989888668060303,0.9952051043510437,0.10013020038604736,-3.8008270263671875,0.6397680044174194,0.1467866450548172,0.0652107447385788,0.35583752393722534,-0.018752574920654297,0.9553647041320801,0.9117863774299622,0.7923166751861572,0.317349374294281,0.08806386590003967,0.9633768200874329,0.9880166053771973,0.3451489508152008,0.893707811832428,1.3567076921463013,1.3501890897750854,3.9622910022735596,20.085529327392578,20.085529327392578,0.39580920338630676,10.174448013305664,1.3618230819702148,1.3483155965805054,3.9415597915649414,20.085500717163086,20.085500717163086,0.39573872089385986,10.090158462524414
44,0.9893475770950317,0.989224910736084,0.10009076446294785,-3.8969943523406982,0.6378989219665527,0.14831489324569702,0.07065129280090332,0.3490132689476013,-0.0107230544090271,0.9585371613502502,0.9020765423774719,0.8055553436279297,0.28484907746315,0.1190495491027832,0.9790521860122681,0.9496332406997681,0.4141014516353607,0.8999285697937012,0.9939460158348083,0.9950665831565857,0.10004278272390366,-3.7940573692321777,0.6375311613082886,0.15752185881137848,0.06515234708786011,0.35637691617012024,-0.005587875843048096,0.953022301197052,0.9125217199325562,0.7935790419578552,0.2231340855360031,0.049733441323041916,0.9573825001716614,0.9771217703819275,0.25323599576950073,0.9114010334014893,1.359241247177124,1.3550766706466675,3.946477174758911,20.085529327392578,20.085529327392578,0.39596372842788696,10.281730651855469,1.353594422340393,1.3480676412582397,3.9679574966430664,20.085500717163086,20.085500717163086,0.39561524987220764,10.223029136657715
45,0.9890143871307373,0.9901756048202515,0.10172871500253677,-3.902397394180298,0.6384209990501404,0.1482296586036682,0.0706317275762558,0.34700027108192444,-0.013441801071166992,0.9587211608886719,0.9016863107681274,0.8071550726890564,0.2869323194026947,0.12876838445663452,0.9797508716583252,0.9522379040718079,0.3208768367767334,0.902698814868927,0.9953501224517822,0.9938161373138428,0.15179283916950226,-3.7698845863342285,0.6380302906036377,0.14326341450214386,0.06589528918266296,0.36247190833091736,-0.011286616325378418,0.9552980661392212,0.9095768332481384,0.7844481468200684,0.24971972405910492,0.10347692668437958,0.9399078488349915,0.9921478629112244,0.2424106001853943,0.9187447428703308,1.359283685684204,1.344909429550171,3.951974868774414,20.085529327392578,20.085529327392578,0.3959045708179474,10.392487525939941,1.3586735725402832,1.3568506240844727,3.9498708248138428,20.085500717163086,20.085500717163086,0.3958321511745453,10.305782318115234
46,0.9891162514686584,0.9913246631622314,0.10774850100278854,-3.877187728881836,0.6385039687156677,0.15129195153713226,0.07143541425466537,0.34868764877319336,-0.012243151664733887,0.9573814272880554,0.899718165397644,0.8050426244735718,0.29181644320487976,0.1309748888015747,0.980436384677887,0.9486862421035767,0.3663657307624817,0.9026221036911011,0.9986538887023926,0.9944560527801514,0.10061150789260864,-3.805062770843506,0.6369046568870544,0.13886548578739166,0.06449399888515472,0.36111682653427124,-0.002566695213317871,0.9572107195854187,0.9137585163116455,0.7862256765365601,0.29958194494247437,0.05272821709513664,0.9962080717086792,0.9797512292861938,0.321117103099823,0.9192740321159363,1.3569529056549072,1.3473474979400635,3.933537721633911,20.085529327392578,20.085529327392578,0.39583781361579895,10.374541282653809,1.3593438863754272,1.343525767326355,3.965559244155884,20.085500717163086,20.085500717163086,0.3958166539669037,10.383233070373535
47,0.9916710257530212,0.9896308779716492,0.11626189947128296,-3.941624164581299,0.6380198001861572,0.14503692090511322,0.06964219361543655,0.34618979692459106,-0.009507536888122559,0.9611945748329163,0.9044338464736938,0.809283435344696,0.29609450697898865,0.11300893127918243,0.9807355403900146,0.9494251012802124,0.3843242824077606,0.9024606347084045,0.9949721693992615,0.9940270781517029,0.10586528480052948,-3.768355131149292,0.6373804211616516,0.14150553941726685,0.0644126757979393,0.368286669254303,-0.005005180835723877,0.9569513201713562,0.9143063426017761,0.7792141437530518,0.28485000133514404,0.07796385139226913,0.999293327331543,0.9717971086502075,0.2633991539478302,0.9086511731147766,1.354324221611023,1.3509434461593628,3.963278293609619,20.085529327392578,20.085529327392578,0.39618659019470215,10.465003967285156,1.3544851541519165,1.3484162092208862,3.958888053894043,20.085500717163086,20.085500717163086,0.3958984613418579,10.421821594238281
48,0.9890428185462952,0.9892181754112244,0.11533813923597336,-3.9405152797698975,0.63697350025177,0.14696361124515533,0.06979124993085861,0.3447551727294922,-0.00681072473526001,0.9600604772567749,0.9039915204048157,0.8107984662055969,0.31257569789886475,0.11639351397752762,0.9809763431549072,0.9529080390930176,0.519687831401825,0.9036607146263123,1.0006484985351562,0.9940072298049927,0.10059858858585358,-3.6766693592071533,0.6378049254417419,0.13862940669059753,0.06647096574306488,0.38104456663131714,-0.007627010345458984,0.9572377800941467,0.9084731340408325,0.7638096809387207,0.34546977281570435,0.07207188010215759,0.9681772589683533,1.0041251182556152,0.4724395275115967,0.9217981696128845,1.3556431531906128,1.348509669303894,3.9684505462646484,20.085529327392578,20.085529327392578,0.3959484398365021,10.559020042419434,1.3589385747909546,1.3522741794586182,3.9751791954040527,20.085500717163086,20.085500717163086,0.39602699875831604,10.526742935180664
49,0.9894809126853943,0.9914047718048096,0.10576228052377701,-3.952942132949829,0.638096034526825,0.14515353739261627,0.06926925480365753,0.34245991706848145,-0.013932108879089355,0.9610219597816467,0.906711757183075,0.8118285536766052,0.30925318598747253,0.144307479262352,0.9816492199897766,0.9533573389053345,0.39596253633499146,0.9059377908706665,1.000694751739502,0.992046594619751,0.11742949485778809,-3.773527145385742,0.6374236345291138,0.13736574351787567,0.06429281085729599,0.3688317537307739,-0.004501819610595703,0.9580031037330627,0.9143456220626831,0.7803211808204651,0.31797459721565247,0.05369270592927933,0.9636185765266418,0.9902811646461487,0.5302096009254456,0.9005919098854065,1.3564212322235107,1.3478280305862427,3.9451236724853516,20.085529327392578,20.085529327392578,0.39577576518058777,10.637083053588867,1.354717493057251,1.3462363481521606,3.9580862522125244,20.085500717163086,20.085500717163086,0.3959346413612366,10.591614723205566
50,0.9869369268417358,0.9870744347572327,0.11437965929508209,-3.9698662757873535,0.6375156044960022,0.14478392899036407,0.0694497674703598,0.342682421207428,-0.008072972297668457,0.9612870216369629,0.9057978987693787,0.812393069267273,0.28411826491355896,0.11714832484722137,0.9817619919776917,0.9533933997154236,0.5051697492599487,0.9044193625450134,1.0002080202102661,0.9905353784561157,0.10010446608066559,-3.83100962638855,0.6371931433677673,0.1405942738056183,0.0644838809967041,0.35783320665359497,-0.002731502056121826,0.9578176736831665,0.9134670495986938,0.7913650274276733,0.2746775150299072,0.054439350962638855,0.9773513078689575,0.986732006072998,0.5271350145339966,0.9189124703407288,1.3586311340332031,1.349711298942566,3.9655137062072754,20.085529327392578,20.085529327392578,0.3958425223827362,10.691519737243652,1.3581966161727905,1.3485151529312134,3.9690494537353516,20.085500717163086,20.085500717163086,0.3959277868270874,10.663616180419922
51,0.9873527884483337,0.9884207844734192,0.1000678613781929,-3.9702634811401367,0.6377136707305908,0.14419102668762207,0.06956321746110916,0.3440379798412323,-0.009167253971099854,0.9618508219718933,0.9059759974479675,0.8127272129058838,0.3068823516368866,0.12136612832546234,0.981565535068512,0.9534624814987183,0.4840695858001709,0.9060226082801819,0.9953522682189941,0.9966346621513367,0.10005970299243927,-3.8272838592529297,0.6386139988899231,0.13430064916610718,0.06473647058010101,0.36150285601615906,-0.012265503406524658,0.9604902267456055,0.9116988778114319,0.7866580486297607,0.30716007947921753,0.07579874247312546,0.977942168712616,0.9963049292564392,0.3480542004108429,0.9190745949745178,1.3617898225784302,1.3503962755203247,3.9722437858581543,20.085529327392578,20.085529327392578,0.39593884348869324,10.725404739379883,1.358466625213623,1.3513243198394775,3.966336250305176,20.085500717163086,20.085500717163086,0.3958328664302826,10.71804141998291
52,0.9882088303565979,0.9903154969215393,0.10019980370998383,-3.9722096920013428,0.6375689506530762,0.1437576413154602,0.06948918849229813,0.3417573571205139,-0.009755432605743408,0.961474597454071,0.9059703946113586,0.8132741451263428,0.31703057885169983,0.1247066929936409,0.9819197654724121,0.9531622529029846,0.3904392719268799,0.9064355492591858,0.9980756044387817,0.9891384840011597,0.10154354572296143,-3.8181686401367188,0.6368931531906128,0.13686585426330566,0.06722317636013031,0.36042463779449463,-0.003434300422668457,0.9576288461685181,0.906555712223053,0.78983473777771,0.2584250271320343,0.06791649013757706,0.9533682465553284,0.984652042388916,0.4344916045665741,0.9070871472358704,1.3599711656570435,1.350321650505066,3.960488796234131,20.085529327392578,20.085529327392578,0.39613622426986694,10.728997230529785,1.3608072996139526,1.3487825393676758,3.9700114727020264,20.085500717163086,20.085500717163086,0.3960355520248413,10.765835762023926
53,0.9867401719093323,0.9888623356819153,0.11545880883932114,-3.9975321292877197,0.6372241377830505,0.1425052434206009,0.07003536075353622,0.3386134207248688,-0.00997847318649292,0.9625124931335449,0.9042702317237854,0.8163053393363953,0.3519729673862457,0.13869808614253998,0.9808483123779297,0.9555168747901917,0.4957229495048523,0.9067298769950867,0.9953399300575256,0.9983839988708496,0.10029397904872894,-3.849858045578003,0.6382242441177368,0.1370226889848709,0.06381640583276749,0.3559189438819885,-0.012116670608520508,0.9597437977790833,0.9170491695404053,0.7919268608093262,0.33340758085250854,0.10773873329162598,0.9953925609588623,0.9792889952659607,0.3489641547203064,0.9348881244659424,1.3580998182296753,1.3505336046218872,3.974050998687744,20.085529327392578,20.085529327392578,0.3959673047065735,10.862519264221191,1.3613132238388062,1.352418065071106,3.963247299194336,20.085500717163086,20.085500717163086,0.39608582854270935,10.766032218933105
54,0.9893576502799988,0.983431339263916,0.12068580836057663,-4.011869430541992,0.6381696462631226,0.14190469682216644,0.06910203397274017,0.33883726596832275,-0.010066449642181396,0.9636040925979614,0.9068135023117065,0.8162954449653625,0.3525907099246979,0.12569047510623932,0.9829302430152893,0.9539696574211121,0.4794383645057678,0.9078853130340576,0.9933581948280334,0.9972084164619446,0.17792093753814697,-3.8341426849365234,0.6376754641532898,0.13728183507919312,0.06436140090227127,0.35896578431129456,-0.00833594799041748,0.9579590559005737,0.9139254093170166,0.7926158905029297,0.3043646812438965,0.06613901257514954,0.9613070487976074,0.9885716438293457,0.33191895484924316,0.8923978209495544,1.3575619459152222,1.3565022945404053,3.9724018573760986,20.085529327392578,20.085529327392578,0.39633843302726746,10.899747848510742,1.3588805198669434,1.3535314798355103,3.967900514602661,20.085500717163086,20.085500717163086,0.3960886299610138,10.923717498779297
55,0.9884155988693237,0.9901980757713318,0.15578919649124146,-4.029247760772705,0.637969434261322,0.1410064548254013,0.06804070621728897,0.3366045355796814,-0.012737929821014404,0.9638868570327759,0.9085901379585266,0.8191525936126709,0.34123480319976807,0.13570691645145416,0.9831755757331848,0.9570662379264832,0.33737000823020935,0.907795786857605,0.9964951276779175,0.9936302900314331,0.1483629047870636,-3.7679316997528076,0.6375089883804321,0.1389235556125641,0.0636826604604721,0.36693185567855835,-0.008664429187774658,0.956908643245697,0.9149901270866394,0.7813572287559509,0.34902453422546387,0.08556334674358368,0.9476817846298218,0.98573237657547,0.32165032625198364,0.9103542566299438,1.3590047359466553,1.3515921831130981,3.966948986053467,20.085529327392578,20.085529327392578,0.3963584303855896,10.990935325622559,1.3576595783233643,1.3548411130905151,3.9546916484832764,20.085500717163086,20.085500717163086,0.39659130573272705,10.987154960632324
56,0.9893689155578613,0.9881015419960022,0.15273843705654144,-4.027072906494141,0.6377448439598083,0.14092808961868286,0.06908833980560303,0.3359832763671875,-0.009568750858306885,0.963708758354187,0.9069197177886963,0.8192390203475952,0.36998307704925537,0.12125688046216965,0.9818843603134155,0.9548736214637756,0.5824567675590515,0.9094772338867188,0.9984284043312073,0.9926013946533203,0.10408926010131836,-3.801299571990967,0.6367661952972412,0.1359751671552658,0.06536392122507095,0.363018274307251,-0.004232883453369141,0.9577746987342834,0.9104323983192444,0.7879611849784851,0.31892508268356323,0.07274966686964035,0.9703090786933899,0.9865001440048218,0.41285616159439087,0.9052534103393555,1.3570719957351685,1.3489989042282104,3.9592957496643066,20.085529327392578,20.085529327392578,0.39661431312561035,11.075776100158691,1.3639922142028809,1.3539330959320068,3.969125747680664,20.085500717163086,20.085500717163086,0.39656659960746765,11.049946784973145
57,0.9883753061294556,0.9878219366073608,0.1403680294752121,-4.032712936401367,0.6373392343521118,0.14026802778244019,0.06918993592262268,0.3357723653316498,-0.010471761226654053,0.9639548063278198,0.906095564365387,0.8193290829658508,0.38508835434913635,0.1294313669204712,0.982727587223053,0.954616367816925,0.42034104466438293,0.9089523553848267,0.9987945556640625,0.9915643334388733,0.13447628915309906,-3.7576327323913574,0.6370319128036499,0.15357686579227448,0.0700443759560585,0.3621631860733032,-0.004870176315307617,0.9538165926933289,0.8996071219444275,0.7896984815597534,0.35184213519096375,0.07722075283527374,0.9559487700462341,0.9873648285865784,0.47438937425613403,0.9010204672813416,1.3596335649490356,1.3554164171218872,3.976191759109497,20.085529327392578,20.085529327392578,0.39599135518074036,11.121306419372559,1.355617880821228,1.3505463600158691,3.9617300033569336,20.085500717163086,20.085500717163086,0.39654117822647095,11.100573539733887
58,0.9873924851417542,0.9896520972251892,0.1658817082643509,-4.042889595031738,0.6376002430915833,0.14059710502624512,0.06948748230934143,0.33517876267433167,-0.008867323398590088,0.9640398621559143,0.9066299796104431,0.8213604688644409,0.3699064254760742,0.11621757596731186,0.9820511937141418,0.957342803478241,0.5812128186225891,0.9081678986549377,0.9975392818450928,0.988312304019928,0.1707148253917694,-3.8585712909698486,0.6367262601852417,0.13840432465076447,0.06581498682498932,0.35600292682647705,-0.003186941146850586,0.9583152532577515,0.9112265110015869,0.796022891998291,0.2871324121952057,0.06226826831698418,1.0022897720336914,1.0137883424758911,0.4348321557044983,0.9106143116950989,1.3599215745925903,1.3498727083206177,3.9664902687072754,20.085529327392578,20.085529327392578,0.3972349762916565,11.190438270568848,1.3610457181930542,1.3542001247406006,3.970937967300415,20.085500717163086,20.085500717163086,0.3967619240283966,11.145557403564453
59,0.9861506223678589,0.9834052324295044,0.1767495572566986,-4.049993991851807,0.6369369029998779,0.14179837703704834,0.06896977126598358,0.3349556028842926,-0.005410909652709961,0.9636653065681458,0.9069405198097229,0.8216565847396851,0.3860953748226166,0.10779967904090881,0.9828352928161621,0.9549372792243958,0.5476900935173035,0.9105002284049988,0.994620144367218,0.9899417757987976,0.14726164937019348,-3.7871861457824707,0.6406724452972412,0.1368432641029358,0.06450209021568298,0.3628363311290741,-0.027453362941741943,0.9581654667854309,0.9152006506919861,0.7849183082580566,0.27679014205932617,0.06600770354270935,0.9912205934524536,0.9745935797691345,0.6679654121398926,0.9266111850738525,1.3613812923431396,1.3576428890228271,3.980285167694092,20.085529327392578,20.085529327392578,0.39658716320991516,11.236992835998535,1.3604313135147095,1.3545258045196533,3.979447364807129,20.085500717163086,20.085500717163086,0.39697515964508057,11.253860473632812
60,0.9861465692520142,0.9881264567375183,0.17231746017932892,-4.081984996795654,0.6368007659912109,0.13734909892082214,0.06824346631765366,0.33160069584846497,-0.006268143653869629,0.9656099677085876,0.9089130163192749,0.8240697979927063,0.3201289176940918,0.11419299244880676,0.9835937023162842,0.9557597041130066,0.5779351592063904,0.9103361368179321,0.9974903464317322,0.9928662180900574,0.25310057401657104,-3.8313605785369873,0.6365915536880493,0.1376579850912094,0.06470075249671936,0.36045414209365845,-0.002145111560821533,0.9584715366363525,0.9143824577331543,0.790399432182312,0.3625459671020508,0.05727493762969971,0.9401635527610779,0.9892923831939697,0.4096306562423706,0.8888468742370605,1.3626644611358643,1.3519657850265503,3.9862608909606934,20.085529327392578,20.085529327392578,0.3971502184867859,11.307096481323242,1.3640379905700684,1.3554744720458984,3.9794821739196777,20.085500717163086,20.085500717163086,0.39700329303741455,11.297093391418457
61,0.9874670505523682,0.9888725280761719,0.1690628081560135,-4.060049057006836,0.6370808482170105,0.1393352448940277,0.06853789836168289,0.33373183012008667,-0.00844508409500122,0.9646896719932556,0.908203661441803,0.8227831125259399,0.36661410331726074,0.12633489072322845,0.9832882285118103,0.9573619365692139,0.6407995820045471,0.9098422527313232,1.0025907754898071,0.9939072132110596,0.11257515102624893,-3.5742268562316895,0.6377019882202148,0.15495479106903076,0.06468518078327179,0.3887133300304413,-0.007148444652557373,0.9543712139129639,0.9131242036819458,0.7560220956802368,0.25947675108909607,0.09053729474544525,0.9685102701187134,0.9684796929359436,0.9991284012794495,0.9281976222991943,1.3616188764572144,1.3516271114349365,3.9761765003204346,20.085529327392578,20.085529327392578,0.39640137553215027,11.310478210449219,1.364396572113037,1.351727843284607,3.9731056690216064,20.085500717163086,20.085500717163086,0.3969970643520355,11.367117881774902
62,0.9858181476593018,0.9902106523513794,0.1733015477657318,-4.088848114013672,0.637062132358551,0.1390475034713745,0.06837324053049088,0.3293256163597107,-0.006966620683670044,0.9649198055267334,0.9100620746612549,0.8268634080886841,0.3750489056110382,0.11603115499019623,0.9836328029632568,0.9551673531532288,0.5890809297561646,0.9126456379890442,0.99176025390625,0.9947289228439331,0.204849511384964,-3.8557190895080566,0.6383419036865234,0.13873806595802307,0.06575726717710495,0.3557390570640564,-0.013271212577819824,0.9595879316329956,0.909939706325531,0.7955155968666077,0.291570246219635,0.08335163444280624,0.9482009410858154,0.9843531847000122,0.4977780282497406,0.897142767906189,1.3602169752120972,1.3504637479782104,3.965637683868408,20.085529327392578,20.085529327392578,0.396881103515625,11.450385093688965,1.3606475591659546,1.3498154878616333,3.9806830883026123,20.085500717163086,20.085500717163086,0.39700257778167725,11.411449432373047
63,0.9866970181465149,0.9878700971603394,0.1813805252313614,-4.106781005859375,0.6371937990188599,0.1358095109462738,0.06892009824514389,0.3307527005672455,-0.006350994110107422,0.9667887687683105,0.9074817299842834,0.8265751004219055,0.36092495918273926,0.11009056121110916,0.9831498861312866,0.9557075500488281,0.4569477140903473,0.9107401371002197,0.9998230338096619,0.9895469546318054,0.32115474343299866,-3.8360118865966797,0.6382116079330444,0.13451015949249268,0.06486763060092926,0.3554585576057434,-0.010569930076599121,0.9598169922828674,0.9130961894989014,0.7919641733169556,0.33162277936935425,0.0640343576669693,1.0006396770477295,0.9824813604354858,0.45320752263069153,0.9339468479156494,1.3614128828048706,1.35112464427948,3.9804978370666504,20.085529327392578,20.085529327392578,0.3973696231842041,11.516776084899902,1.3605743646621704,1.3533748388290405,3.973972797393799,20.085500717163086,20.085500717163086,0.39719733595848083,11.445444107055664
64,0.9841203689575195,0.9870182275772095,0.19571487605571747,-4.151462554931641,0.636894941329956,0.1335383504629135,0.06791454553604126,0.325427383184433,-0.0050351619720458984,0.9677137136459351,0.9107155799865723,0.8315578699111938,0.3055112361907959,0.10534308105707169,0.9841161966323853,0.9548079967498779,0.4767996668815613,0.9136236310005188,0.9949478507041931,0.9882755875587463,0.2824127972126007,-3.8397738933563232,0.6370375752449036,0.14162307977676392,0.06324344128370285,0.3581903576850891,-0.003987908363342285,0.9586718678474426,0.9186875224113464,0.7906184196472168,0.27358588576316833,0.051805201917886734,0.9400676488876343,0.9817614555358887,0.42513081431388855,0.9281631708145142,1.3647842407226562,1.350601077079773,3.988036632537842,20.085529327392578,20.085529327392578,0.3977670669555664,11.647422790527344,1.3638076782226562,1.351894497871399,3.981494903564453,20.085500717163086,20.085500717163086,0.3974130153656006,11.591270446777344
65,0.9843083024024963,0.9834494590759277,0.19521395862102509,-4.174033164978027,0.6364777088165283,0.13304245471954346,0.06711971014738083,0.32394564151763916,-0.0023570656776428223,0.9683336019515991,0.9131156802177429,0.8325753808021545,0.27927422523498535,0.09025505930185318,0.9841459393501282,0.9559594392776489,0.47317659854888916,0.9144992232322693,0.9973576068878174,0.9903631806373596,0.23285815119743347,-3.846891403198242,0.636405348777771,0.13199292123317719,0.06357914954423904,0.36202993988990784,-0.0009585916996002197,0.9619273543357849,0.9184393882751465,0.7869766354560852,0.3274403512477875,0.055406954139471054,0.9699130654335022,0.9718330502510071,0.4364023804664612,0.9193710684776306,1.365153193473816,1.3547238111495972,3.9858641624450684,20.085529327392578,20.085529327392578,0.39779192209243774,11.755668640136719,1.3659892082214355,1.3508999347686768,3.993654251098633,20.085500717163086,20.085500717163086,0.39751920104026794,11.707823753356934
66,0.9813270568847656,0.9852867722511292,0.20300401747226715,-4.198784828186035,0.635818362236023,0.13279114663600922,0.06697478890419006,0.3212692439556122,-0.0008132457733154297,0.9688364267349243,0.913040041923523,0.8355233669281006,0.3158772587776184,0.08794298768043518,0.9850546717643738,0.9555685520172119,0.4763231873512268,0.9139389991760254,0.9928252100944519,0.9865543842315674,0.2799547016620636,-3.84895658493042,0.6365050077438354,0.12958472967147827,0.06429947167634964,0.3611900508403778,-0.0025513172149658203,0.9621383547782898,0.9163540601730347,0.7862575650215149,0.26778724789619446,0.05440564826130867,0.9815476536750793,0.991029679775238,0.42526957392692566,0.9311828017234802,1.3661576509475708,1.355683445930481,3.996717929840088,20.085529327392578,20.085529327392578,0.39796823263168335,11.893709182739258,1.3664418458938599,1.355794906616211,3.9944496154785156,20.085500717163086,20.085500717163086,0.3977526128292084,11.822925567626953
67,0.9842051267623901,0.9847601056098938,0.20325538516044617,-4.2105536460876465,0.6361600756645203,0.131316676735878,0.06670928746461868,0.319620281457901,-0.0015981793403625488,0.9693471193313599,0.9136898517608643,0.8362165093421936,0.30642274022102356,0.09374652802944183,0.9842827916145325,0.9580682516098022,0.48573237657546997,0.9157865047454834,0.9953007698059082,0.9873614311218262,0.277213454246521,-3.8564746379852295,0.6370912790298462,0.13171201944351196,0.0635172575712204,0.35795825719833374,-0.006112873554229736,0.9614976644515991,0.9187700152397156,0.7900900840759277,0.274905800819397,0.08489127457141876,0.9789562225341797,0.9730721712112427,0.5385194420814514,0.9282376766204834,1.3676670789718628,1.3567503690719604,3.9952244758605957,20.085529327392578,20.085529327392578,0.39811331033706665,12.015564918518066,1.3649150133132935,1.3585666418075562,3.9978127479553223,20.085500717163086,20.085500717163086,0.3977515995502472,11.950549125671387
68,0.9840075969696045,0.986599326133728,0.2086697816848755,-4.193909645080566,0.636745274066925,0.1308523714542389,0.06720608472824097,0.3216822147369385,-0.005347847938537598,0.9692137837409973,0.9126928448677063,0.8347973227500916,0.30877596139907837,0.11105424910783768,0.9851487278938293,0.9554146528244019,0.5134588479995728,0.9151086807250977,0.9932209849357605,0.9878581762313843,0.20859718322753906,-3.888955593109131,0.6376059055328369,0.1298302710056305,0.06351999193429947,0.35516682267189026,-0.006624281406402588,0.9619259238243103,0.918245792388916,0.794498085975647,0.2848588824272156,0.05556463077664375,0.9769064784049988,0.9793434739112854,0.48544296622276306,0.9227707386016846,1.368559718132019,1.355865716934204,3.9877915382385254,20.085529327392578,20.085529327392578,0.39797425270080566,12.065277099609375,1.369225025177002,1.3578726053237915,3.9855785369873047,20.085500717163086,20.085500717163086,0.39799144864082336,12.041826248168945
69,0.9836615920066833,0.9843975901603699,0.20351988077163696,-4.204379558563232,0.6358891129493713,0.13126790523529053,0.06721212714910507,0.3221883773803711,-0.00032901763916015625,0.9695711135864258,0.9135000109672546,0.8349997997283936,0.33329689502716064,0.08731035888195038,0.9846248030662537,0.9555931091308594,0.5430867075920105,0.9155412912368774,0.9964727759361267,0.9880443215370178,0.16854451596736908,-3.8434715270996094,0.6383042335510254,0.1329059898853302,0.06337142735719681,0.3596157431602478,-0.013790726661682129,0.9614683389663696,0.9183859825134277,0.7894418239593506,0.32063665986061096,0.06098252162337303,0.9971526861190796,0.9812326431274414,0.49725741147994995,0.9247980713844299,1.368949055671692,1.3560515642166138,4.001022815704346,20.085529327392578,20.085529327392578,0.3977070450782776,12.100105285644531,1.369260311126709,1.358018398284912,3.9976863861083984,20.085500717163086,20.085500717163086,0.39782649278640747,12.062673568725586
70,0.9811726808547974,0.981948733329773,0.2068183273077011,-4.222784042358398,0.6361300349235535,0.13018622994422913,0.0672362819314003,0.318384051322937,-0.002041757106781006,0.9697043299674988,0.9119523763656616,0.8373427987098694,0.3377591073513031,0.09531106799840927,0.98546302318573,0.9558731317520142,0.5086963176727295,0.9169260263442993,0.99350905418396,0.9874903559684753,0.3052734136581421,-3.784393310546875,0.6380185484886169,0.13275933265686035,0.06357450783252716,0.36730268597602844,-0.013560771942138672,0.9609005451202393,0.9182201623916626,0.7797675132751465,0.27331122756004333,0.07685890793800354,0.9664950370788574,0.9828001856803894,0.45897915959358215,0.9162186980247498,1.3695145845413208,1.3591278791427612,3.990478992462158,20.085529327392578,20.085529327392578,0.39809203147888184,12.18257999420166,1.3702104091644287,1.3582370281219482,3.9976677894592285,20.085500717163086,20.085500717163086,0.39796140789985657,12.135834693908691
71,0.9803783297538757,0.983948826789856,0.20731417834758759,-4.226130962371826,0.636078953742981,0.130390465259552,0.06692513823509216,0.31967470049858093,-0.0014413893222808838,0.9700284004211426,0.9136006236076355,0.837039589881897,0.32776010036468506,0.09894198179244995,0.9851295351982117,0.9570448398590088,0.5426061749458313,0.9150006771087646,0.9905421137809753,0.9863695502281189,0.24433879554271698,-3.8357715606689453,0.6376628279685974,0.1307743489742279,0.06405239552259445,0.3631618320941925,-0.009051263332366943,0.9624497294425964,0.9162998199462891,0.7861037850379944,0.29218167066574097,0.09486861526966095,0.9720893502235413,0.9914181232452393,0.5261310338973999,0.9277963042259216,1.3735960721969604,1.3572815656661987,3.9916749000549316,20.085529327392578,20.085529327392578,0.39780041575431824,12.227571487426758,1.3711639642715454,1.359675407409668,3.9974801540374756,20.085500717163086,20.085500717163086,0.3978787958621979,12.214380264282227
72,0.9800578355789185,0.9834242463111877,0.22547949850559235,-4.221185684204102,0.6363688707351685,0.12919363379478455,0.0677504613995552,0.3197460174560547,-0.003872513771057129,0.9700253009796143,0.9114741683006287,0.8367477059364319,0.31876763701438904,0.11328919231891632,0.9851745367050171,0.9577121138572693,0.5314894318580627,0.9162737131118774,0.9952720999717712,0.987191379070282,0.23239651322364807,-3.845057725906372,0.6369194984436035,0.13068245351314545,0.06366388499736786,0.36085090041160583,-0.006829321384429932,0.9617369771003723,0.9175358414649963,0.7880069017410278,0.29269370436668396,0.09846550226211548,0.9692332148551941,0.9844435453414917,0.47582191228866577,0.917380154132843,1.3739920854568481,1.3588982820510864,3.989145278930664,20.085529327392578,20.085529327392578,0.3984203636646271,12.257293701171875,1.372230052947998,1.3597732782363892,3.9885754585266113,20.085500717163086,20.085500717163086,0.39812007546424866,12.239291191101074
73,0.9802653789520264,0.980833888053894,0.22902734577655792,-4.247458457946777,0.6368300914764404,0.12902754545211792,0.06632061302661896,0.31664031744003296,-0.0048105716705322266,0.9706017971038818,0.9154989123344421,0.8396860361099243,0.33327847719192505,0.10300180315971375,0.9855338931083679,0.9584428668022156,0.6060135960578918,0.9170853495597839,0.9947463870048523,0.9881871342658997,0.29730352759361267,-3.8673336505889893,0.6365755796432495,0.1326410472393036,0.06271828711032867,0.35535651445388794,-0.0022417306900024414,0.9608835577964783,0.9190205335617065,0.7935566902160645,0.3266957104206085,0.07261008024215698,0.9667165875434875,0.9862462878227234,0.4948466122150421,0.9247997999191284,1.3739100694656372,1.361039400100708,3.987086534500122,20.085529327392578,20.085529327392578,0.3981953263282776,12.353540420532227,1.3745976686477661,1.3584016561508179,3.9852943420410156,20.085500717163086,20.085500717163086,0.39830872416496277,12.301106452941895
74,0.978553831577301,0.9798020124435425,0.23252180218696594,-4.260628700256348,0.6359343528747559,0.12939667701721191,0.06634043902158737,0.3156125545501709,-0.0011569857597351074,0.9704172611236572,0.9151363968849182,0.8407217264175415,0.3244248628616333,0.0941891223192215,0.9844823479652405,0.9549988508224487,0.5422793030738831,0.9168786406517029,0.9952231645584106,0.9897116422653198,0.2336316853761673,-3.8501136302948,0.6363385915756226,0.12903857231140137,0.0627790242433548,0.3609682619571686,-0.0018864870071411133,0.9627278447151184,0.9185952544212341,0.788236141204834,0.31762057542800903,0.0688600167632103,0.980912446975708,0.9860776662826538,0.4873702824115753,0.9189725518226624,1.3742789030075073,1.362384557723999,3.9986820220947266,20.085529327392578,20.085529327392578,0.3982812762260437,12.395325660705566,1.373894214630127,1.360801339149475,3.990107297897339,20.085500717163086,20.085500717163086,0.3984030485153198,12.38067626953125
75,0.978546142578125,0.980933666229248,0.2340116947889328,-4.2744526863098145,0.6352750062942505,0.1265537291765213,0.06622276455163956,0.3155438303947449,0.0021559596061706543,0.9713249802589417,0.9157467484474182,0.8408986330032349,0.31304293870925903,0.0833195373415947,0.9861533045768738,0.9570208787918091,0.5239928960800171,0.9161471724510193,0.9978891611099243,0.9906033277511597,0.20437173545360565,-3.845862865447998,0.6367259621620178,0.12878301739692688,0.06325442343950272,0.3595843017101288,-0.0036239027976989746,0.9620614647865295,0.9171894788742065,0.7892674803733826,0.34601059556007385,0.059582311660051346,0.9828653335571289,0.9864101409912109,0.5053890943527222,0.9336233139038086,1.3748209476470947,1.362411618232727,4.008912086486816,20.085529327392578,20.085529327392578,0.39812159538269043,12.432648658752441,1.3739492893218994,1.362710952758789,4.005585670471191,20.085500717163086,20.085500717163086,0.39847904443740845,12.4114351272583
76,0.9779219031333923,0.9817453622817993,0.22863756120204926,-4.278090953826904,0.6353891491889954,0.1272217333316803,0.06634188443422318,0.31416118144989014,0.0016376376152038574,0.9710177779197693,0.9154173731803894,0.8423307538032532,0.342936635017395,0.07668235152959824,0.9851903319358826,0.9573710560798645,0.5632335543632507,0.9197563529014587,0.9968057870864868,0.9900187253952026,0.2716030478477478,-3.805093288421631,0.6364442706108093,0.1349085420370102,0.06329986453056335,0.36301523447036743,-0.0021776556968688965,0.9601068496704102,0.917823076248169,0.7852111458778381,0.3306894898414612,0.0683218240737915,0.987648069858551,0.9934390187263489,0.5233256220817566,0.917036771774292,1.3757935762405396,1.3628844022750854,4.009155750274658,20.085529327392578,20.085529327392578,0.3983805179595947,12.490842819213867,1.3765201568603516,1.362951636314392,4.00766658782959,20.085500717163086,20.085500717163086,0.39816102385520935,12.470869064331055
77,0.9786213040351868,0.9784142374992371,0.23834578692913055,-4.287358283996582,0.6352300047874451,0.1261245608329773,0.06640314310789108,0.3150399923324585,0.0015996694564819336,0.9717875123023987,0.9152040481567383,0.8420305848121643,0.320470929145813,0.08374521881341934,0.9864702224731445,0.9580761194229126,0.5837295055389404,0.9182886481285095,0.9958159923553467,0.9882711172103882,0.2488853484392166,-3.8558242321014404,0.6372338533401489,0.12972207367420197,0.0628150925040245,0.35800832509994507,-0.008124858140945435,0.9621836543083191,0.9188740849494934,0.7910435199737549,0.3105751872062683,0.07577863335609436,0.9664203524589539,0.9841691255569458,0.5125859975814819,0.9239820837974548,1.3756531476974487,1.3640366792678833,4.007630825042725,20.085529327392578,20.085529327392578,0.39835280179977417,12.521509170532227,1.375741958618164,1.3631219863891602,4.009765625,20.085500717163086,20.085500717163086,0.3984431326389313,12.497050285339355
78,0.9772552251815796,0.9828370213508606,0.22982273995876312,-4.281750202178955,0.6354193687438965,0.12764868140220642,0.06621155142784119,0.31450599431991577,0.000272899866104126,0.971315324306488,0.9154236912727356,0.8426809310913086,0.3400501608848572,0.09540048986673355,0.9859865307807922,0.9597609639167786,0.5515804886817932,0.9183366298675537,0.9934694170951843,0.9868972897529602,0.2542290687561035,-3.861640453338623,0.6372429132461548,0.1310337781906128,0.06253503262996674,0.3588380813598633,-0.008808434009552002,0.96238112449646,0.9198603630065918,0.7909739017486572,0.29378241300582886,0.10483314096927643,0.9599878191947937,0.9772486686706543,0.5184935927391052,0.9111754298210144,1.3760806322097778,1.3640395402908325,4.006509780883789,20.085529327392578,20.085529327392578,0.3984059691429138,12.567267417907715,1.375054955482483,1.3639156818389893,4.004867076873779,20.085500717163086,20.085500717163086,0.398348331451416,12.55837345123291
79,0.9768747091293335,0.9787228107452393,0.2407253384590149,-4.309165000915527,0.635448694229126,0.12621445953845978,0.06585763394832611,0.3114664852619171,0.001272737979888916,0.971764326095581,0.9166946411132812,0.8449921011924744,0.3086467981338501,0.0832691565155983,0.9856035709381104,0.95569908618927,0.5633396506309509,0.9171433448791504,0.9959273338317871,0.9868170619010925,0.2804986536502838,-3.8474953174591064,0.6360769867897034,0.13016201555728912,0.06253673136234283,0.35955026745796204,-0.001094222068786621,0.962418258190155,0.9197381734848022,0.7876872420310974,0.3153785169124603,0.06234128773212433,0.9644120931625366,0.9875149726867676,0.5307693481445312,0.9298216700553894,1.3768185377120972,1.3641330003738403,4.0063796043396,20.085529327392578,20.085529327392578,0.39853769540786743,12.599699974060059,1.37590491771698,1.3635879755020142,4.006506443023682,20.085500717163086,20.085500717163086,0.3984901010990143,12.580791473388672
