epoch,subset,n,mae_mchirp,mae_merger_time,mae_snr,mae_sky_position,mae_coa_phase,mae_polarization_angle,mae_inclination,r2_mchirp,r2_merger_time,r2_snr,r2_sky_position,r2_coa_phase,r2_polarization_angle,r2_inclination,std_ratio_mchirp,std_ratio_merger_time,std_ratio_snr,std_ratio_sky_position,std_ratio_coa_phase,std_ratio_polarization_angle,std_ratio_inclination
5,full,5000,2.03658,0.027173,0.904968,1.83224,1.59925,0.784175,1.55889,0.854038,0.653666,0.747592,-0.378206,-0.0402974,0.753493,0.0102647,0.883209,0.868121,0.961824,1.20335,1.2983,0.230022,0.501939
5,snr_low,1667,2.87563,0.0295249,0.7473,1.83695,1.63998,0.783385,1.57323,0.727983,0.577945,-0.54421,-0.389209,-0.134075,0.752598,-0.00568357,0.830443,0.870216,1.29796,1.0088,0.749161,0.194123,0.405016
5,snr_mid,1666,1.90856,0.0262857,1.0737,1.87913,1.57397,0.7916,1.54811,0.887389,0.675055,-1.84701,-0.436047,-0.00305278,0.75212,-0.000402934,0.894886,0.882269,1.94409,1.19809,1.27999,0.192715,0.49902
5,snr_high,1667,1.32547,0.025708,0.894007,1.78067,1.58378,0.777546,1.55533,0.942507,0.706705,-1.23326,-0.309947,0.00889166,0.755638,0.0359494,0.919631,0.85065,1.4297,1.30771,0.976274,0.111015,0.551574
5,mchirp_low,2500,1.99732,0.0234564,0.931586,1.85982,1.62445,0.772114,1.56052,0.350874,0.711479,0.731381,-0.425705,-0.0685497,0.756855,0.00653548,1.04895,0.916913,0.953665,1.00033,1.19434,0.258417,0.51873
5,mchirp_high,2500,2.07584,0.0308897,0.878351,1.80467,1.57404,0.796237,1.55726,0.611307,0.595526,0.763587,-0.330103,-0.0128035,0.750174,0.0139963,0.95453,0.808344,0.96985,1.27801,1.38384,0.179231,0.471446
5,merger_early,2500,2.06938,0.0196671,0.918195,1.92467,1.59403,0.791034,1.56393,0.853198,0.224502,0.73506,-0.413164,-0.0276762,0.745949,0.0161212,0.890072,0.790449,0.973413,1.10041,1.27523,0.221843,0.471483
5,merger_late,2500,2.00378,0.0346789,0.891742,1.73981,1.60446,0.777317,1.55385,0.85485,-0.931454,0.759787,-0.341881,-0.0532467,0.76076,0.00398316,0.875827,1.23894,0.950433,1.27344,1.29309,0.231901,0.470217
5,q_low,1667,2.08161,0.0238921,0.90108,1.89131,1.61775,0.78714,1.54827,0.57395,0.729886,0.752765,-0.464218,-0.0395349,0.746456,0.00171546,1.02255,0.903312,0.947959,1.16679,1.23838,0.237584,0.427685
5,q_mid,1666,1.8872,0.0275183,0.890577,1.82255,1.55894,0.781401,1.53917,0.843379,0.647677,0.757644,-0.373181,-0.0134632,0.751907,0.0335959,0.949377,0.864947,0.96362,1.21984,1.32627,0.233548,0.492911
5,q_high,1667,2.14083,0.0301089,0.923239,1.78286,1.62102,0.783984,1.58921,0.877316,0.581455,0.731782,-0.297577,-0.0680703,0.761517,-0.0085139,0.859388,0.828279,0.974129,1.20966,1.32897,0.218546,0.554306
5,q_low_mchirp_low,1241,2.13491,0.0224672,0.906909,1.87657,1.64465,0.780515,1.55794,-0.0150192,0.755657,0.752331,-0.437445,-0.0774679,0.749218,-0.00112779,1.18591,0.920781,0.936363,1.07209,1.20804,0.246923,0.460871
5,q_low_mchirp_high,426,1.92636,0.0280433,0.884097,1.93424,1.5394,0.806438,1.52009,-0.865596,0.652326,0.754038,-0.550603,0.0651451,0.73814,0.00997335,1.53662,0.834663,0.98076,1.32453,1.31369,0.19311,0.308231
5,q_high_mchirp_low,544,2.02201,0.0259287,0.991109,1.84351,1.65221,0.763627,1.57402,0.455156,0.606227,0.68023,-0.384181,-0.0908831,0.772303,0.010175,0.909679,0.899425,0.968934,0.865917,1.15316,0.263345,0.575776
5,q_high_mchirp_high,1123,2.19839,0.0321339,0.890362,1.75349,1.60591,0.793845,1.59658,0.601061,0.567905,0.755725,-0.255137,-0.0572026,0.755742,-0.0178839,0.938391,0.793291,0.976261,1.25587,1.39421,0.172696,0.532075
10,full,5000,2.03242,0.0225685,1.46892,1.37705,1.57645,0.777687,1.5543,0.856,0.742302,0.377766,0.369834,-0.0127339,0.756004,0.0205069,0.949192,0.906657,0.857881,1.07217,1.12342,0.276733,1.2422
10,snr_low,1667,2.84938,0.0214303,1.97325,1.41348,1.61845,0.762796,1.56848,0.717868,0.719597,-7.99937,0.327601,-0.109693,0.759095,0.00239422,0.917456,0.951041,1.83248,1.10168,1.04251,0.39972,1.40825
10,snr_mid,1666,1.77723,0.0211295,1.71066,1.37068,1.57695,0.787363,1.54243,0.907183,0.787756,-5.12212,0.374995,0.00385186,0.755039,0.016055,0.954179,0.921442,1.64779,1.07267,1.08063,0.209301,1.21232
10,snr_high,1667,1.4705,0.0251449,0.722995,1.34699,1.53396,0.782908,1.55198,0.937424,0.718639,-0.340572,0.406696,0.0597532,0.753772,0.0422708,0.967021,0.834763,0.896765,1.03463,1.22204,0.140044,1.08461
10,mchirp_low,2500,1.5263,0.0229747,1.65624,1.39722,1.58358,0.769364,1.55247,0.681099,0.717283,0.236172,0.357344,-0.0249662,0.757592,0.0276737,1.01886,0.902206,0.854444,1.05658,0.84347,0.24561,1.07831
10,mchirp_high,2500,2.53854,0.0221624,1.2816,1.35688,1.56933,0.78601,1.55613,0.436137,0.767343,0.517607,0.38246,-0.00110876,0.754432,0.013306,1.0508,0.910413,0.850293,1.0875,1.1636,0.215157,1.26406
10,merger_early,2500,2.20643,0.0282203,1.48738,1.3472,1.57341,0.77833,1.55253,0.840472,-0.523188,0.347508,0.412386,-0.00168912,0.750591,0.0315084,0.958166,1.23733,0.881784,1.01559,1.0398,0.21276,1.1725
10,merger_late,2500,1.85841,0.0169168,1.45046,1.4069,1.5795,0.777044,1.55607,0.871355,0.44712,0.407211,0.325588,-0.0240764,0.761204,0.00894507,0.93765,0.852078,0.833936,1.12763,1.05841,0.316322,1.30633
10,q_low,1667,1.45187,0.0225071,1.56585,1.38798,1.5826,0.767383,1.55854,0.773101,0.744026,0.316234,0.355956,5.69348e-05,0.756705,0.00460518,1.04808,0.905643,0.845069,1.09065,1.0426,0.275206,1.2287
10,q_mid,1666,2.0621,0.0226429,1.47374,1.36703,1.55986,0.778358,1.53825,0.827136,0.743776,0.376405,0.374668,-0.0141927,0.75355,0.0380772,1.00026,0.903649,0.860053,1.06981,1.13402,0.273423,1.24984
10,q_high,1667,2.58331,0.0225557,1.36717,1.37613,1.58689,0.78732,1.5661,0.844813,0.738765,0.440983,0.378838,-0.0246789,0.757484,0.0147286,0.94547,0.910057,0.866951,1.05569,1.1279,0.267924,1.23042
10,q_low_mchirp_low,1241,1.32602,0.0223587,1.63589,1.40064,1.59547,0.760988,1.55351,0.61125,0.741363,0.266308,0.356963,-0.0233042,0.758341,0.0108335,1.1463,0.901647,0.834272,1.07873,0.920737,0.260696,1.13939
10,q_low_mchirp_high,426,1.81849,0.0229395,1.36182,1.35109,1.54509,0.786012,1.5732,-1.00387,0.751589,0.462489,0.351699,0.064159,0.751645,-0.0135342,1.59398,0.918196,0.866777,1.12782,1.21816,0.244517,1.31457
10,q_high_mchirp_low,544,1.82891,0.0239034,1.61262,1.41333,1.57033,0.790937,1.56784,0.692883,0.665633,0.237481,0.362694,-0.00115757,0.757593,0.0321374,0.86301,0.903018,0.874707,1.01129,0.655779,0.201305,0.941035
10,q_high_mchirp_high,1123,2.94875,0.0219029,1.24827,1.35811,1.59492,0.785568,1.56525,0.367694,0.771956,0.53551,0.386749,-0.0363702,0.756917,0.00599914,1.06169,0.909882,0.854749,1.07574,1.11315,0.203018,1.24076
15,full,5000,1.46449,0.014757,0.909119,1.72893,1.57739,0.789727,1.55945,0.916455,0.881015,0.744681,-0.111607,-0.0179715,0.749602,0.0115922,0.978914,0.945788,0.944759,1.11704,1.30223,0.354757,1.43287
15,snr_low,1667,2.09692,0.0163651,0.946301,1.81182,1.62651,0.779084,1.54637,0.829289,0.833791,-1.53201,-0.223973,-0.119073,0.75383,0.018634,0.972404,0.938589,1.41072,0.899537,1.37505,0.4681,1.46276
15,snr_mid,1666,1.29008,0.0137811,1.07355,1.73367,1.57041,0.798816,1.58228,0.948666,0.902414,-1.78411,-0.114651,0.00719555,0.745622,-0.0204466,0.976761,0.953436,1.93045,1.14938,1.23883,0.310428,1.43979
15,snr_high,1667,1.00638,0.0141243,0.707603,1.64129,1.53524,0.791286,1.54971,0.967934,0.906065,-0.408215,0.00311678,0.0498546,0.749299,0.0356074,0.986154,0.94496,1.27712,1.23827,1.27319,0.20362,1.38448
15,mchirp_low,2500,1.29216,0.0157291,0.932005,1.81018,1.58569,0.779534,1.55867,0.726142,0.856781,0.729962,-0.218838,-0.0309928,0.752177,0.0119832,1.09654,0.933937,0.948338,1.03027,1.17176,0.407603,1.3071
15,mchirp_high,2500,1.63682,0.0137849,0.886233,1.64768,1.56908,0.799919,1.56022,0.72271,0.905309,0.759202,-0.00284354,-0.00556681,0.747059,0.0111898,1.02669,0.95753,0.941248,1.19176,1.40118,0.271642,1.44981
15,merger_early,2500,1.43945,0.0132816,0.947023,1.72659,1.55963,0.791044,1.54091,0.919921,0.592597,0.71822,-0.0865099,0.0122672,0.74466,0.0410478,0.987435,0.987452,0.960235,1.1251,1.15269,0.322828,1.36091
15,merger_late,2500,1.48953,0.0162324,0.871216,1.73126,1.59515,0.78841,1.57799,0.913012,0.468194,0.770462,-0.137715,-0.0488419,0.754345,-0.0189209,0.969244,1.08549,0.928703,1.10198,1.14316,0.325662,1.50026
15,q_low,1667,1.57401,0.014012,0.904386,1.78553,1.58082,0.790213,1.5602,0.752538,0.893169,0.745933,-0.20954,-0.00374011,0.746055,-0.00124736,1.08679,0.945234,0.945714,1.12921,1.26971,0.381508,1.41062
15,q_mid,1666,1.31913,0.0147334,0.896381,1.72269,1.58124,0.791488,1.5648,0.91537,0.884055,0.751977,-0.0999876,-0.0351084,0.743227,0.00146698,1.03272,0.945641,0.944331,1.10916,1.30386,0.353812,1.43926
15,q_high,1667,1.50025,0.0155256,0.926584,1.67856,1.57011,0.78748,1.55335,0.927523,0.865418,0.735669,-0.0255966,-0.0158272,0.758889,0.0303304,0.975023,0.945298,0.94442,1.11185,1.33274,0.328093,1.42514
15,q_low_mchirp_low,1241,1.52813,0.0144103,0.911992,1.82366,1.5934,0.784404,1.55845,0.469939,0.887594,0.742386,-0.236314,-0.0271102,0.747271,-0.000676676,1.2058,0.941261,0.938778,1.0936,1.23559,0.404795,1.36734
15,q_low_mchirp_high,426,1.70767,0.0128514,0.882227,1.67445,1.54417,0.807136,1.56529,-0.479504,0.909683,0.756325,-0.127723,0.060383,0.742191,-0.0029237,1.46783,0.956735,0.965585,1.22996,1.3315,0.288586,1.48212
15,q_high_mchirp_low,544,1.08579,0.0183741,0.952133,1.78642,1.56131,0.768054,1.55128,0.84731,0.790243,0.7129,-0.153391,-0.0124309,0.770288,0.0453078,0.950707,0.9022,0.958994,0.931283,1.03978,0.385541,1.21444
15,q_high_mchirp_high,1123,1.70101,0.0141458,0.914208,1.62631,1.57438,0.79689,1.55435,0.707786,0.900147,0.74624,0.0370297,-0.0177138,0.752807,0.0228171,1.04589,0.9631,0.93729,1.18207,1.43137,0.260347,1.42325
20,full,5000,1.44336,0.0149954,0.925497,1.54619,1.59209,0.783199,1.50861,0.91411,0.870772,0.73301,0.153829,-0.0319363,0.75263,0.0633869,1.01689,0.934057,0.968614,0.97297,0.932391,0.518409,0.859094
20,snr_low,1667,2.17634,0.0167099,0.736974,1.68108,1.60421,0.775278,1.50797,0.809998,0.805043,-0.545851,-0.0458723,-0.102163,0.753315,0.0642122,1.02276,0.92424,1.24419,0.942859,0.934316,0.635971,0.645931
20,snr_mid,1666,1.21534,0.0139229,1.11079,1.52227,1.57575,0.780295,1.52682,0.95563,0.903917,-1.9722,0.190773,0.0035473,0.75675,0.0318627,1.02074,0.942366,1.97897,1.02111,0.857771,0.463701,0.881295
20,snr_high,1667,0.938275,0.0143528,0.928836,1.4352,1.5963,0.794022,1.49107,0.972374,0.902284,-1.48776,0.315755,-0.00262982,0.747623,0.0929746,1.00599,0.933727,1.57536,0.94653,0.620925,0.377877,0.995742
20,mchirp_low,2500,1.18782,0.0156672,0.947945,1.63459,1.59454,0.777618,1.50322,0.750166,0.844971,0.720179,0.040701,-0.036649,0.754239,0.0688007,1.07518,0.93373,0.963862,0.964413,0.95876,0.583795,0.720856
20,mchirp_high,2500,1.69891,0.0143236,0.903049,1.45778,1.58964,0.78878,1.51401,0.697135,0.896635,0.745665,0.268601,-0.0277759,0.751036,0.0579454,1.08205,0.933914,0.972919,0.972552,0.881099,0.349074,0.976076
20,merger_early,2500,1.45693,0.01754,0.936303,1.56691,1.57565,0.782093,1.53311,0.913179,0.273617,0.724562,0.139185,-0.0123669,0.748305,0.0463643,1.01029,1.1489,0.972798,0.978607,1.03888,0.474527,0.850356
20,merger_late,2500,1.42979,0.0124508,0.914691,1.52547,1.60852,0.784305,1.48412,0.91502,0.687744,0.74122,0.169042,-0.0519536,0.756774,0.0806124,1.0224,0.918805,0.964452,0.964086,0.752285,0.548825,0.855332
20,q_low,1667,1.27847,0.0146363,0.901073,1.61056,1.62703,0.785187,1.48012,0.808845,0.87648,0.741809,0.0665988,-0.0435726,0.748743,0.0648132,1.10812,0.930679,0.966992,1.00566,0.933104,0.566341,0.80478
20,q_mid,1666,1.4275,0.01513,0.902382,1.5231,1.54157,0.78248,1.48928,0.905087,0.871276,0.750589,0.169131,-0.00226259,0.749522,0.0872449,1.07655,0.937524,0.96866,0.953164,0.933342,0.511044,0.86482
20,q_high,1667,1.6241,0.01522,0.973024,1.50489,1.60764,0.781929,1.55643,0.915501,0.864288,0.705803,0.225558,-0.0498851,0.759108,0.0344926,1.00862,0.933965,0.970647,0.958231,0.921928,0.471067,0.899521
20,q_low_mchirp_low,1241,1.17596,0.0146722,0.907867,1.66694,1.63426,0.789129,1.482,0.632656,0.870557,0.740372,0.0171572,-0.0567215,0.746707,0.0632811,1.19079,0.929757,0.957888,0.999871,0.94673,0.593861,0.751523
20,q_low_mchirp_high,426,1.57712,0.0145316,0.881279,1.44631,1.60594,0.773704,1.47464,-0.423107,0.894009,0.746019,0.219906,-0.00798113,0.754249,0.0692567,1.57654,0.933907,0.992984,1.01699,0.884557,0.405474,0.942795
20,q_high_mchirp_low,544,1.28759,0.0173338,1.03775,1.61113,1.57498,0.757504,1.56731,0.779623,0.796824,0.656045,0.0874765,-0.00352845,0.772327,0.0419622,0.93658,0.927392,0.9664,0.913869,0.984321,0.542131,0.643122
20,q_high_mchirp_high,1123,1.78711,0.014196,0.94167,1.45343,1.62346,0.793761,1.55117,0.673472,0.895387,0.728911,0.293226,-0.0727051,0.752138,0.0307333,1.09935,0.935132,0.972627,0.970119,0.863245,0.326032,0.99938
25,full,5000,1.43122,0.012682,0.936626,1.57948,1.55713,0.777063,1.53953,0.915916,0.903931,0.729544,0.101989,0.00559664,0.755549,0.027768,0.975581,0.956953,0.97549,1.15516,0.876573,0.368275,1.22366
25,snr_low,1667,2.12348,0.0151144,0.874711,1.71803,1.55874,0.774016,1.53679,0.820322,0.84004,-1.21222,-0.0714953,-0.0480095,0.754683,0.0304473,0.942305,0.952133,1.51634,1.18376,1.18364,0.437508,1.09365
25,snr_mid,1666,1.24266,0.0120139,1.07655,1.57176,1.58062,0.778611,1.56273,0.950696,0.926086,-1.81883,0.10942,-0.00243675,0.756961,-0.0098663,0.980029,0.959296,1.97939,1.16833,0.733438,0.319391,1.25476
25,snr_high,1667,0.927408,0.0109175,0.858704,1.44865,1.53206,0.778563,1.51908,0.972957,0.944751,-1.08328,0.267109,0.0625637,0.754839,0.0614712,1.00062,0.959121,1.50009,1.10944,0.642684,0.334441,1.28437
25,mchirp_low,2500,1.15028,0.0138597,0.963363,1.6276,1.54665,0.770865,1.53282,0.771002,0.87872,0.713886,0.0434924,0.0106514,0.755989,0.0343753,1.03077,0.947736,0.980814,1.14473,0.837071,0.353764,1.14135
25,mchirp_high,2500,1.71216,0.0115044,0.909888,1.53136,1.56762,0.783261,1.54623,0.69476,0.929213,0.744992,0.161297,9.21403e-05,0.755105,0.0211287,1.05609,0.966097,0.969382,1.16229,0.875843,0.375237,1.2698
25,merger_early,2500,1.44372,0.0125349,0.948309,1.5856,1.55649,0.787754,1.54534,0.91504,0.591805,0.719689,0.106763,0.0170137,0.745722,0.0315194,0.969841,1.06853,0.977492,1.13681,0.853442,0.286942,1.10251
25,merger_late,2500,1.41872,0.0128292,0.924943,1.57337,1.55777,0.766372,1.53371,0.916772,0.644691,0.739128,0.0970132,-0.00612278,0.765033,0.0236529,0.980332,1.06209,0.973581,1.17323,0.898461,0.432805,1.29753
25,q_low,1667,1.28183,0.0122636,0.909116,1.64911,1.56604,0.79771,1.51684,0.815726,0.915207,0.741846,0.0078025,0.0135592,0.74238,0.033929,1.05485,0.957024,0.971017,1.189,0.86884,0.360865,1.19321
25,q_mid,1666,1.34996,0.0126376,0.906656,1.54938,1.55197,0.768794,1.54112,0.912656,0.906853,0.747963,0.132378,-0.0045998,0.755442,0.0295057,1.02226,0.956735,0.972073,1.14305,0.878299,0.370489,1.21399
25,q_high,1667,1.66182,0.0131449,0.994087,1.53994,1.55338,0.76468,1.56063,0.913156,0.889376,0.697918,0.165742,0.00725163,0.768007,0.0160913,0.975432,0.956899,0.983856,1.13203,0.866265,0.373089,1.25287
25,q_low_mchirp_low,1241,1.18381,0.0124174,0.919711,1.66731,1.56896,0.796794,1.5244,0.653854,0.911737,0.738378,0.00495113,-0.00108331,0.741635,0.0263277,1.13675,0.950301,0.964714,1.18133,0.845817,0.35697,1.18334
25,q_low_mchirp_high,426,1.56737,0.0118158,0.878251,1.59609,1.55754,0.800377,1.49482,-0.424937,0.925457,0.752008,0.0150402,0.053372,0.74416,0.0560327,1.51142,0.976696,0.988299,1.21126,0.891023,0.363434,1.21397
25,q_high_mchirp_low,544,1.2196,0.0166609,1.03617,1.61729,1.51835,0.748755,1.55321,0.793772,0.811367,0.662994,0.0766837,0.0536745,0.775121,0.0453936,0.895399,0.929359,1.00638,1.0874,0.825091,0.34246,1.0702
25,q_high_mchirp_high,1123,1.87604,0.0114417,0.973701,1.50248,1.57035,0.772395,1.56422,0.65764,0.925546,0.714135,0.209385,-0.0155875,0.764039,0.00141522,1.08062,0.968612,0.973201,1.14765,0.862863,0.380322,1.29529
30,full,5000,1.4409,0.0126764,0.9577,1.49112,1.56589,0.77762,1.53243,0.915423,0.90038,0.715455,0.212383,-0.00724104,0.755435,0.0418101,0.994514,0.982329,1.00999,1.06567,1.03967,0.496881,1.05777
30,snr_low,1667,2.1249,0.0154858,0.905546,1.60372,1.5738,0.762666,1.51909,0.820647,0.828026,-1.32593,0.0746855,-0.0691443,0.760337,0.0518027,0.961472,0.97939,1.58961,1.05156,1.24837,0.565551,1.02578
30,snr_mid,1666,1.2577,0.0118841,1.1203,1.46019,1.58119,0.781511,1.54298,0.949542,0.924006,-2.07154,0.246792,-0.00444521,0.756743,0.014448,1.0008,0.984754,2.05612,1.0904,0.91969,0.45312,1.07057
30,snr_high,1667,0.939992,0.0106587,0.847353,1.40942,1.54268,0.788685,1.53523,0.972361,0.948093,-1.08584,0.315167,0.0466622,0.749091,0.0584159,1.01825,0.983046,1.54701,1.04895,0.933397,0.465219,1.07484
30,mchirp_low,2500,1.20421,0.0138856,0.987539,1.54217,1.54447,0.777761,1.51442,0.737847,0.872928,0.698345,0.155165,0.00859021,0.753824,0.0572245,1.06423,0.977105,1.01426,1.05201,1.05601,0.529751,1.0666
30,mchirp_high,2500,1.6776,0.0114671,0.927861,1.44006,1.5873,0.77748,1.55045,0.710821,0.927909,0.732336,0.270403,-0.0234359,0.757008,0.0263344,1.05917,0.987592,1.00541,1.07548,1.02063,0.460689,1.04866
30,merger_early,2500,1.4505,0.0125047,0.971441,1.51194,1.56637,0.780724,1.55525,0.917349,0.588806,0.705611,0.202354,0.00452995,0.750209,0.0322508,0.999837,1.08725,1.01526,1.02913,1.05901,0.496394,1.06005
30,merger_late,2500,1.4313,0.012848,0.943959,1.47029,1.5654,0.774516,1.50961,0.913506,0.620254,0.725024,0.222799,-0.0193219,0.760453,0.0513664,0.988962,1.09577,1.00488,1.10237,1.01882,0.497317,1.05306
30,q_low,1667,1.35301,0.0125654,0.938207,1.5453,1.56833,0.788255,1.51412,0.801107,0.906172,0.725437,0.144328,0.00817818,0.747361,0.0440181,1.08883,0.985633,1.00948,1.09691,1.04096,0.513705,1.07563
30,q_mid,1666,1.36004,0.0125451,0.926793,1.45655,1.5559,0.775613,1.51718,0.914172,0.904195,0.736711,0.244604,-0.0114657,0.751725,0.0613049,1.04652,0.980044,1.00329,1.04724,1.03213,0.494585,1.04499
30,q_high,1667,1.60962,0.0129185,1.00808,1.47147,1.57342,0.768992,1.56599,0.914578,0.890522,0.683267,0.248298,-0.0191185,0.766488,0.0164034,0.989928,0.980734,1.01784,1.05196,1.04434,0.481729,1.05427
30,q_low_mchirp_low,1241,1.24632,0.0126,0.951882,1.58155,1.56943,0.79013,1.52089,0.618418,0.9042,0.720251,0.12373,0.000325272,0.744974,0.038514,1.16703,0.981073,1.00481,1.09475,1.04923,0.52367,1.08556
30,q_low_mchirp_high,426,1.66382,0.0124646,0.898371,1.43973,1.56513,0.782791,1.49437,-0.484904,0.911923,0.740629,0.207399,0.0290599,0.753875,0.0600194,1.49655,0.998714,1.02278,1.10232,1.00873,0.483385,1.04621
30,q_high_mchirp_low,544,1.27701,0.0162262,1.06488,1.57064,1.52646,0.760925,1.52688,0.742518,0.813049,0.640389,0.143644,0.0284177,0.772341,0.059466,0.936117,0.960573,1.03202,1.00365,1.07688,0.535223,1.05618
30,q_high_mchirp_high,1123,1.77074,0.0113161,0.980567,1.42344,1.59616,0.772899,1.58493,0.681499,0.926445,0.703178,0.299585,-0.042506,0.763132,-0.00515282,1.09152,0.989164,1.00872,1.06912,1.02798,0.452185,1.05332
35,full,5000,1.47395,0.0128004,0.960883,1.54994,1.57318,0.786348,1.52966,0.913935,0.895657,0.713882,0.144785,-0.0115032,0.750885,0.0399401,0.998453,0.982001,0.996369,1.11177,0.976887,0.511004,1.0985
35,snr_low,1667,2.13777,0.015787,0.905611,1.6584,1.59617,0.781112,1.5153,0.823629,0.817348,-1.3328,0.0066431,-0.088516,0.751833,0.0479229,0.964527,0.975722,1.57276,1.11972,1.15443,0.604325,1.0378
35,snr_mid,1666,1.3124,0.0120783,1.10103,1.53615,1.57851,0.78455,1.55305,0.944924,0.919468,-1.9792,0.160702,0.000368571,0.754279,0.00913072,1.00483,0.986762,2.02316,1.12871,0.879798,0.468706,1.11114
35,snr_high,1667,0.971567,0.0105353,0.876092,1.45527,1.54485,0.793382,1.52065,0.969797,0.949078,-1.21421,0.266345,0.0473207,0.746355,0.0618507,1.02292,0.983595,1.57556,1.07933,0.805173,0.444727,1.14216
35,mchirp_low,2500,1.23817,0.014107,0.991628,1.59782,1.56034,0.781358,1.51673,0.724915,0.865615,0.696588,0.0849213,-0.00602781,0.751895,0.0497847,1.03867,0.975794,0.99821,1.12311,1.00533,0.531278,1.10766
35,mchirp_high,2500,1.70972,0.0114937,0.930137,1.50206,1.58601,0.791338,1.54259,0.710401,0.925786,0.730945,0.205483,-0.0174331,0.749881,0.0300527,1.07735,0.988032,0.993953,1.09843,0.946219,0.48954,1.08538
35,merger_early,2500,1.46664,0.0129103,0.977506,1.56486,1.5742,0.788874,1.55487,0.916547,0.549774,0.702353,0.143373,-0.000219491,0.746024,0.0308442,0.993625,1.11976,1.00071,1.07491,1.00818,0.490101,1.1019
35,merger_late,2500,1.48125,0.0126905,0.94426,1.53502,1.57216,0.783822,1.50445,0.911338,0.620514,0.725097,0.14624,-0.0230887,0.755548,0.0490199,1.00277,1.07363,0.992168,1.14872,0.936953,0.530068,1.09402
35,q_low,1667,1.4079,0.0127612,0.94001,1.61113,1.58641,0.801835,1.51057,0.792471,0.901734,0.724984,0.0632815,-0.0076837,0.74063,0.0366144,1.08015,0.981543,0.99639,1.14702,0.979972,0.524173,1.12791
35,q_mid,1666,1.39798,0.012632,0.932067,1.51696,1.55642,0.786838,1.52462,0.909247,0.901371,0.734366,0.174973,-0.00952867,0.74502,0.051649,1.05093,0.981096,0.988083,1.09204,0.969588,0.50775,1.08247
35,q_high,1667,1.61591,0.0130078,1.01055,1.52172,1.57669,0.770372,1.55381,0.916396,0.883597,0.681346,0.196101,-0.0177099,0.76608,0.0277127,0.993182,0.982914,1.00528,1.09527,0.979778,0.500907,1.08656
35,q_low_mchirp_low,1241,1.30086,0.0129027,0.955585,1.6388,1.58185,0.798246,1.51283,0.597457,0.898402,0.719069,0.0533786,-0.0115517,0.741002,0.0348168,1.1457,0.97631,0.989369,1.15361,0.99303,0.53151,1.13801
35,q_low_mchirp_high,426,1.71972,0.0123488,0.894636,1.53054,1.5997,0.812289,1.50396,-0.520156,0.91155,0.742311,0.0927065,0.00207415,0.739188,0.0418302,1.50765,0.997031,1.01646,1.12675,0.942578,0.502656,1.09705
35,q_high_mchirp_low,544,1.29471,0.0165427,1.06806,1.61248,1.53681,0.751549,1.52412,0.733294,0.798007,0.637149,0.0920918,0.0172383,0.778419,0.0650202,0.906709,0.963748,1.01531,1.0961,1.02869,0.530428,1.07299
35,q_high_mchirp_high,1123,1.77151,0.0112955,0.9827,1.47775,1.59601,0.77949,1.56818,0.693192,0.923305,0.70187,0.247071,-0.0349656,0.759555,0.00903429,1.10427,0.990114,0.997474,1.09258,0.952415,0.483918,1.08737
40,full,5000,1.46498,0.0127457,0.962662,1.53493,1.56095,0.782318,1.53604,0.912953,0.898144,0.712332,0.151024,0.00224882,0.752834,0.0329177,0.997531,0.97958,0.996182,1.11934,1.04201,0.506853,1.04768
40,snr_low,1667,2.16601,0.0156546,0.878788,1.64708,1.57758,0.76778,1.52715,0.81655,0.823771,-1.19502,0.0163105,-0.0674009,0.756764,0.034851,0.967086,0.970421,1.54158,1.10729,1.21696,0.571213,1.01122
40,snr_mid,1666,1.28708,0.0119668,1.11594,1.50706,1.56007,0.781746,1.56436,0.946568,0.921352,-2.05732,0.183111,0.0173514,0.7564,-0.00393946,1.00272,0.983475,2.04259,1.14196,0.941079,0.472765,1.0685
40,snr_high,1667,0.941752,0.0106152,0.893352,1.45061,1.5452,0.797428,1.51664,0.972022,0.948276,-1.31027,0.253143,0.0511294,0.745164,0.066595,1.01995,0.984964,1.57272,1.10211,0.946227,0.468889,1.06157
40,mchirp_low,2500,1.22372,0.0141173,0.993947,1.58284,1.5357,0.78367,1.50867,0.726238,0.868483,0.694873,0.0915491,0.0153861,0.749776,0.0559313,1.05602,0.968687,0.997734,1.13409,1.04374,0.504621,1.03976
40,mchirp_high,2500,1.70625,0.011374,0.931377,1.48701,1.5862,0.780966,1.56341,0.704589,0.927891,0.729559,0.21133,-0.0112705,0.755831,0.00981719,1.07357,0.990382,0.994135,1.10268,1.03918,0.506532,1.05557
40,merger_early,2500,1.46422,0.0126808,0.975565,1.54308,1.56814,0.784671,1.56224,0.91517,0.564206,0.703248,0.156069,0.00368792,0.748709,0.0192087,0.999359,1.0971,1.00037,1.08857,1.0651,0.498625,1.02703
40,merger_late,2500,1.46574,0.0128105,0.949759,1.52677,1.55376,0.779965,1.50984,0.910746,0.626098,0.721161,0.145768,0.000680243,0.756785,0.0467326,0.995504,1.08575,0.992123,1.1501,1.01286,0.514678,1.06616
40,q_low,1667,1.38759,0.0126642,0.940965,1.59078,1.57197,0.796239,1.5157,0.794156,0.904796,0.724081,0.073839,0.00211101,0.740989,0.0346041,1.08435,0.979077,0.995896,1.16566,1.03085,0.513035,1.0675
40,q_mid,1666,1.39258,0.0126237,0.930891,1.50248,1.54074,0.782101,1.53105,0.908817,0.901521,0.73436,0.183012,0.0153521,0.749532,0.0459449,1.05048,0.977874,0.988761,1.09739,1.04355,0.500429,1.02847
40,q_high,1667,1.61473,0.0129491,1.01611,1.5115,1.57012,0.768614,1.56137,0.914112,0.887844,0.677557,0.196263,-0.0109639,0.767091,0.0144243,0.992502,0.981378,1.00452,1.0933,1.05144,0.506135,1.0485
40,q_low_mchirp_low,1241,1.2751,0.0128238,0.956371,1.61636,1.57036,0.796715,1.51373,0.601241,0.902642,0.718126,0.0649958,-0.00422791,0.739,0.0359833,1.16147,0.972213,0.989813,1.1723,1.03747,0.512317,1.06927
40,q_low_mchirp_high,426,1.7153,0.0121992,0.896086,1.51625,1.57665,0.79485,1.52142,-0.511243,0.911093,0.741525,0.0999622,0.0187664,0.746349,0.0305755,1.50818,0.999033,1.01322,1.14544,1.00747,0.514863,1.06212
40,q_high_mchirp_low,544,1.27872,0.0165128,1.07583,1.60613,1.51889,0.762164,1.501,0.736874,0.803235,0.62954,0.0850496,0.0393854,0.772541,0.0814562,0.926585,0.955157,1.01268,1.09532,1.05914,0.501477,1.01197
40,q_high_mchirp_high,1123,1.7775,0.0112227,0.987181,1.46566,1.59494,0.771739,1.59062,0.681179,0.927111,0.699856,0.250764,-0.0357198,0.763934,-0.0191164,1.10088,0.992469,0.997973,1.08982,1.04771,0.504671,1.06594
45,full,5000,1.47228,0.0126912,0.964724,1.53438,1.55428,0.781253,1.53819,0.91285,0.898387,0.711057,0.15557,0.00722924,0.753738,0.0304883,0.996882,0.974149,0.999351,1.09603,1.02278,0.512277,1.02526
45,snr_low,1667,2.16872,0.0156102,0.884687,1.64273,1.56658,0.772838,1.53459,0.817343,0.824129,-1.22628,0.0233116,-0.0524373,0.75463,0.0224498,0.96518,0.9683,1.55363,1.06544,1.19651,0.565017,0.994717
45,snr_mid,1666,1.29612,0.0119415,1.1202,1.50917,1.55886,0.779543,1.56,0.946168,0.920837,-2.0784,0.186173,0.0161694,0.757451,0.00362903,1.00158,0.977643,2.04944,1.12461,0.926084,0.480731,1.04225
45,snr_high,1667,0.951905,0.0105215,0.889376,1.45123,1.5374,0.791377,1.52,0.971355,0.949172,-1.29182,0.256718,0.0530224,0.74894,0.0641825,1.02072,0.976673,1.57387,1.08961,0.93228,0.482649,1.03772
45,mchirp_low,2500,1.23394,0.0140787,0.996917,1.57725,1.53051,0.782959,1.51297,0.72215,0.868267,0.693076,0.103601,0.0211821,0.749901,0.0517047,1.05953,0.961506,1.00052,1.10783,1.02874,0.513036,1.03731
45,mchirp_high,2500,1.71063,0.0113037,0.932531,1.4915,1.57805,0.779547,1.56342,0.706356,0.928596,0.728799,0.208256,-0.00709616,0.757499,0.00919104,1.07136,0.986641,0.997663,1.08262,1.0167,0.510742,1.013
45,merger_early,2500,1.47287,0.0125491,0.978887,1.5459,1.56445,0.782444,1.56629,0.914824,0.575896,0.701083,0.158599,0.0068692,0.750132,0.0167961,0.998371,1.08745,1.00435,1.06091,1.04127,0.500699,1.01705
45,merger_late,2500,1.4717,0.0128334,0.950561,1.52285,1.54411,0.780062,1.51009,0.910885,0.617039,0.720754,0.152409,0.00749157,0.757184,0.0442853,0.995144,1.08968,0.994504,1.13122,1.00212,0.522808,1.03327
45,q_low,1667,1.41003,0.0126116,0.944128,1.59045,1.56866,0.796046,1.51776,0.790799,0.90505,0.722434,0.0785552,0.0077882,0.742232,0.033451,1.0836,0.973205,0.999114,1.13726,1.01231,0.521539,1.04997
45,q_mid,1666,1.39063,0.0126116,0.932974,1.49665,1.53468,0.777423,1.52711,0.908655,0.901095,0.733064,0.192906,0.0189034,0.752114,0.0468887,1.04995,0.972036,0.991931,1.0739,1.02483,0.506281,1.00335
45,q_high,1667,1.61614,0.0128504,1.01705,1.51601,1.55947,0.770287,1.5697,0.914779,0.88875,0.676681,0.195355,-0.00527375,0.766061,0.00737397,0.991948,0.97687,1.00765,1.07559,1.03079,0.508662,1.02354
45,q_low_mchirp_low,1241,1.29992,0.0127637,0.960007,1.6127,1.57124,0.798555,1.51667,0.591928,0.903159,0.715981,0.0750213,-0.000111039,0.738665,0.0353428,1.1644,0.966033,0.992881,1.14596,1.02004,0.521089,1.05927
45,q_low_mchirp_high,426,1.7308,0.0121685,0.897868,1.52564,1.56116,0.788739,1.52093,-0.517188,0.910557,0.741337,0.0880522,0.0287987,0.752137,0.027931,1.49962,0.994085,1.01689,1.11056,0.986795,0.523042,1.02227
45,q_high_mchirp_low,544,1.27461,0.0165216,1.07833,1.60834,1.5069,0.767456,1.52045,0.735567,0.801801,0.628577,0.0870596,0.0435822,0.767545,0.0583019,0.929886,0.948059,1.01448,1.0708,1.04895,0.510211,1.02763
45,q_high_mchirp_high,1123,1.78159,0.0110721,0.987368,1.47129,1.58494,0.771658,1.59356,0.684773,0.929119,0.699021,0.248426,-0.0293009,0.764839,-0.0181151,1.09856,0.98905,1.0016,1.07562,1.02179,0.506967,1.02151
50,full,5000,1.46947,0.012721,0.962351,1.52742,1.55196,0.78305,1.53903,0.913016,0.897773,0.712575,0.162883,0.0104242,0.753021,0.0295968,0.995158,0.979868,0.998457,1.10265,1.01566,0.507552,1.03745
50,snr_low,1667,2.17079,0.0156636,0.910335,1.62578,1.56452,0.772672,1.53449,0.817033,0.822537,-1.36097,0.045654,-0.0490121,0.754649,0.0226233,0.963768,0.972124,1.58019,1.08526,1.17804,0.557681,1.00722
50,snr_mid,1666,1.29242,0.0119465,1.11654,1.50448,1.55573,0.781979,1.55734,0.946498,0.920812,-2.05524,0.18904,0.0183434,0.756943,0.00577135,1.00003,0.983892,2.04601,1.1273,0.920375,0.476344,1.05248
50,snr_high,1667,0.945088,0.0105525,0.860265,1.45199,1.53564,0.794497,1.52528,0.971815,0.94893,-1.14383,0.253494,0.0570132,0.747279,0.0593077,1.01867,0.98374,1.54838,1.08932,0.935251,0.480401,1.05134
50,mchirp_low,2500,1.23002,0.0141017,0.992494,1.56808,1.53187,0.78659,1.51249,0.724036,0.867632,0.695919,0.112664,0.0215858,0.748369,0.0519206,1.05444,0.967665,1.00063,1.11482,1.01662,0.507813,1.04741
50,mchirp_high,2500,1.70892,0.0113404,0.932208,1.48676,1.57206,0.779509,1.56557,0.706154,0.928001,0.729006,0.213793,-0.00113243,0.757585,0.00718837,1.07043,0.991931,0.995804,1.08912,1.01485,0.506339,1.02724
50,merger_early,2500,1.46964,0.0126378,0.977143,1.54214,1.55875,0.785098,1.56747,0.915044,0.568434,0.702193,0.16254,0.0134368,0.74873,0.0150092,0.997337,1.0978,1.00367,1.06793,1.03126,0.498217,1.03085
50,merger_late,2500,1.4693,0.0128042,0.947558,1.5127,1.54518,0.781002,1.51059,0.910997,0.619301,0.72267,0.163227,0.00725561,0.757133,0.0443129,0.992728,1.0902,0.993399,1.1374,0.997811,0.516153,1.04375
50,q_low,1667,1.39156,0.0126625,0.943643,1.58449,1.5657,0.796255,1.52162,0.794574,0.903721,0.722701,0.0830384,0.0112689,0.742042,0.0292852,1.08119,0.979453,0.999092,1.14508,1.003,0.515895,1.06242
50,q_mid,1666,1.3902,0.0126076,0.931611,1.49371,1.53092,0.780834,1.52811,0.909251,0.901905,0.733755,0.196272,0.0241158,0.750774,0.046056,1.04769,0.97746,0.990044,1.08046,1.01673,0.500372,1.01756
50,q_high,1667,1.6266,0.012893,1.01178,1.50404,1.55926,0.772059,1.56736,0.913885,0.887434,0.680314,0.209387,-0.00437123,0.76544,0.00963837,0.990295,0.982346,1.00687,1.08099,1.0268,0.505962,1.03326
50,q_low_mchirp_low,1241,1.27897,0.0128252,0.959041,1.60252,1.56799,0.798802,1.5196,0.60125,0.901493,0.716449,0.0837652,0.00394709,0.738654,0.0324914,1.15934,0.97258,0.993094,1.15305,1.00888,0.515831,1.07079
50,q_low_mchirp_high,426,1.71953,0.0121886,0.898787,1.53197,1.55902,0.788835,1.5275,-0.50284,0.910235,0.741019,0.0791942,0.0306733,0.75143,0.0199405,1.50128,0.999478,1.01618,1.12076,0.984766,0.516415,1.03697
50,q_high_mchirp_low,544,1.28983,0.0165419,1.06465,1.58905,1.51088,0.773396,1.51449,0.732858,0.80012,0.6396,0.111025,0.0419626,0.765037,0.0628017,0.925495,0.953784,1.01601,1.07259,1.03711,0.503672,1.03373
50,q_high_mchirp_high,1123,1.78974,0.0111254,0.986168,1.46286,1.5827,0.771411,1.59298,0.681446,0.92797,0.69922,0.25759,-0.0271696,0.765139,-0.0169683,1.09815,0.994423,0.99982,1.08276,1.02152,0.505026,1.033
55,full,5000,1.47485,0.0127182,0.964975,1.52714,1.55387,0.782938,1.5403,0.912575,0.897835,0.710862,0.164049,0.00886167,0.752998,0.0284985,0.997865,0.977408,1.00021,1.09835,1.01348,0.509133,1.04307
55,snr_low,1667,2.1724,0.0156658,0.889379,1.62932,1.56626,0.773407,1.53671,0.816968,0.822887,-1.24878,0.040991,-0.0506825,0.754281,0.0205634,0.966429,0.970053,1.56193,1.07532,1.17601,0.557376,1.01581
55,snr_mid,1666,1.29903,0.011948,1.11924,1.50105,1.55576,0.782195,1.55793,0.945829,0.920519,-2.07679,0.195491,0.0185593,0.756596,0.00501005,1.00264,0.981364,2.04919,1.12275,0.919642,0.478276,1.05694
55,snr_high,1667,0.953005,0.0105403,0.886403,1.45103,1.5396,0.793211,1.52628,0.971246,0.949066,-1.27661,0.255217,0.0537958,0.747927,0.0588196,1.02156,0.980962,1.57224,1.08991,0.929525,0.484123,1.0557
55,mchirp_low,2500,1.23712,0.0140989,0.996968,1.56584,1.53469,0.786141,1.51369,0.719781,0.86762,0.692954,0.116393,0.0186013,0.74866,0.0506616,1.05779,0.965727,1.00204,1.1105,1.00947,0.50675,1.05687
55,mchirp_high,2500,1.71257,0.0113376,0.932982,1.48844,1.57306,0.779734,1.56691,0.706266,0.928138,0.728531,0.212358,-0.00128591,0.757253,0.00625126,1.07433,0.988987,0.997867,1.08484,1.0176,0.51067,1.02905
55,merger_early,2500,1.47525,0.0125657,0.978934,1.5418,1.56063,0.784278,1.56842,0.914551,0.574743,0.701042,0.163574,0.0113592,0.749335,0.0148021,0.999626,1.09094,1.00507,1.06211,1.02739,0.49657,1.03618
55,merger_late,2500,1.47444,0.0128708,0.951016,1.51247,1.54711,0.781597,1.51218,0.910607,0.613882,0.720408,0.164532,0.00621703,0.756499,0.0422992,0.995844,1.09267,0.995503,1.13464,0.997782,0.520559,1.04946
55,q_low,1667,1.40888,0.012641,0.944475,1.58151,1.56704,0.797632,1.52503,0.790065,0.904343,0.722316,0.0880679,0.00900859,0.741436,0.0261579,1.08356,0.977279,1.00052,1.1424,0.996962,0.51545,1.07016
55,q_mid,1666,1.39365,0.0126074,0.933147,1.48811,1.53195,0.779225,1.52974,0.908839,0.901667,0.732792,0.204534,0.0242102,0.751144,0.0448231,1.05048,0.975024,0.991999,1.07575,1.01538,0.502479,1.02207
55,q_high,1667,1.62196,0.0129062,1.01728,1.51177,1.56262,0.771954,1.56613,0.914235,0.887228,0.676483,0.199695,-0.00686735,0.765596,0.0106639,0.993179,0.979557,1.00875,1.07539,1.02691,0.508867,1.03819
55,q_low_mchirp_low,1241,1.29579,0.0127943,0.960992,1.60227,1.56931,0.800053,1.52224,0.591699,0.902371,0.715702,0.0855853,0.00135801,0.737991,0.0294771,1.16228,0.970522,0.994618,1.15185,1.00148,0.514677,1.08032
55,q_low_mchirp_high,426,1.73833,0.0121945,0.896358,1.52103,1.56043,0.79058,1.53316,-0.530522,0.910091,0.741691,0.0942875,0.0293272,0.750988,0.0164841,1.50553,0.996904,1.01732,1.11325,0.981558,0.518032,1.03987
55,q_high_mchirp_low,544,1.28784,0.0165819,1.07704,1.59644,1.51296,0.772262,1.5121,0.729362,0.798648,0.628871,0.100121,0.03983,0.76575,0.0652978,0.929742,0.952071,1.01657,1.06628,1.02999,0.503496,1.0447
55,q_high_mchirp_high,1123,1.78382,0.0111256,0.988339,1.47075,1.58667,0.771805,1.59231,0.684272,0.928357,0.698594,0.248491,-0.0298434,0.765024,-0.0166781,1.10218,0.991262,1.00223,1.07754,1.02503,0.509747,1.03479
60,full,5000,1.47189,0.012731,0.964087,1.53092,1.55272,0.781289,1.54079,0.912855,0.897654,0.711608,0.159361,0.00952937,0.753422,0.0278336,0.99557,0.978099,1.00038,1.09978,1.01488,0.504865,1.05417
60,snr_low,1667,2.17331,0.0156853,0.903001,1.63092,1.56679,0.771877,1.53786,0.816889,0.822707,-1.31935,0.0394122,-0.0517014,0.754905,0.0194696,0.964247,0.970623,1.57681,1.07771,1.17921,0.56009,1.02339
60,snr_mid,1666,1.29511,0.0119435,1.11827,1.50777,1.5547,0.779382,1.5588,0.946284,0.920463,-2.06714,0.186717,0.0198879,0.757552,0.00389806,1.00038,0.982031,2.04906,1.12427,0.924133,0.471911,1.06931
60,snr_high,1667,0.947145,0.0105637,0.871082,1.45406,1.53667,0.792606,1.52571,0.971692,0.948758,-1.19783,0.251489,0.0553603,0.747612,0.0590065,1.0191,0.981802,1.56024,1.09078,0.928249,0.473337,1.06872
60,mchirp_low,2500,1.23217,0.0141045,0.995284,1.57204,1.53183,0.782381,1.5153,0.72283,0.867626,0.69436,0.108648,0.0205406,0.750165,0.0484562,1.05409,0.966258,1.00226,1.11523,1.01712,0.50376,1.06538
60,mchirp_high,2500,1.71161,0.0113575,0.93289,1.4898,1.57361,0.780197,1.56628,0.705997,0.92777,0.728624,0.210773,-0.0018785,0.756613,0.00713205,1.07314,0.989829,0.99803,1.08306,1.01278,0.505554,1.0428
60,merger_early,2500,1.47224,0.0125529,0.978587,1.5444,1.55825,0.782796,1.56815,0.914823,0.575734,0.701504,0.160965,0.0131566,0.749445,0.0144768,0.997127,1.08973,1.00487,1.06455,1.03335,0.494403,1.0442
60,merger_late,2500,1.47154,0.0129091,0.949587,1.51744,1.54719,0.779782,1.51342,0.910894,0.611568,0.72143,0.157683,0.00573543,0.757228,0.0412854,0.993748,1.09487,0.996028,1.13507,0.994215,0.514567,1.06368
60,q_low,1667,1.39458,0.0126485,0.944356,1.58517,1.56732,0.79619,1.52619,0.793773,0.904065,0.72242,0.0831175,0.0085976,0.741747,0.0244595,1.08025,0.977923,1.00086,1.14457,0.999901,0.509864,1.08001
60,q_mid,1666,1.39157,0.0126161,0.932774,1.49418,1.53069,0.777104,1.53104,0.909292,0.901562,0.733206,0.1963,0.025039,0.752111,0.0433027,1.0478,0.975644,0.991972,1.07656,1.0177,0.498778,1.03372
60,q_high,1667,1.62947,0.0129284,1.01511,1.51339,1.56013,0.77057,1.56512,0.913694,0.887068,0.678222,0.198771,-0.00525967,0.765607,0.0118634,0.991163,0.980362,1.00894,1.07662,1.02606,0.505214,1.05017
60,q_low_mchirp_low,1241,1.28242,0.0128,0.960404,1.6073,1.56855,0.797376,1.52328,0.598994,0.902199,0.716046,0.0790074,0.0013342,0.738978,0.0279061,1.15888,0.9711,0.99492,1.15406,1.00658,0.508477,1.08914
60,q_low_mchirp_high,426,1.72134,0.0122071,0.897603,1.52067,1.56373,0.792734,1.53469,-0.504033,0.909498,0.741091,0.0944276,0.0278366,0.749354,0.0144148,1.50165,0.997747,1.01779,1.11527,0.979502,0.514188,1.05299
60,q_high_mchirp_low,544,1.2915,0.0165987,1.07118,1.60002,1.50879,0.767742,1.51371,0.731075,0.798766,0.634516,0.0982257,0.0418664,0.767384,0.06346,0.925721,0.952587,1.01699,1.07494,1.03923,0.505794,1.05119
60,q_high_mchirp_high,1123,1.79319,0.0111504,0.987956,1.47142,1.585,0.77194,1.59002,0.681138,0.928067,0.698518,0.248043,-0.0284442,0.764241,-0.0139599,1.10139,0.992171,1.00242,1.07556,1.01954,0.504068,1.04944
65,full,5000,1.47269,0.0127198,0.963855,1.52954,1.55218,0.782444,1.54038,0.912808,0.897744,0.711693,0.161075,0.0105771,0.752998,0.0278672,0.996192,0.97926,1.00056,1.09886,1.0193,0.510803,1.04613
65,snr_low,1667,2.17379,0.0156706,0.903981,1.62862,1.5664,0.773038,1.53827,0.816925,0.822486,-1.32615,0.0420485,-0.0506436,0.754112,0.018561,0.965016,0.971852,1.57715,1.07533,1.18022,0.559626,1.0173
65,snr_mid,1666,1.2957,0.0119468,1.11966,1.50658,1.55305,0.781434,1.55811,0.946203,0.920638,-2.07258,0.188431,0.0211231,0.756803,0.00424285,1.00099,0.98321,2.0508,1.12392,0.927003,0.479046,1.06146
65,snr_high,1667,0.948465,0.0105417,0.868019,1.45339,1.53708,0.79286,1.52475,0.971601,0.949071,-1.18341,0.252285,0.056214,0.747887,0.0596569,1.01965,0.982878,1.55747,1.09058,0.938553,0.485239,1.05864
65,mchirp_low,2500,1.23505,0.0140987,0.994807,1.57126,1.53231,0.784741,1.51403,0.720787,0.867664,0.694533,0.109265,0.0207722,0.749188,0.0497917,1.05561,0.967645,1.00221,1.11447,1.01911,0.509199,1.0583
65,mchirp_high,2500,1.71032,0.011341,0.932904,1.48782,1.57204,0.780147,1.56672,0.706902,0.927912,0.728623,0.213599,-2.11875e-05,0.756734,0.00585942,1.07267,0.990758,0.998382,1.08196,1.01956,0.511828,1.03378
65,merger_early,2500,1.47356,0.0125945,0.9784,1.54284,1.55866,0.783842,1.56813,0.914733,0.573063,0.701577,0.163065,0.0134018,0.749256,0.0140433,0.998053,1.09367,1.00525,1.0627,1.03529,0.499029,1.03855
65,merger_late,2500,1.47181,0.0128452,0.94931,1.51623,1.5457,0.781047,1.51262,0.91089,0.614756,0.721529,0.158994,0.00759979,0.756577,0.0417987,0.994073,1.09352,0.996025,1.1351,1.00127,0.52177,1.05325
65,q_low,1667,1.39916,0.0126473,0.944047,1.58551,1.56462,0.796269,1.52421,0.79231,0.904009,0.722445,0.0828022,0.0118335,0.74194,0.0266422,1.08179,0.979216,1.00094,1.14417,1.00438,0.516407,1.07263
65,q_mid,1666,1.39203,0.0126103,0.932782,1.49122,1.53174,0.779074,1.53011,0.909225,0.901732,0.733297,0.200054,0.0240946,0.750786,0.0431657,1.04867,0.976831,0.992186,1.07685,1.02134,0.505684,1.02562
65,q_high,1667,1.62682,0.0129017,1.01472,1.51186,1.56016,0.771987,1.5668,0.913978,0.887228,0.678365,0.20049,-0.00446504,0.76546,0.00995482,0.991501,0.981376,1.0092,1.07396,1.03103,0.509954,1.04148
65,q_low_mchirp_low,1241,1.28705,0.0128002,0.959925,1.60695,1.56699,0.798043,1.52096,0.595533,0.902102,0.716164,0.0793516,0.00405423,0.738862,0.0306939,1.16066,0.972392,0.994891,1.1543,1.01042,0.515723,1.08201
65,q_low_mchirp_high,426,1.72576,0.0122021,0.897793,1.52304,1.55773,0.791102,1.53369,-0.510603,0.909561,0.740843,0.0920454,0.0325136,0.750438,0.0148371,1.50183,0.999062,1.01815,1.11279,0.98557,0.51874,1.0446
65,q_high_mchirp_low,544,1.29272,0.0165788,1.07038,1.6024,1.51008,0.771559,1.51618,0.729262,0.798969,0.634986,0.0943416,0.041155,0.76614,0.0609706,0.927096,0.954127,1.01694,1.07255,1.03944,0.508112,1.04489
65,q_high_mchirp_high,1123,1.78866,0.0111205,0.987754,1.468,1.58441,0.772194,1.59132,0.683086,0.928207,0.698509,0.252509,-0.0269158,0.76463,-0.0155781,1.10072,0.992886,1.00271,1.07277,1.02676,0.509795,1.03959
70,full,5000,1.47296,0.0127222,0.964067,1.53047,1.55264,0.782578,1.54035,0.912765,0.897718,0.711553,0.159928,0.0101498,0.752984,0.0280281,0.996028,0.978717,1.00009,1.09738,1.01502,0.509935,1.04377
70,snr_low,1667,2.17489,0.0156746,0.90035,1.62906,1.5663,0.773206,1.53812,0.816741,0.822475,-1.30672,0.0418475,-0.0506559,0.754107,0.0188596,0.964827,0.971238,1.573,1.07351,1.17704,0.558328,1.01547
70,snr_mid,1666,1.29586,0.0119479,1.1189,1.50838,1.55418,0.781416,1.55795,0.946224,0.920608,-2.07054,0.185998,0.0202722,0.756877,0.00489396,1.00085,0.982682,2.04959,1.12247,0.922817,0.478413,1.05904
70,snr_high,1667,0.948019,0.0105436,0.873045,1.45398,1.53745,0.79311,1.52501,0.971627,0.949032,-1.20818,0.251472,0.0558234,0.747774,0.0592075,1.01945,0.982387,1.56136,1.08942,0.932558,0.484791,1.05582
70,mchirp_low,2500,1.23489,0.0140996,0.995389,1.57147,1.53274,0.784963,1.51414,0.721222,0.867633,0.694185,0.10932,0.0202684,0.749078,0.0501456,1.05614,0.967216,1.00195,1.11268,1.01589,0.508804,1.05566
70,mchirp_high,2500,1.71103,0.0113448,0.932745,1.48948,1.57254,0.780193,1.56657,0.706435,0.92789,0.728687,0.211232,-0.000372838,0.756814,0.00582652,1.07214,0.990113,0.997738,1.08078,1.01428,0.5106,1.0317
70,merger_early,2500,1.47409,0.0125887,0.978494,1.54459,1.55866,0.783931,1.5681,0.914658,0.573184,0.70154,0.161183,0.0134416,0.749207,0.0143155,0.997846,1.09305,1.00483,1.06022,1.0312,0.498629,1.03672
70,merger_late,2500,1.47183,0.0128557,0.949641,1.51636,1.54662,0.781225,1.51261,0.910878,0.614438,0.721287,0.158611,0.0066972,0.756596,0.0418453,0.993944,1.09338,0.995496,1.13461,0.996813,0.520359,1.05042
70,q_low,1667,1.39918,0.0126473,0.944057,1.58503,1.56567,0.796416,1.52437,0.792509,0.904023,0.722478,0.0836004,0.0105152,0.7419,0.0267062,1.08189,0.978672,1.00056,1.14324,1.00023,0.51568,1.07039
70,q_mid,1666,1.39173,0.0126111,0.932819,1.49159,1.53204,0.779036,1.52991,0.909242,0.901731,0.733203,0.199792,0.024172,0.750914,0.0434424,1.04859,0.976264,0.991734,1.07537,1.01666,0.503913,1.02315
70,q_high,1667,1.62791,0.0129082,1.01531,1.51478,1.56019,0.772279,1.56677,0.913826,0.887134,0.677998,0.196531,-0.00448517,0.765333,0.0100962,0.991298,0.98085,1.00861,1.07188,1.02721,0.509659,1.03907
70,q_low_mchirp_low,1241,1.28692,0.0128,0.960208,1.60649,1.56777,0.79827,1.52099,0.596143,0.902094,0.716088,0.0801723,0.00282832,0.738819,0.0311689,1.16116,0.971929,0.994621,1.15342,1.00652,0.515167,1.07983
70,q_low_mchirp_high,426,1.72622,0.0122023,0.897006,1.52251,1.55955,0.791017,1.53422,-0.510643,0.909642,0.741196,0.0927743,0.0309367,0.750406,0.013705,1.50129,0.998265,1.01748,1.11171,0.980737,0.517516,1.04204
70,q_high_mchirp_low,544,1.29251,0.0165828,1.07195,1.605,1.51103,0.772072,1.51644,0.729794,0.798835,0.633618,0.0913093,0.0399936,0.765725,0.0609507,0.927479,0.953806,1.01667,1.06724,1.03811,0.507635,1.04299
70,q_high_mchirp_high,1123,1.79039,0.0111281,0.987868,1.47108,1.58401,0.77238,1.59116,0.682188,0.928131,0.698608,0.248096,-0.02638,0.764643,-0.0153561,1.10016,0.992318,1.00204,1.07206,1.02171,0.509505,1.03695
75,full,5000,1.47284,0.0127193,0.964033,1.52988,1.55245,0.782795,1.54028,0.912781,0.897765,0.711592,0.160618,0.0103109,0.752857,0.0281369,0.996003,0.978723,1.00027,1.097,1.01609,0.510935,1.04362
75,snr_low,1667,2.17489,0.01567,0.902155,1.6293,1.56633,0.773494,1.53823,0.816759,0.822561,-1.31572,0.0412717,-0.0505782,0.753955,0.0188918,0.964967,0.971208,1.57513,1.07375,1.1772,0.558477,1.0159
75,snr_mid,1666,1.29589,0.0119463,1.11888,1.50775,1.55398,0.781885,1.55802,0.946229,0.920634,-2.07,0.186741,0.0202193,0.756628,0.00490266,1.00081,0.98271,2.04971,1.12236,0.92411,0.479486,1.05899
75,snr_high,1667,0.947647,0.0105412,0.871158,1.45258,1.53704,0.793006,1.52462,0.971654,0.949063,-1.19888,0.253368,0.056272,0.747794,0.0594882,1.0193,0.982402,1.56021,1.08835,0.934641,0.486757,1.05508
75,mchirp_low,2500,1.23478,0.0140965,0.995161,1.57036,1.53229,0.785274,1.51401,0.721306,0.867696,0.694337,0.110773,0.0207401,0.748882,0.0503846,1.05599,0.967199,1.00213,1.11115,1.01799,0.509706,1.05569
75,mchirp_high,2500,1.7109,0.0113421,0.932904,1.4894,1.57261,0.780316,1.56656,0.706473,0.927922,0.728617,0.211149,-0.000519618,0.756755,0.00580476,1.07205,0.990135,0.997928,1.08151,1.01428,0.511646,1.03138
75,merger_early,2500,1.47396,0.0125855,0.978559,1.54388,1.55863,0.783972,1.56796,0.914687,0.573605,0.70152,0.161935,0.0134028,0.749164,0.0145348,0.997865,1.09294,1.00505,1.05954,1.03185,0.499469,1.03676
75,merger_late,2500,1.47172,0.0128531,0.949506,1.51587,1.54627,0.781618,1.51261,0.910883,0.614408,0.721385,0.159238,0.00706158,0.756387,0.0418406,0.993874,1.09359,0.995638,1.13453,0.998332,0.521476,1.05015
75,q_low,1667,1.39884,0.0126432,0.94406,1.58481,1.56507,0.796706,1.52414,0.792575,0.904075,0.722461,0.0836747,0.0113323,0.741779,0.0269418,1.08192,0.97866,1.00075,1.14239,1.00176,0.516762,1.07037
75,q_mid,1666,1.39188,0.0126104,0.932932,1.49005,1.5321,0.779288,1.52986,0.909231,0.901749,0.733169,0.201905,0.0239458,0.750649,0.0436008,1.04858,0.976291,0.991896,1.07462,1.01776,0.504927,1.02334
75,q_high,1667,1.62777,0.0129043,1.01509,1.51475,1.56017,0.772389,1.56685,0.913853,0.887206,0.678172,0.196429,-0.00460844,0.765331,0.0100315,0.991232,0.980857,1.00881,1.07238,1.02763,0.510606,1.03845
75,q_low_mchirp_low,1241,1.2864,0.012795,0.960076,1.60636,1.56708,0.798648,1.52057,0.596424,0.902164,0.716123,0.0801375,0.00375384,0.7386,0.0316031,1.16107,0.971917,0.994785,1.15233,1.00847,0.516416,1.07978
75,q_low_mchirp_high,426,1.72639,0.0122009,0.897402,1.52205,1.5592,0.791049,1.53453,-0.511179,0.909641,0.741026,0.0931909,0.0314522,0.750564,0.0133628,1.50149,0.998267,1.01773,1.11164,0.981008,0.518114,1.04225
75,q_high_mchirp_low,544,1.29271,0.0165803,1.07118,1.60403,1.51052,0.77232,1.51638,0.729888,0.798945,0.634341,0.0926479,0.0404303,0.765621,0.0610538,0.927246,0.953741,1.01689,1.06492,1.03991,0.507996,1.04291
75,q_high_mchirp_high,1123,1.79007,0.0111235,0.987916,1.47149,1.58422,0.772422,1.5913,0.682285,0.928185,0.698526,0.247288,-0.0267761,0.764692,-0.0155048,1.10002,0.992327,1.00224,1.07375,1.02153,0.510656,1.03611
80,full,5000,1.47285,0.012719,0.963997,1.53027,1.55249,0.782733,1.54038,0.91277,0.897774,0.711622,0.160075,0.0101314,0.752882,0.0279998,0.995952,0.978567,1.00009,1.09768,1.01476,0.510945,1.04459
80,snr_low,1667,2.17525,0.0156711,0.901766,1.62909,1.56618,0.773397,1.53818,0.816689,0.822543,-1.31378,0.0415747,-0.050462,0.753989,0.0189127,0.964893,0.971048,1.57439,1.07455,1.17651,0.558487,1.01673
80,snr_mid,1666,1.29566,0.0119457,1.1187,1.50792,1.55433,0.781864,1.55819,0.94625,0.920656,-2.06913,0.1865,0.0196582,0.756637,0.00457996,1.00076,0.982558,2.04937,1.12296,0.922957,0.479437,1.05995
80,snr_high,1667,0.947542,0.0105396,0.871619,1.45377,1.53698,0.792937,1.52477,0.971667,0.949085,-1.20087,0.251686,0.0561973,0.747828,0.0593774,1.01926,0.982245,1.56038,1.08899,0.932635,0.486271,1.05614
80,mchirp_low,2500,1.23425,0.0140958,0.995184,1.57085,1.53242,0.785099,1.51411,0.721633,0.867715,0.694356,0.11005,0.0205258,0.748989,0.0500426,1.05571,0.967058,1.00195,1.11239,1.01634,0.509515,1.05684
80,mchirp_high,2500,1.71146,0.0113421,0.932809,1.48968,1.57257,0.780367,1.56664,0.706231,0.927919,0.728658,0.210788,-0.000664778,0.756699,0.00587333,1.07217,0.98996,0.997766,1.08167,1.01321,0.511807,1.03215
80,merger_early,2500,1.47405,0.0125872,0.978501,1.54438,1.55862,0.783999,1.56798,0.91466,0.573532,0.701561,0.161247,0.0132666,0.749126,0.0143979,0.997822,1.09296,1.00487,1.06083,1.03078,0.499255,1.03776
80,merger_late,2500,1.47165,0.0128507,0.949492,1.51615,1.54636,0.781467,1.51277,0.910887,0.614542,0.721404,0.158846,0.00683803,0.756474,0.0417034,0.993816,1.09327,0.995469,1.1346,0.996766,0.521793,1.05109
80,q_low,1667,1.39792,0.0126433,0.944072,1.58466,1.56518,0.79672,1.52422,0.792801,0.904067,0.722481,0.0839738,0.0110205,0.74178,0.026666,1.08178,0.978492,1.00056,1.14308,1.0004,0.516445,1.07132
80,q_mid,1666,1.39207,0.0126102,0.932845,1.4912,1.53231,0.77917,1.53006,0.909218,0.901785,0.733211,0.200192,0.0237949,0.750747,0.0433994,1.04852,0.976142,0.991733,1.0753,1.01641,0.505188,1.02423
80,q_high,1667,1.62852,0.0129034,1.01505,1.51491,1.55998,0.772307,1.56684,0.913783,0.887204,0.678199,0.196204,-0.00468164,0.76531,0.0100943,0.9912,0.980709,1.00863,1.07304,1.02642,0.510659,1.03958
80,q_low_mchirp_low,1241,1.2853,0.0127953,0.960126,1.606,1.5671,0.798542,1.52066,0.597032,0.902143,0.716139,0.0806962,0.0034602,0.73868,0.0312579,1.16082,0.971757,0.994601,1.15314,1.00684,0.516019,1.08092
80,q_low_mchirp_high,426,1.72598,0.0122002,0.897306,1.52251,1.55957,0.791409,1.53461,-0.510651,0.909673,0.741058,0.0926772,0.0310897,0.750338,0.0132886,1.50173,0.998082,1.01754,1.11194,0.980423,0.518014,1.04251
80,q_high_mchirp_low,544,1.29289,0.0165805,1.0713,1.60405,1.51075,0.772088,1.51647,0.730056,0.798958,0.634268,0.0926254,0.0402229,0.765702,0.0607881,0.926987,0.953623,1.01673,1.06685,1.03868,0.508246,1.04405
80,q_high_mchirp_high,1123,1.7911,0.0111222,0.987806,1.47172,1.58384,0.772413,1.59123,0.6819,0.928177,0.6986,0.246963,-0.0267839,0.76462,-0.0152777,1.10013,0.992145,1.00206,1.07389,1.02037,0.510545,1.0372
