epoch,circular_loss_coa_phase,circular_loss_polarization_angle,kappa_sky_position,loss,mae_coa_phase,mae_inclination,mae_mchirp,mae_merger_time,mae_polarization_angle,mae_snr,r2_coa_phase,r2_inclination,r2_mchirp,r2_merger_time,r2_polarization_angle,r2_snr,std_ratio_coa_phase,std_ratio_inclination,std_ratio_mchirp,std_ratio_merger_time,std_ratio_polarization_angle,std_ratio_snr,val_circular_loss_coa_phase,val_circular_loss_polarization_angle,val_kappa_sky_position,val_loss,val_mae_coa_phase,val_mae_inclination,val_mae_mchirp,val_mae_merger_time,val_mae_polarization_angle,val_mae_snr,val_r2_coa_phase,val_r2_inclination,val_r2_mchirp,val_r2_merger_time,val_r2_polarization_angle,val_r2_snr,val_std_ratio_coa_phase,val_std_ratio_inclination,val_std_ratio_mchirp,val_std_ratio_merger_time,val_std_ratio_polarization_angle,val_std_ratio_snr,val_weight_coa_phase,val_weight_inclination,val_weight_mchirp,val_weight_merger_time,val_weight_polarization_angle,val_weight_sky_position,val_weight_snr,weight_coa_phase,weight_inclination,weight_mchirp,weight_merger_time,weight_polarization_angle,weight_sky_position,weight_snr
0,1.0042146444320679,0.9999812245368958,0.10715112835168839,4.996099472045898,0.9531636834144592,0.6448594331741333,0.694476306438446,0.25319844484329224,0.9832994937896729,0.5886433720588684,-1.7659133672714233,-0.04774731397628784,0.21133828163146973,-0.031064271926879883,-1.9248765707015991,0.4578213691711426,0.27977481484413147,0.21671070158481598,0.5819514393806458,0.17365172505378723,1.3873569965362549,0.7264973521232605,0.9950725436210632,0.9873499870300293,0.1012146919965744,5.858767509460449,0.9658607244491577,0.6469800472259521,0.9928204417228699,0.2472597360610962,0.9751033782958984,1.5387122631072998,-1.8594458103179932,-0.06353902816772461,-0.36352288722991943,-0.014058232307434082,-1.9278168678283691,-1.9473729133605957,0.03681312873959541,0.22056059539318085,0.914376974105835,0.09672105312347412,1.4008903503417969,0.49222612380981445,0.9938416481018066,1.2140414714813232,1.2235867977142334,1.2163430452346802,1.0023815631866455,0.8325905799865723,1.2400892972946167,0.9979708194732666,1.1047027111053467,1.100529670715332,1.1052535772323608,0.999016284942627,0.9111327528953552,1.1154148578643799
1,1.002482533454895,0.9995548725128174,0.10089454054832458,3.7519278526306152,0.9817464351654053,0.6403059959411621,0.3858697712421417,0.23961296677589417,0.9911825060844421,0.4156093895435333,-1.9069749116897583,-0.021969735622406006,0.7252497673034668,0.07340949773788452,-1.964309573173523,0.7234712839126587,1.3629207611083984,0.15699154138565063,0.8617088794708252,0.1713566780090332,1.401869535446167,0.8692209124565125,1.0024319887161255,0.9872682690620422,0.10159826278686523,4.65221643447876,0.9992474317550659,0.6447486281394958,0.5433005094528198,0.2184724509716034,0.9724977612495422,1.350232720375061,-1.9742969274520874,-0.05399298667907715,0.5003385543823242,0.14644789695739746,-1.916020154953003,-1.3017942905426025,1.402562141418457,0.21596266329288483,0.9583308100700378,0.31945285201072693,1.3965046405792236,0.5771601796150208,0.9965285062789917,1.4619256258010864,1.5333948135375977,1.4788620471954346,0.9979157447814941,0.7128223776817322,1.5289957523345947,0.9966428279876709,1.335862636566162,1.3748351335525513,1.3439229726791382,1.00279700756073,0.7691890001296997,1.3806298971176147
2,0.9960421919822693,0.9995599389076233,0.1005595475435257,2.8238139152526855,0.9938191771507263,0.6391999125480652,0.2955724596977234,0.11921284347772598,0.9928684830665588,0.3801691234111786,-1.9757468700408936,-0.015380024909973145,0.8326658606529236,0.7157652974128723,-1.969609022140503,0.7682898044586182,1.4095782041549683,0.13607455790042877,0.9179901480674744,0.8312237858772278,1.403794527053833,0.8880294561386108,1.0023871660232544,0.9873733520507812,0.10145790874958038,3.900386095046997,0.9949100613594055,0.637637197971344,0.4570685923099518,0.1237398162484169,0.9797466993331909,1.2272133827209473,-1.9553157091140747,-0.0076177120208740234,0.617283821105957,0.6767640113830566,-1.9475494623184204,-1.0063283443450928,1.3958173990249634,0.06888522952795029,0.9413537979125977,0.7955026626586914,1.4080144166946411,0.4834587275981903,1.0022274255752563,1.7427946329116821,1.9047629833221436,1.8074719905853271,0.9981628656387329,0.6255322694778442,1.8690159320831299,1.0020076036453247,1.600485920906067,1.7155460119247437,1.6382426023483276,1.0006393194198608,0.6667101383209229,1.6960012912750244
3,0.9960670471191406,0.9995758533477783,0.10100587457418442,2.0401787757873535,0.991046130657196,0.6379197835922241,0.24452470242977142,0.087358757853508,0.995286226272583,0.36429619789123535,-1.964593529701233,-0.011438310146331787,0.8854796886444092,0.8411026000976562,-1.9808396100997925,0.7880643010139465,1.405603289604187,0.12945856153964996,0.9429087042808533,0.9278198480606079,1.4076967239379883,0.8954574465751648,1.0024720430374146,0.987354576587677,0.10273053497076035,3.1495015621185303,1.0018622875213623,0.6403488516807556,0.29672980308532715,0.09524845331907272,0.9822934865951538,1.1495484113693237,-1.9856747388839722,-0.01836162805557251,0.8300735950469971,0.8070205450057983,-1.9580662250518799,-0.7449232339859009,1.4066028594970703,0.10522537678480148,0.9003143310546875,0.9397301077842712,1.4118165969848633,0.585498571395874,1.004336953163147,2.052032709121704,2.3538870811462402,2.20747447013855,0.9970802068710327,0.5611783266067505,2.2702484130859375,1.0048348903656006,1.8958626985549927,2.1247475147247314,2.0024092197418213,1.0007374286651611,0.5915860533714294,2.0661041736602783
4,0.9960417747497559,0.9995403289794922,0.10931128263473511,1.3535374402999878,0.9926668405532837,0.6376926302909851,0.22464072704315186,0.07761390507221222,0.9972097277641296,0.3527090847492218,-1.9690462350845337,-0.008795082569122314,0.9063332080841064,0.8765484690666199,-1.9898968935012817,0.8009514808654785,1.4071705341339111,0.11380676180124283,0.9543522596359253,0.9344432950019836,1.4108800888061523,0.9025099873542786,1.0024125576019287,0.987356960773468,0.13315801322460175,1.2890682220458984,1.0015532970428467,0.6367339491844177,0.24999919533729553,0.12076346576213837,0.9825881123542786,0.4656715989112854,-1.9840714931488037,-0.003308922052383423,0.8779762983322144,0.7036258578300476,-1.9592862129211426,0.6451795101165771,1.4060486555099487,0.0822896808385849,0.9950727224349976,1.0151883363723755,1.4122463464736938,0.9428174495697021,0.997451663017273,2.380189895629883,2.892982244491577,2.693105459213257,1.003677487373352,0.513451337814331,2.7417757511138916,1.0054845809936523,2.21600604057312,2.6183066368103027,2.443744659423828,0.9996966123580933,0.5360360145568848,2.5024430751800537
5,0.9965207576751709,0.9995488524436951,0.2328161895275116,0.7316986322402954,0.9850565195083618,0.6363876461982727,0.20891804993152618,0.07789555191993713,0.9964752197265625,0.3499803841114044,-1.9304925203323364,-0.005975008010864258,0.9204012751579285,0.8748790621757507,-1.9857598543167114,0.8053099513053894,1.3926116228103638,0.12254199385643005,0.9619876742362976,0.9359561800956726,1.4093819856643677,0.904519259929657,1.0019301176071167,0.9873680472373962,0.2613949179649353,0.8493865728378296,0.9979769587516785,0.6383353471755981,0.32705503702163696,0.07876653224229813,0.9824342727661133,0.46044430136680603,-1.9674264192581177,-0.009409129619598389,0.8152402639389038,0.8639883399009705,-1.9586869478225708,0.6485567092895508,1.400400996208191,0.11037103086709976,1.010588526725769,0.8919286727905273,1.4120105504989624,0.8872957229614258,1.0007388591766357,2.713172674179077,3.5405189990997314,3.281280040740967,1.001176357269287,0.47858938574790955,3.2854151725769043,1.00382661819458,2.547947645187378,3.2091012001037598,2.979407548904419,1.0008004903793335,0.49490049481391907,3.0071732997894287
6,0.9959521293640137,1.0027658939361572,0.33442792296409607,0.15354079008102417,0.9828090071678162,0.636104941368103,0.1994275599718094,0.07789391279220581,0.9969425797462463,0.34001246094703674,-1.9221453666687012,-0.00479888916015625,0.9280685782432556,0.8746921420097351,-1.9861522912979126,0.8153368234634399,1.3903629779815674,0.1214623674750328,0.9641887545585632,0.9396382570266724,1.271562099456787,0.9090624451637268,1.0014989376068115,1.0019787549972534,0.48758330941200256,2.3714494705200195,0.9832831621170044,0.6414726972579956,0.30725207924842834,0.12693502008914948,0.9956766366958618,1.0798925161361694,-1.8994381427764893,-0.03187602758407593,0.8211487531661987,0.6834259629249573,-2.004474401473999,-0.5779739618301392,1.3756237030029297,0.15811066329479218,1.0878078937530518,0.9775714874267578,0.0005980211426503956,0.6288222670555115,1.0002974271774292,3.0313875675201416,4.3159499168396,3.994023084640503,0.9967398643493652,0.45384854078292847,3.913072109222412,1.0025088787078857,2.8751204013824463,3.9211161136627197,3.6285276412963867,0.9979929327964783,0.4654850959777832,3.5971031188964844
7,0.9959523677825928,0.996504545211792,0.4415569305419922,-0.3892779052257538,0.9769808053970337,0.6356633305549622,0.19506624341011047,0.07295814156532288,0.9975106120109558,0.3316058814525604,-1.8919823169708252,-0.004115045070648193,0.9314916729927063,0.8922373652458191,-1.9900490045547485,0.8253533244132996,1.3770300149917603,0.12299371510744095,0.9676442742347717,0.9410603642463684,0.0009134961292147636,0.9131761193275452,1.002272129058838,1.0019710063934326,0.3776550590991974,-0.35734423995018005,0.989261269569397,0.636773943901062,0.23581738770008087,0.06884817779064178,0.9959748387336731,0.38733887672424316,-1.9348900318145752,-0.0025339722633361816,0.8914394378662109,0.8876543045043945,-2.0056793689727783,0.7477590441703796,1.3881500959396362,0.08204145729541779,1.0266973972320557,0.95119708776474,0.0,1.0133944749832153,1.0091729164123535,3.3147971630096436,5.234649181365967,4.86025857925415,1.0021007061004639,0.4364737570285797,4.634414196014404,1.0018149614334106,3.178264617919922,4.765153884887695,4.415058135986328,1.0017026662826538,0.44464898109436035,4.270042419433594
8,0.99289470911026,0.9965036511421204,0.5676215887069702,-0.9291176199913025,0.9789037704467773,0.6349330544471741,0.1775078922510147,0.07091381400823593,0.9973711967468262,0.32312071323394775,-1.9022541046142578,-0.00033602118492126465,0.9440277814865112,0.8979966640472412,-1.9901636838912964,0.8347465991973877,0.9731533527374268,0.11375589668750763,0.9733515977859497,0.9479056596755981,0.0,0.9184289574623108,1.0057045221328735,1.00197172164917,0.6868776082992554,-0.5643266439437866,0.9972260594367981,0.6360976099967957,0.21488972008228302,0.07869594544172287,0.9959108233451843,0.4597017765045166,-1.9828689098358154,-0.004115939140319824,0.9018795490264893,0.856350302696228,-2.005418300628662,0.658181369304657,0.13909512758255005,0.08312688767910004,1.023206114768982,0.9727219939231873,0.0,0.8946658372879028,1.002622127532959,3.5518252849578857,6.3529510498046875,5.910938262939453,1.0045876502990723,0.4252253472805023,5.453185558319092,1.009469747543335,3.4388866424560547,5.7808966636657715,5.3720479011535645,1.0040894746780396,0.4302845001220703,5.043554782867432
9,0.9962413311004639,0.9965035915374756,0.6002796292304993,-1.4021128416061401,0.9948814511299133,0.6340832114219666,0.1751607358455658,0.0707017034292221,0.9976364970207214,0.3152814209461212,-1.977550745010376,0.0013890266418457031,0.9462947249412537,0.898909330368042,-1.9899334907531738,0.8417444229125977,0.06626840680837631,0.12079905718564987,0.9755423665046692,0.9493053555488586,0.0,0.920895516872406,1.007646918296814,1.0019748210906982,0.790549635887146,-0.5758267641067505,0.9917187690734863,0.6369962096214294,0.21678657829761505,0.0828099176287651,0.9958252906799316,0.5241314172744751,-1.9579193592071533,-0.010174870491027832,0.9025872349739075,0.8488041162490845,-2.0050859451293945,0.5571712851524353,0.2354511022567749,0.1143045425415039,0.9778396487236023,0.9484471082687378,0.0004882821813225746,0.8958395719528198,1.0046956539154053,3.7318661212921143,7.669770240783691,7.183047294616699,1.0040892362594604,0.4181622862815857,6.364426136016846,1.0032814741134644,3.647606611251831,7.003437042236328,6.530904293060303,1.0029234886169434,0.4214756190776825,5.917619228363037
10,0.9946107268333435,0.9965050220489502,0.5956236124038696,-1.8851101398468018,0.9599400758743286,0.6337995529174805,0.16547958552837372,0.07209841907024384,0.9978804588317871,0.30512481927871704,-1.7992112636566162,0.0028534531593322754,0.9524579048156738,0.8963634371757507,-1.9897161722183228,0.8522611856460571,0.7002819180488586,0.11319100111722946,0.9772272706031799,0.9530673623085022,0.0,0.9276993870735168,1.0002319812774658,1.0019758939743042,0.7271782159805298,-1.2960535287857056,0.9583522081375122,0.6376914978027344,0.24507567286491394,0.07051410526037216,0.9958164095878601,0.4167567789554596,-1.7714533805847168,-0.012407422065734863,0.8788147568702698,0.8809857368469238,-2.0050530433654785,0.7194539308547974,0.7078616619110107,0.12272819876670837,0.9626063704490662,0.9504978060722351,0.0012448802590370178,0.865791380405426,1.0094681978225708,3.8569235801696777,9.25183391571045,8.720479965209961,1.0034598112106323,0.4139985144138336,7.392781734466553,1.0036773681640625,3.799420118331909,8.444520950317383,7.930253505706787,1.002790093421936,0.4158322811126709,6.888641357421875
11,0.9957463145256042,0.996504545211792,0.637396514415741,-2.366903305053711,0.9525700211524963,0.6328253746032715,0.15925030410289764,0.07108329981565475,0.9972743391990662,0.29155993461608887,-1.7589974403381348,0.005557924509048462,0.9563466310501099,0.8989055752754211,-1.989819884300232,0.8658230304718018,0.7050402760505676,0.12030753493309021,0.9790833592414856,0.9535224437713623,0.0,0.9317064881324768,1.0049116611480713,1.0019723176956177,0.49287500977516174,-1.8280521631240845,0.9523021578788757,0.6358335018157959,0.21231356263160706,0.06765826791524887,0.9959200024604797,0.3819744884967804,-1.7333186864852905,-0.0013539791107177734,0.9036241769790649,0.893319308757782,-2.005463123321533,0.7624762654304504,0.8152185082435608,0.09102939814329147,0.9591997265815735,0.9338579773902893,0.0,0.9094446897506714,1.0070369243621826,3.939204454421997,11.127431869506836,10.580056190490723,1.000960111618042,0.4120740294456482,8.562195777893066,1.004934549331665,3.902797222137451,10.171439170837402,9.6241455078125,1.0040353536605835,0.4129818081855774,7.977109432220459
12,0.9885736107826233,0.9965041279792786,0.6516992449760437,-2.8223540782928467,0.9512497782707214,0.6316447854042053,0.15299057960510254,0.06635136157274246,0.997352659702301,0.2829038202762604,-1.7584538459777832,0.008427917957305908,0.9592331051826477,0.9127132296562195,-1.9900317192077637,0.8733471632003784,0.6955574750900269,0.12114927917718887,0.9798984527587891,0.9559431076049805,0.0006905381451360881,0.9375180602073669,0.9955340027809143,1.0019749402999878,0.33711886405944824,-2.060387134552002,0.9315746426582336,0.6373052000999451,0.20644274353981018,0.07062475383281708,0.9958338737487793,0.38839203119277954,-1.6389483213424683,-0.007401108741760254,0.9088857173919678,0.8857746124267578,-2.005117177963257,0.7475842237472534,1.0604907274246216,0.1050247922539711,1.0383789539337158,1.0052149295806885,0.0009765643626451492,0.9455224871635437,1.0089071989059448,3.9907119274139404,13.325933456420898,12.836759567260742,1.0065115690231323,0.41161417961120605,9.831491470336914,1.010153889656067,3.968977212905884,12.228104591369629,11.680127143859863,1.0031381845474243,0.4117615222930908,9.227277755737305
13,0.9909228086471558,0.9965037703514099,0.6133400201797485,-3.225586175918579,0.9469218254089355,0.6315049529075623,0.14863081276416779,0.06487753987312317,0.9974477291107178,0.277039110660553,-1.7325236797332764,0.009436577558517456,0.961434543132782,0.9160584211349487,-1.9901442527770996,0.8785181641578674,0.8590025901794434,0.12534743547439575,0.9816684722900391,0.9579222202301025,0.0008457330404780805,0.9390746355056763,1.006549596786499,1.0019702911376953,0.3744962215423584,-1.409109354019165,0.965497612953186,0.6365665793418884,0.20331034064292908,0.072940394282341,0.9959907531738281,0.5098416209220886,-1.8148456811904907,-0.005312025547027588,0.9088281393051147,0.8773075342178345,-2.005739212036133,0.5812519788742065,0.7087790369987488,0.1056869626045227,1.015087604522705,1.0067788362503052,0.0006905352929607034,0.9115516543388367,1.0085526704788208,4.0202531814575195,15.884454727172852,15.562767028808594,1.0005085468292236,0.41019654273986816,11.14022159576416,1.0100597143173218,4.007978916168213,14.610326766967773,14.166844367980957,1.0051954984664917,0.41136106848716736,10.567412376403809
14,0.9879048466682434,0.9965030550956726,0.6432023048400879,-3.7059004306793213,0.9513846635818481,0.6300583481788635,0.1417134404182434,0.0626199021935463,0.9976173043251038,0.260183185338974,-1.7589621543884277,0.012197554111480713,0.9656027555465698,0.9226406812667847,-1.990151286125183,0.8930057287216187,0.7485385537147522,0.12866893410682678,0.9833903908729553,0.9622176885604858,0.00034526907256804407,0.9464659094810486,1.0051168203353882,1.0019714832305908,0.7723711133003235,-2.480198383331299,0.9655320048332214,0.6373273134231567,0.1878402829170227,0.06563369929790497,0.995917022228241,0.3974010646343231,-1.809100866317749,-0.011991739273071289,0.9167496562004089,0.8942818641662598,-2.005441665649414,0.7390905618667603,0.6958896517753601,0.12713845074176788,0.9594639539718628,0.9684035778045654,0.0009134923457168043,0.9650035500526428,1.0111439228057861,4.041473865509033,18.922914505004883,18.86163902282715,0.9991504549980164,0.4105597138404846,12.714836120605469,1.009945034980774,4.030717372894287,17.391014099121094,17.170000076293945,1.0021886825561523,0.41029688715934753,11.9442777633667
15,0.9843541383743286,0.9965029954910278,0.6776255369186401,-4.133847713470459,0.9474790096282959,0.6276091933250427,0.13454575836658478,0.06083320453763008,0.9977198839187622,0.24227385222911835,-1.7404865026474,0.017368584871292114,0.9693318605422974,0.9281262159347534,-1.989920973777771,0.9072076082229614,0.8237468004226685,0.14517123997211456,0.9858301281929016,0.9624930024147034,0.0004882842185907066,0.953726053237915,0.9947551488876343,1.0019733905792236,0.8290939331054688,-2.1430344581604004,0.9378193020820618,0.6383820176124573,0.21344026923179626,0.06986497342586517,0.9957834482192993,0.4105091094970703,-1.6737756729125977,-0.0181313157081604,0.9066617488861084,0.8826714754104614,-2.0049004554748535,0.7173945903778076,1.0882426500320435,0.15727359056472778,0.9796978831291199,1.001633644104004,0.0007720419089309871,0.9438105225563049,1.0087826251983643,4.062809944152832,20.085529327392578,20.085529327392578,0.9999248385429382,0.4116135239601135,14.619039535522461,1.0179983377456665,4.056148052215576,19.893674850463867,19.885780334472656,1.0042104721069336,0.4111529290676117,13.740827560424805
16,0.9836671948432922,0.9964979887008667,0.6918333172798157,-4.339230060577393,0.9412451982498169,0.6267051100730896,0.12560003995895386,0.05981314554810524,0.9973634481430054,0.2252863347530365,-1.7088114023208618,0.018786221742630005,0.9734449982643127,0.9307205677032471,-1.9891605377197266,0.9196159839630127,0.8865240812301636,0.15650735795497894,0.9868220686912537,0.9653412699699402,0.001691466080956161,0.9601520895957947,0.9987123012542725,1.0020396709442139,0.6751447319984436,-2.2298336029052734,0.9425838589668274,0.6384038329124451,0.1925681084394455,0.0652415007352829,0.9943158030509949,0.40176066756248474,-1.695676565170288,-0.01683056354522705,0.9187935590744019,0.8928199410438538,-1.9985227584838867,0.7289135456085205,1.0375301837921143,0.15804463624954224,0.9845268130302429,0.949670672416687,0.013901042751967907,0.9870901107788086,1.0232517719268799,4.073892593383789,20.085529327392578,20.085529327392578,1.0091960430145264,0.4126303195953369,16.9597225189209,1.012739896774292,4.072231292724609,20.085500717163086,20.085500717163086,1.000043511390686,0.4121789336204529,15.825488090515137
17,0.97817462682724,0.9965276718139648,0.6965988874435425,-4.490864276885986,0.9386997818946838,0.6251912713050842,0.12033596634864807,0.058998674154281616,0.9969062209129333,0.21504102647304535,-1.6971714496612549,0.022390693426132202,0.9757779240608215,0.9331450462341309,-1.98639976978302,0.9269800186157227,0.8396130204200745,0.16559772193431854,0.9885332584381104,0.9670989513397217,0.01160124596208334,0.9636563062667847,0.9937386512756348,1.001970887184143,0.8747386932373047,-0.9280509948730469,0.9544513821601868,0.6379636526107788,0.20792336761951447,0.06422242522239685,0.995283305644989,0.4830850064754486,-1.7607134580612183,-0.020332813262939453,0.9078603982925415,0.9008010029792786,-2.002816677093506,0.61810302734375,0.9085261821746826,0.17745044827461243,0.9461266398429871,0.9831854701042175,0.002290246542543173,1.0122225284576416,1.0141069889068604,4.092176914215088,20.085529327392578,20.085529327392578,1.0015274286270142,0.4134547710418701,19.458236694335938,1.0240411758422852,4.086810111999512,20.085500717163086,20.085500717163086,1.0054535865783691,0.4130304157733917,18.242435455322266
18,0.9790383577346802,0.9965071082115173,0.7056156992912292,-4.620705604553223,0.9329624772071838,0.6231297850608826,0.11931941658258438,0.05844927951693535,0.9962397813796997,0.20066802203655243,-1.670562505722046,0.026587069034576416,0.9758672714233398,0.9342664480209351,-1.987255573272705,0.9362139701843262,0.9817110896110535,0.17672860622406006,0.9876711368560791,0.9672855138778687,0.0058288127183914185,0.9685810208320618,0.9971544742584229,1.0019663572311401,0.5826866030693054,-1.9138752222061157,0.9280308485031128,0.6383562684059143,0.21052880585193634,0.06315432488918304,0.9955625534057617,0.4003388285636902,-1.6168112754821777,-0.026023924350738525,0.9081650376319885,0.9057045578956604,-2.0039258003234863,0.7314374446868896,1.2109886407852173,0.18767601251602173,1.0604597330093384,0.9589389562606812,0.0015049867797642946,0.9564381241798401,1.0125843286514282,4.110291004180908,20.085529327392578,20.085529327392578,0.9991176724433899,0.41414839029312134,20.085529327392578,1.020986557006836,4.105555534362793,20.085500717163086,20.085500717163086,1.0034971237182617,0.4136928617954254,20.026870727539062
19,0.970221221446991,0.9965661764144897,0.7210550308227539,-4.837865352630615,0.9242675304412842,0.6202359199523926,0.11088719964027405,0.05692309886217117,0.9937307238578796,0.1745084971189499,-1.6325534582138062,0.03280845284461975,0.9797526597976685,0.9383952617645264,-1.9718093872070312,0.9518151879310608,0.8841656446456909,0.19479355216026306,0.9901400208473206,0.9694764018058777,0.10502765327692032,0.9753634929656982,0.9956186413764954,1.0019761323928833,0.5551744699478149,-1.9896167516708374,0.9223600625991821,0.6399499773979187,0.19808492064476013,0.06474155932664871,0.9957064390182495,0.39484888315200806,-1.5777544975280762,-0.02910780906677246,0.9075170159339905,0.8999248743057251,-2.0045714378356934,0.738375186920166,1.1538552045822144,0.1924406737089157,1.0362035036087036,0.9896116256713867,0.0016558454371988773,0.982214629650116,1.0256003141403198,4.133957862854004,20.085529327392578,20.085529327392578,1.0056166648864746,0.4150054454803467,20.085529327392578,1.026699423789978,4.129823207855225,20.085500717163086,20.085500717163086,1.002730369567871,0.4145604074001312,20.085500717163086
20,0.9582704901695251,0.9965023398399353,0.7527886033058167,-5.11487340927124,0.9019365906715393,0.6116937398910522,0.09504066407680511,0.05382071062922478,0.9973654747009277,0.1387055218219757,-1.5303574800491333,0.054052263498306274,0.9853219389915466,0.9457228779792786,-1.9897871017456055,0.9692002534866333,0.9903401136398315,0.21915678679943085,0.9927054047584534,0.9720314145088196,0.0,0.9849866032600403,0.9960466623306274,1.001969337463379,0.745179295539856,-1.6326004266738892,0.9597488641738892,0.6450133919715881,0.19042697548866272,0.06163996458053589,0.9959554672241211,0.42733654379844666,-1.782123327255249,-0.05474865436553955,0.9190815687179565,0.9093000888824463,-2.0055904388427734,0.6905196905136108,0.6809219121932983,0.23475110530853271,0.9931570291519165,0.9677644968032837,0.0,0.9583747982978821,1.040188193321228,4.195713996887207,20.085529327392578,20.085529327392578,1.006027102470398,0.41602426767349243,20.085529327392578,1.0326300859451294,4.166086196899414,20.085500717163086,20.085500717163086,1.003061056137085,0.41554319858551025,20.085500717163086
21,0.9690724015235901,0.9964982867240906,0.7692415118217468,-5.187990665435791,0.8880887031555176,0.6048420667648315,0.09047741442918777,0.053610675036907196,0.9971827864646912,0.12590841948986053,-1.4485738277435303,0.06729558110237122,0.986861526966095,0.9464569091796875,-1.9886283874511719,0.9743639826774597,1.1628855466842651,0.2575925290584564,0.9936433434486389,0.9726500511169434,0.003088180208578706,0.9865342974662781,0.9930450916290283,1.001971960067749,0.8707228899002075,-2.0351414680480957,0.9320230484008789,0.6465266942977905,0.1930263340473175,0.064661405980587,0.9958816766738892,0.39141252636909485,-1.6387873888015747,-0.06820207834243774,0.9098336696624756,0.9009583592414856,-2.0052924156188965,0.7429841756820679,1.0352849960327148,0.2593054473400116,1.003495454788208,0.9693015217781067,0.0,0.9734044075012207,1.0310019254684448,4.259272575378418,20.085529327392578,20.085529327392578,1.0041871070861816,0.41698431968688965,20.085529327392578,1.0390465259552002,4.234910011291504,20.085500717163086,20.085500717163086,1.0045098066329956,0.41686010360717773,20.085500717163086
22,0.9509271383285522,0.9964970350265503,0.7684366703033447,-5.2476420402526855,0.883359968662262,0.5988283157348633,0.0883810967206955,0.05311153456568718,0.996880292892456,0.12189874798059464,-1.4380016326904297,0.08039522171020508,0.9874510169029236,0.9475969672203064,-1.989344835281372,0.9762115478515625,1.088703989982605,0.2781301438808441,0.993789553642273,0.972337543964386,0.002156204776838422,0.9880656003952026,0.9971703886985779,1.0019738674163818,0.7803953886032104,-1.852357268333435,0.9215906858444214,0.648826003074646,0.18421706557273865,0.06211017444729805,0.9957414865493774,0.4109906554222107,-1.5682626962661743,-0.07622420787811279,0.9228135943412781,0.9077897667884827,-2.0046963691711426,0.7157468795776367,1.0326870679855347,0.2870098650455475,0.9702865481376648,0.9639869928359985,0.0014648465439677238,0.9678366780281067,1.048872470855713,4.326472282409668,20.085529327392578,20.085529327392578,0.9995381236076355,0.41735273599624634,20.085529327392578,1.0390435457229614,4.299586296081543,20.085500717163086,20.085500717163086,1.0067050457000732,0.4171554148197174,20.085500717163086
23,0.9252995848655701,0.9964948296546936,0.802424430847168,-5.338590621948242,0.8644046187400818,0.5882062911987305,0.08569665998220444,0.05219335854053497,0.9971120357513428,0.11433131247758865,-1.3650652170181274,0.10115253925323486,0.9882305860519409,0.9494280219078064,-1.9890291690826416,0.9788568019866943,1.061923623085022,0.3183836042881012,0.9943968057632446,0.9744111895561218,0.0022640808019787073,0.9893805384635925,1.0029569864273071,1.0019851922988892,0.6996279954910278,-1.831965446472168,0.9112929105758667,0.6514957547187805,0.18576987087726593,0.06443534791469574,0.9955673217773438,0.40775975584983826,-1.527148962020874,-0.0963284969329834,0.920447051525116,0.8998748064041138,-2.0039772987365723,0.718643844127655,1.084082007408142,0.32379385828971863,0.9760224223136902,0.9976165890693665,0.0027186402585357428,1.0061742067337036,1.0745187997817993,4.425954341888428,20.085529327392578,20.085529327392578,1.0051944255828857,0.4188929498195648,20.085529327392578,1.0649279356002808,4.383951187133789,20.085500717163086,20.085500717163086,1.0002684593200684,0.41834619641304016,20.085500717163086
24,0.9037177562713623,0.996478259563446,0.8036875128746033,-5.425076007843018,0.8448820114135742,0.5746029615402222,0.08525162190198898,0.051780685782432556,0.9968305230140686,0.10704854130744934,-1.2850615978240967,0.12914249300956726,0.9883721470832825,0.9502972364425659,-1.987953543663025,0.9814470410346985,1.0272163152694702,0.3581944704055786,0.9938769340515137,0.9735667705535889,0.005132793914526701,0.9908101558685303,1.0130407810211182,1.002013921737671,0.711899995803833,-1.5463407039642334,0.9004039764404297,0.6601883172988892,0.19298619031906128,0.0653577595949173,0.9945738911628723,0.42050641775131226,-1.4533346891403198,-0.13492441177368164,0.9146560430526733,0.8954399824142456,-1.9991893768310547,0.7011185884475708,1.093229055404663,0.37443751096725464,1.0124844312667847,0.9678801894187927,0.012821475975215435,0.9768791794776917,1.0987385511398315,4.558613300323486,20.085529327392578,20.085529327392578,1.0013377666473389,0.41969990730285645,20.085529327392578,1.0888698101043701,4.504903316497803,20.085500717163086,20.085500717163086,1.0056873559951782,0.41950368881225586,20.085500717163086
25,0.8735419511795044,0.9964593648910522,0.8331565260887146,-5.582033157348633,0.817175567150116,0.5515508651733398,0.07884884625673294,0.050606172531843185,0.9953575730323792,0.09568656980991364,-1.1677348613739014,0.1828080117702484,0.9900897741317749,0.9528282880783081,-1.9802429676055908,0.985101044178009,1.0465248823165894,0.40857288241386414,0.995326817035675,0.9759538769721985,0.03966989740729332,0.9922099709510803,1.0078258514404297,1.0020265579223633,0.8571699857711792,-1.7342487573623657,0.9035207629203796,0.6667091846466064,0.19275756180286407,0.06112873554229736,0.9949642419815063,0.40288275480270386,-1.50019109249115,-0.17828470468521118,0.9137240648269653,0.9060516357421875,-2.001070499420166,0.7245292663574219,1.031712532043457,0.43120282888412476,0.9986075162887573,0.9835788607597351,0.008534468710422516,0.9874957799911499,1.1219900846481323,4.719356060028076,20.085529327392578,20.085529327392578,1.002895712852478,0.42053037881851196,20.085529327392578,1.1114437580108643,4.641019344329834,20.085500717163086,20.085500717163086,1.000671148300171,0.4201119542121887,20.085500717163086
26,0.8442566990852356,0.9963275194168091,0.8498629927635193,-5.685478210449219,0.7964687943458557,0.534378707408905,0.07699786126613617,0.05021080747246742,0.9931925535202026,0.08860966563224792,-1.090492606163025,0.21577349305152893,0.9905577301979065,0.9538211822509766,-1.9702997207641602,0.9872304201126099,1.0575048923492432,0.4549092948436737,0.9949706196784973,0.9776728749275208,0.06077226251363754,0.9930900931358337,1.0110158920288086,1.0020909309387207,0.8291592597961426,-1.744274377822876,0.8856895565986633,0.6687994003295898,0.18826743960380554,0.06134789064526558,0.9877650141716003,0.4023762345314026,-1.4087785482406616,-0.1933864951133728,0.9184828400611877,0.9063818454742432,-1.9630013704299927,0.725661039352417,1.0757662057876587,0.45140624046325684,0.9806839227676392,0.9719998836517334,0.09332642704248428,0.9899858236312866,1.1537246704101562,4.899897575378418,20.085529327392578,20.085529327392578,1.0038639307022095,0.4215392470359802,20.085529327392578,1.1380822658538818,4.8244309425354,20.085500717163086,20.085500717163086,1.0040371417999268,0.42096108198165894,20.085500717163086
27,0.8208354711532593,0.9945921897888184,0.8654475212097168,-5.7597975730896,0.7772499322891235,0.5178616046905518,0.07708028703927994,0.05011792108416557,0.9738227128982544,0.09037400037050247,-1.0095709562301636,0.25099149346351624,0.9905113577842712,0.9538573622703552,-1.870427131652832,0.9868707060813904,1.0494798421859741,0.4958328902721405,0.9952612519264221,0.9759386777877808,0.3768908679485321,0.9934340119361877,0.9967997074127197,1.0004349946975708,1.0233309268951416,-1.4453049898147583,0.8875890970230103,0.6763124465942383,0.19274531304836273,0.06438355147838593,0.9562657475471497,0.4190496802330017,-1.4222310781478882,-0.23861831426620483,0.914893627166748,0.8992433547973633,-1.7912940979003906,0.7055195569992065,0.9225665330886841,0.4841265380382538,0.9811475276947021,0.9927563071250916,0.5709255933761597,0.9826610088348389,1.185764193534851,5.109654426574707,20.085529327392578,20.085529327392578,1.004624843597412,0.4225499629974365,20.085529327392578,1.1707134246826172,5.0226945877075195,20.085500717163086,20.085500717163086,1.0040463209152222,0.4220474660396576,20.085500717163086
28,0.8038301467895508,0.9914907813072205,0.8684384226799011,-5.8190202713012695,0.7639421820640564,0.5024824142456055,0.07749764621257782,0.05014991760253906,0.9444154500961304,0.09202107787132263,-0.9539610743522644,0.28072401881217957,0.9904364347457886,0.9537748694419861,-1.7227706909179688,0.9863292574882507,1.0565199851989746,0.5275417566299438,0.9953271746635437,0.9760194420814514,0.7412100434303284,0.9933355450630188,1.001340389251709,1.0002565383911133,0.8170401453971863,-1.5162854194641113,0.8617677688598633,0.6842440962791443,0.1930205374956131,0.06223992258310318,0.9374774694442749,0.4063769280910492,-1.290493130683899,-0.27858513593673706,0.9124488830566406,0.9038460850715637,-1.687151551246643,0.7212044596672058,1.1279700994491577,0.5240865349769592,0.9714073538780212,0.9787549376487732,0.8631987571716309,0.9839398860931396,1.2129859924316406,5.3139753341674805,20.085529327392578,20.085529327392578,1.0056405067443848,0.4231147766113281,20.085529327392578,1.2029485702514648,5.234629154205322,20.085500717163086,20.085500717163086,1.0070486068725586,0.42269375920295715,20.085500717163086
29,0.7870784401893616,0.9855391979217529,0.8712379932403564,-5.888332366943359,0.7466636896133423,0.4851890802383423,0.07920267432928085,0.05061894655227661,0.9359562993049622,0.09411580860614777,-0.8824724555015564,0.31716975569725037,0.9899980425834656,0.953014075756073,-1.68522310256958,0.9857465028762817,1.049483060836792,0.5597621202468872,0.9946541786193848,0.9762106537818909,0.8010101318359375,0.9924796223640442,1.0027542114257812,0.9991270303726196,0.8823524713516235,-1.4582599401474,0.8748469352722168,0.6846729516983032,0.19315482676029205,0.06238613650202751,0.9531000852584839,0.408276230096817,-1.3430216312408447,-0.2749558687210083,0.9135196805000305,0.9032763242721558,-1.7782618999481201,0.7182788848876953,1.0487556457519531,0.5269036293029785,0.9883794784545898,0.9836375713348389,0.6132646799087524,0.9792394042015076,1.2387770414352417,5.559524059295654,20.085529327392578,20.085529327392578,1.0111134052276611,0.42353254556655884,20.085529327392578,1.222938060760498,5.4472126960754395,20.085500717163086,20.085500717163086,1.00766921043396,0.42340734601020813,20.085500717163086
30,0.7409423589706421,0.9829724431037903,0.8953460454940796,-6.091773986816406,0.7175493836402893,0.45447805523872375,0.07390482723712921,0.04965369030833244,0.9364225268363953,0.08408194035291672,-0.7798145413398743,0.38367950916290283,0.9912556409835815,0.9548705816268921,-1.6922351121902466,0.9886143803596497,1.0600885152816772,0.6037116646766663,0.9962020516395569,0.9771989583969116,0.7505218386650085,0.9943853616714478,1.0112215280532837,1.0003008842468262,0.8828484416007996,-1.4034003019332886,0.8768865466117859,0.6937845349311829,0.191219300031662,0.061908166855573654,0.9401677846908569,0.40465912222862244,-1.3403772115707397,-0.3382502794265747,0.9147363305091858,0.9040128588676453,-1.7106693983078003,0.7225614786148071,1.0156174898147583,0.5871702432632446,0.9831714630126953,0.9812110066413879,0.7631397247314453,0.9959072470664978,1.2659833431243896,5.751712322235107,20.085529327392578,20.085529327392578,1.013088583946228,0.42418867349624634,20.085529327392578,1.252821445465088,5.660678863525391,20.085500717163086,20.085500717163086,1.0121444463729858,0.4239310324192047,20.085500717163086
31,0.7219542860984802,0.976449191570282,0.9035550951957703,-6.188541412353516,0.7047343254089355,0.4360397160053253,0.07297350466251373,0.04958474263548851,0.9202432632446289,0.08221861720085144,-0.7389148473739624,0.4182905852794647,0.991477906703949,0.9550382494926453,-1.6162991523742676,0.9891416430473328,1.0681991577148438,0.6437878012657166,0.9954217672348022,0.9772817492485046,0.8008530139923096,0.9941421747207642,1.0060237646102905,1.000469446182251,0.8919051885604858,-1.3472563028335571,0.8625916242599487,0.701814591884613,0.1932467222213745,0.062317587435245514,0.9244037866592407,0.40214523673057556,-1.2817575931549072,-0.36955296993255615,0.9132043719291687,0.9038114547729492,-1.6353422403335571,0.7267529964447021,1.0546568632125854,0.6122624278068542,0.9784442782402039,0.9815130233764648,0.8096954226493835,0.98979252576828,1.29339599609375,5.95597505569458,20.085529327392578,20.085529327392578,1.016542911529541,0.42499056458473206,20.085529327392578,1.2809265851974487,5.863823890686035,20.085500717163086,20.085500717163086,1.0152968168258667,0.4244445562362671,20.085500717163086
32,0.7063119411468506,0.9720754623413086,0.9186233282089233,-6.265955924987793,0.6977084279060364,0.4218026399612427,0.07265913486480713,0.04925459250807762,0.8932587504386902,0.08177295327186584,-0.7146042585372925,0.44699642062187195,0.991570770740509,0.9556097984313965,-1.4820774793624878,0.9892423152923584,1.071863055229187,0.6637783646583557,0.9960653781890869,0.9772359728813171,0.82220059633255,0.9943090081214905,1.0038297176361084,1.000870943069458,0.8604720830917358,-1.2612029314041138,0.8640670776367188,0.7070221900939941,0.1944352090358734,0.06242747977375984,0.897797703742981,0.40266522765159607,-1.2851892709732056,-0.4081059694290161,0.9123620986938477,0.9025676846504211,-1.5051759481430054,0.7267251014709473,1.0402634143829346,0.6396908760070801,0.9830474257469177,0.9876911640167236,0.8001020550727844,0.9931132793426514,1.320285677909851,6.155777454376221,20.085529327392578,20.085529327392578,1.0204731225967407,0.4257127642631531,20.085529327392578,1.3072388172149658,6.060144424438477,20.085500717163086,20.085500717163086,1.018924355506897,0.4253997504711151,20.085500717163086
33,0.6924748420715332,0.964255690574646,0.9330164194107056,-6.34214448928833,0.6895830035209656,0.40766727924346924,0.07285310328006744,0.04930032044649124,0.8733724355697632,0.08153128623962402,-0.6903074979782104,0.474183052778244,0.9915475249290466,0.9554957151412964,-1.3832651376724243,0.9892824292182922,1.0760080814361572,0.6889752745628357,0.9952349066734314,0.97840815782547,0.8442333340644836,0.9947782754898071,1.0020341873168945,0.9974589943885803,0.9349988698959351,-1.1424919366836548,0.8629056811332703,0.7153261303901672,0.195739284157753,0.06325693428516388,0.8718024492263794,0.40469059348106384,-1.2862045764923096,-0.4369136095046997,0.9120544195175171,0.901364266872406,-1.3700536489486694,0.7231365442276001,1.0708585977554321,0.6567263007164001,0.9882537722587585,0.9815335869789124,0.8497734069824219,0.9872096180915833,1.346973180770874,6.360229969024658,20.085529327392578,20.085529327392578,1.0254970788955688,0.4261291027069092,20.085529327392578,1.3344802856445312,6.266023635864258,20.085500717163086,20.085500717163086,1.0241886377334595,0.42614322900772095,20.085500717163086
34,0.6790579557418823,0.9575003385543823,0.9260093569755554,-6.413584232330322,0.6826747059822083,0.3956027925014496,0.07316865026950836,0.049422737210989,0.8568071126937866,0.08022905886173248,-0.6658895015716553,0.49773862957954407,0.9915285110473633,0.955274224281311,-1.300618290901184,0.9896435737609863,1.0831143856048584,0.7106100916862488,0.9960180521011353,0.9771018624305725,0.8673061728477478,0.9942137598991394,1.0013236999511719,0.9979893565177917,0.9547331929206848,-0.9635725021362305,0.9043228030204773,0.716808557510376,0.19712261855602264,0.0635925829410553,0.8879682421684265,0.4126688539981842,-1.4877426624298096,-0.4551761746406555,0.9103763103485107,0.8981173634529114,-1.4518907070159912,0.7134982347488403,0.8865292072296143,0.6707515716552734,0.9797665476799011,0.9932231903076172,0.8270216584205627,0.9898586869239807,1.3731764554977417,6.563584327697754,20.085529327392578,20.085529327392578,1.031089425086975,0.42653268575668335,20.085529327392578,1.3607479333877563,6.468660354614258,20.085500717163086,20.085500717163086,1.028091311454773,0.42627280950546265,20.085500717163086
35,0.6886284947395325,0.9493135213851929,0.9304488301277161,-6.449821472167969,0.6854968667030334,0.3837616443634033,0.07422374188899994,0.049667056649923325,0.850726306438446,0.08279997855424881,-0.6727871894836426,0.523068904876709,0.9912281036376953,0.9547433853149414,-1.2809616327285767,0.9889091849327087,1.076410174369812,0.7183921337127686,0.9951453804969788,0.9759370684623718,0.8640746474266052,0.995059609413147,0.9982236623764038,0.994418740272522,0.8614363670349121,-1.0271342992782593,0.8614120483398438,0.7196044325828552,0.19651618599891663,0.06301659345626831,0.8646769523620605,0.4056977331638336,-1.2838917970657349,-0.4701380729675293,0.9108127355575562,0.900877058506012,-1.3484923839569092,0.7212849259376526,1.056066870689392,0.6863698363304138,0.9840543270111084,0.9850631952285767,0.8417147397994995,0.9967111349105835,1.3810282945632935,6.668673515319824,20.085529327392578,20.085529327392578,1.0348014831542969,0.4267979562282562,20.085529327392578,1.3769677877426147,6.617039203643799,20.085500717163086,20.085500717163086,1.0325130224227905,0.42668744921684265,20.085500717163086
36,0.6571300625801086,0.9410308599472046,0.9360359907150269,-6.5676188468933105,0.6676287651062012,0.3704964816570282,0.07195500284433365,0.04898732528090477,0.8360926508903503,0.07822611927986145,-0.6175777316093445,0.5491884350776672,0.9917791485786438,0.9559859037399292,-1.2061405181884766,0.9900680780410767,1.089580774307251,0.7369633913040161,0.9957520961761475,0.9790889024734497,0.8716220855712891,0.9941136837005615,0.9980540871620178,0.9958140850067139,0.9297910928726196,-0.9708532094955444,0.8608219027519226,0.7236826419830322,0.19642481207847595,0.06309665739536285,0.8536683320999146,0.40519046783447266,-1.277707576751709,-0.4946112632751465,0.9112275838851929,0.9007844924926758,-1.2802001237869263,0.7230958938598633,1.0580418109893799,0.7025776505470276,0.9834675192832947,0.9827678203582764,0.8807575106620789,0.9973581433296204,1.3956345319747925,6.781097412109375,20.085529327392578,20.085529327392578,1.039646029472351,0.42709726095199585,20.085529327392578,1.3884260654449463,6.725757122039795,20.085500717163086,20.085500717163086,1.0371586084365845,0.42698603868484497,20.085500717163086
37,0.6445473432540894,0.9368256330490112,0.9517841935157776,-6.622967720031738,0.6592254638671875,0.3622133433818817,0.07185208797454834,0.049044691026210785,0.8323943614959717,0.07743540406227112,-0.5884420275688171,0.5632181167602539,0.991835355758667,0.9561212062835693,-1.1897727251052856,0.9902994632720947,1.0901833772659302,0.7516793608665466,0.9957086443901062,0.9767517447471619,0.8686707019805908,0.9951390027999878,1.0035572052001953,0.9944725632667542,0.890365481376648,-0.8477279543876648,0.8636742830276489,0.7268563508987427,0.1976124346256256,0.06339247524738312,0.851906418800354,0.4091057777404785,-1.2849664688110352,-0.5123748183250427,0.9101491570472717,0.89970862865448,-1.2726863622665405,0.716713547706604,1.0629757642745972,0.7142153382301331,0.9864103198051453,0.9846794605255127,0.8744413256645203,0.9911297559738159,1.4109641313552856,6.890017509460449,20.085529327392578,20.085529327392578,1.0443482398986816,0.42752331495285034,20.085529327392578,1.4033172130584717,6.836776256561279,20.085500717163086,20.085500717163086,1.0420266389846802,0.4273611605167389,20.085500717163086
38,0.6393625140190125,0.9310057163238525,0.94925457239151,-6.669126033782959,0.6563085317611694,0.35556942224502563,0.07102831453084946,0.04893010854721069,0.82619708776474,0.07657844573259354,-0.5828856229782104,0.5760624408721924,0.9919894337654114,0.956121027469635,-1.1663557291030884,0.9904927611351013,1.0928758382797241,0.7624258399009705,0.9959551692008972,0.9795659184455872,0.863923966884613,0.995318591594696,1.0025334358215332,0.9952720999717712,0.8894425630569458,-0.8704444766044617,0.8606700897216797,0.7285119891166687,0.19762346148490906,0.0629560798406601,0.8482975959777832,0.40475478768348694,-1.2700899839401245,-0.520770251750946,0.9103620648384094,0.9010688662528992,-1.255350112915039,0.7236906886100769,1.0603413581848145,0.7188897728919983,0.9873626828193665,0.9807480573654175,0.8641929626464844,0.9907323122024536,1.4255445003509521,6.997313022613525,20.085529327392578,20.085529327392578,1.0491141080856323,0.4277619421482086,20.085529327392578,1.4183229207992554,6.9453935623168945,20.085500717163086,20.085500717163086,1.0470917224884033,0.42770808935165405,20.085500717163086
39,0.6344677209854126,0.926027238368988,0.9620774984359741,-6.706669330596924,0.6524609327316284,0.34871193766593933,0.07139982283115387,0.04892119765281677,0.8174357414245605,0.0766143649816513,-0.5654492378234863,0.5885903835296631,0.9919092059135437,0.9563817977905273,-1.118809461593628,0.9905143976211548,1.090998888015747,0.7723432779312134,0.9956717491149902,0.9773098230361938,0.8745510578155518,0.9949407577514648,1.0036712884902954,0.991873562335968,0.958703875541687,-0.769830584526062,0.8646270632743835,0.7321555018424988,0.1976015865802765,0.0630430355668068,0.8433316946029663,0.4077010154724121,-1.291869878768921,-0.5384895205497742,0.9100188612937927,0.9007514119148254,-1.228433609008789,0.7196047306060791,1.0414628982543945,0.7320001721382141,0.9869241714477539,0.9855713248252869,0.8574818968772888,0.9952195882797241,1.4399679899215698,7.103880882263184,20.085529327392578,20.085529327392578,1.0541647672653198,0.4280903935432434,20.085529327392578,1.4330171346664429,7.051469326019287,20.085500717163086,20.085500717163086,1.0513226985931396,0.42787885665893555,20.085500717163086
40,0.6228570342063904,0.9177412390708923,0.9593589901924133,-6.773044109344482,0.6464155316352844,0.33973339200019836,0.07029952108860016,0.04891202226281166,0.8089510202407837,0.07514232397079468,-0.5505579710006714,0.605599045753479,0.9921260476112366,0.9562395811080933,-1.0822272300720215,0.9908567667007446,1.0932279825210571,0.7815850377082825,0.9961960911750793,0.978055477142334,0.8708210587501526,0.9952719211578369,1.0043132305145264,0.9916790127754211,0.9138941764831543,-0.7792346477508545,0.860187828540802,0.7319223880767822,0.19731733202934265,0.06289263069629669,0.8342350125312805,0.40642595291137695,-1.2682044506072998,-0.5423519611358643,0.9104713797569275,0.9005448818206787,-1.179423213005066,0.7216888070106506,1.0642622709274292,0.7359980940818787,0.9850122332572937,0.989395797252655,0.8721562027931213,0.9933500289916992,1.4473751783370972,7.157868385314941,20.085529327392578,20.085529327392578,1.0571781396865845,0.4282567501068115,20.085529327392578,1.4435144662857056,7.131269931793213,20.085500717163086,20.085500717163086,1.0555540323257446,0.428176611661911,20.085500717163086
41,0.62664794921875,0.9181565642356873,0.9568323493003845,-6.772961616516113,0.6467606425285339,0.3369794487953186,0.07129388302564621,0.048887111246585846,0.8049019575119019,0.07639432698488235,-0.5461121201515198,0.6098693609237671,0.9919476509094238,0.9564231634140015,-1.057421088218689,0.9906212687492371,1.101378083229065,0.7877195477485657,0.9958890080451965,0.9773306250572205,0.8752357363700867,0.99526447057724,1.0061603784561157,0.9914337992668152,0.945114016532898,-0.718049943447113,0.8643301129341125,0.7342853546142578,0.19897548854351044,0.06299439072608948,0.8367977142333984,0.40756434202194214,-1.290963888168335,-0.5543561577796936,0.9095911979675293,0.9004299640655518,-1.192286491394043,0.7201744318008423,1.045966386795044,0.7415856719017029,0.9903193116188049,0.985051155090332,0.8554415106773376,0.9970797300338745,1.4542466402053833,7.2102460861206055,20.085529327392578,20.085529327392578,1.059735655784607,0.4284161627292633,20.085529327392578,1.4507745504379272,7.184391975402832,20.085500717163086,20.085500717163086,1.0585463047027588,0.42826250195503235,20.085500717163086
42,0.6148399710655212,0.9110104441642761,0.9652048945426941,-6.821728706359863,0.6423298716545105,0.3324269950389862,0.0707581639289856,0.0488240085542202,0.8008663654327393,0.07544467598199844,-0.5352546572685242,0.6191501617431641,0.992043673992157,0.9564764499664307,-1.04420804977417,0.9908431768417358,1.0934202671051025,0.792715311050415,0.9962801337242126,0.9788073897361755,0.8754927515983582,0.9951478242874146,1.0056918859481812,0.9896246194839478,0.9599412083625793,-0.703448474407196,0.8587797284126282,0.7364833354949951,0.19800922274589539,0.06301353871822357,0.8315831422805786,0.4070560336112976,-1.261731505393982,-0.5633216500282288,0.9096806049346924,0.9007939100265503,-1.1648298501968384,0.7207279801368713,1.0729633569717407,0.748405396938324,0.9826356172561646,0.9833912253379822,0.8625937700271606,0.9951040744781494,1.462021827697754,7.262423515319824,20.085529327392578,20.085529327392578,1.062824010848999,0.428611695766449,20.085529327392578,1.458364486694336,7.236677646636963,20.085500717163086,20.085500717163086,1.0610847473144531,0.4284552037715912,20.085500717163086
43,0.6146563291549683,0.9091663956642151,0.9663745164871216,-6.83505392074585,0.6411305069923401,0.3305155038833618,0.07034140825271606,0.048782870173454285,0.8007698059082031,0.074622243642807,-0.528450071811676,0.6231878995895386,0.9921250343322754,0.9565073251724243,-1.0430885553359985,0.9909876585006714,1.09856379032135,0.7954119443893433,0.9960368275642395,0.9787590503692627,0.8708963990211487,0.9955987930297852,1.003426194190979,0.9894993305206299,0.9546294212341309,-0.697649359703064,0.8614879846572876,0.7357673645019531,0.19856669008731842,0.06308386474847794,0.8284109234809875,0.40698909759521484,-1.2762447595596313,-0.5618228912353516,0.9097553491592407,0.9009696841239929,-1.1468517780303955,0.721266508102417,1.056870460510254,0.7465285062789917,0.9852699637413025,0.9834995865821838,0.8674950003623962,0.9982615113258362,1.4692384004592896,7.3133039474487305,20.085529327392578,20.085529327392578,1.0657886266708374,0.4287871718406677,20.085529327392578,1.4656808376312256,7.288552284240723,20.085500717163086,20.085500717163086,1.064375877380371,0.42866843938827515,20.085500717163086
44,0.6089970469474792,0.9042189121246338,0.9652709364891052,-6.861110210418701,0.6373669505119324,0.3272453248500824,0.07048481702804565,0.048920340836048126,0.7955935597419739,0.0752825140953064,-0.5198237895965576,0.6289591193199158,0.9921003580093384,0.95631343126297,-1.017052412033081,0.9908528327941895,1.0984857082366943,0.8009545207023621,0.9957276582717896,0.977668046951294,0.866205632686615,0.9953911304473877,1.0046073198318481,0.988950788974762,0.9422022700309753,-0.6633734703063965,0.862583339214325,0.7375157475471497,0.1991579383611679,0.06291873008012772,0.8298388719558716,0.40688949823379517,-1.2818067073822021,-0.5718302726745605,0.9094060659408569,0.9010798931121826,-1.1584577560424805,0.7209900617599487,1.0552561283111572,0.7545491456985474,0.9902875423431396,0.9821817874908447,0.8499112129211426,0.9969579577445984,1.476780891418457,7.3637261390686035,20.085529327392578,20.085529327392578,1.0690256357192993,0.4289216101169586,20.085529327392578,1.4730134010314941,7.338626384735107,20.085500717163086,20.085500717163086,1.0674649477005005,0.4288599491119385,20.085500717163086
45,0.604982852935791,0.9022942781448364,0.9667457342147827,-6.887510299682617,0.6352721452713013,0.32314610481262207,0.07034522294998169,0.04884611442685127,0.7929165959358215,0.07476390153169632,-0.5138366222381592,0.6368813514709473,0.9921519160270691,0.9565674662590027,-1.0075948238372803,0.9909812211990356,1.0999701023101807,0.8040223121643066,0.9965897798538208,0.9769840836524963,0.8674753308296204,0.9952808618545532,1.0053635835647583,0.9879832863807678,0.9740751385688782,-0.6584500074386597,0.859913170337677,0.7377256155014038,0.19759565591812134,0.06305684894323349,0.8194131851196289,0.406900554895401,-1.2657338380813599,-0.5749471783638,0.9101059436798096,0.9005461931228638,-1.0983171463012695,0.7209141850471497,1.071054458618164,0.7566129565238953,0.9831184148788452,0.9861435294151306,0.8801840543746948,0.9977471232414246,1.4806220531463623,7.389161109924316,20.085529327392578,20.085529327392578,1.07064950466156,0.428999125957489,20.085529327392578,1.4787253141403198,7.376623153686523,20.085500717163086,20.085500717163086,1.0698682069778442,0.4289369285106659,20.085500717163086
46,0.6047236919403076,0.8989909887313843,0.9784108996391296,-6.902376651763916,0.6349943280220032,0.32070687413215637,0.07047749310731888,0.04875366389751434,0.78732830286026,0.07460695505142212,-0.5148041248321533,0.6416457295417786,0.992115318775177,0.9565276503562927,-0.9768702387809753,0.9910250902175903,1.0994043350219727,0.8059548139572144,0.9957292675971985,0.9786289930343628,0.87357497215271,0.99527907371521,1.0061525106430054,0.9884552955627441,0.9587743878364563,-0.6491158604621887,0.8607795834541321,0.7381717562675476,0.19841109216213226,0.06322844326496124,0.8231010437011719,0.40698161721229553,-1.270178198814392,-0.5769048929214478,0.9097161293029785,0.9004740715026855,-1.1194721460342407,0.7209455966949463,1.070945143699646,0.7581731677055359,0.983254075050354,0.9828447103500366,0.855320394039154,0.9979165196418762,1.4843285083770752,7.414305686950684,20.085529327392578,20.085529327392578,1.0722261667251587,0.42906293272972107,20.085529327392578,1.4824609756469727,7.401740074157715,20.085500717163086,20.085500717163086,1.0713609457015991,0.42900532484054565,20.085500717163086
47,0.6021325588226318,0.8983036875724792,0.9722699522972107,-6.914913177490234,0.6339686512947083,0.31859922409057617,0.07035879045724869,0.048790182918310165,0.7887036800384521,0.07491934299468994,-0.5097322463989258,0.6451389789581299,0.992135763168335,0.9564833641052246,-0.9856506586074829,0.9909486770629883,1.1020392179489136,0.8094449639320374,0.9961761832237244,0.9775081276893616,0.8629614114761353,0.9954360723495483,1.005650520324707,0.987052321434021,0.9507054090499878,-0.6282185316085815,0.8610585331916809,0.7390820980072021,0.19857646524906158,0.06309816986322403,0.8175567388534546,0.4068268835544586,-1.2719333171844482,-0.5832589268684387,0.9092286825180054,0.9006733894348145,-1.0876672267913818,0.7210917472839355,1.0691092014312744,0.762254536151886,0.9844244718551636,0.9839085340499878,0.8729492425918579,0.9972202181816101,1.4880897998809814,7.439272880554199,20.085529327392578,20.085529327392578,1.0738521814346313,0.4291621148586273,20.085529327392578,1.4862737655639648,7.4268598556518555,20.085500717163086,20.085500717163086,1.0730814933776855,0.42912110686302185,20.085500717163086
48,0.6005287766456604,0.8978555202484131,0.9713943004608154,-6.923496723175049,0.633948564529419,0.3173067569732666,0.07056774199008942,0.04880470782518387,0.7859872579574585,0.0744883269071579,-0.5119460225105286,0.6476185321807861,0.9921029210090637,0.9566037654876709,-0.9715850353240967,0.9910542964935303,1.099914312362671,0.8110377192497253,0.9952372908592224,0.9781469702720642,0.8618479371070862,0.9953447580337524,1.004960298538208,0.9867417216300964,0.9760221242904663,-0.6301027536392212,0.8604728579521179,0.739364743232727,0.19866248965263367,0.06304957717657089,0.8219658136367798,0.4069107174873352,-1.2696861028671265,-0.5836853384971619,0.9092916250228882,0.9005721807479858,-1.1135203838348389,0.7210591435432434,1.07206130027771,0.7605384588241577,0.98689204454422,0.9851903915405273,0.8452664613723755,0.9973811507225037,1.4918031692504883,7.463992118835449,20.085529327392578,20.085529327392578,1.0754278898239136,0.4292449355125427,20.085529327392578,1.49005925655365,7.451749324798584,20.085500717163086,20.085500717163086,1.074690580368042,0.4291951656341553,20.085500717163086
49,0.5985745787620544,0.8949074149131775,0.9787777662277222,-6.937975883483887,0.6317349076271057,0.315877765417099,0.07014395296573639,0.048842113465070724,0.7865602374076843,0.07407788932323456,-0.5020901560783386,0.6505693197250366,0.9921884536743164,0.9564599394798279,-0.9769737124443054,0.9911020398139954,1.1005648374557495,0.8135911226272583,0.9962098002433777,0.9764668941497803,0.8597561120986938,0.9953152537345886,1.0042003393173218,0.9857503175735474,0.9636982679367065,-0.603794276714325,0.8605676889419556,0.7395108342170715,0.19862672686576843,0.0629383996129036,0.8163342475891113,0.4076317250728607,-1.2700650691986084,-0.5880502462387085,0.9093899130821228,0.9009596705436707,-1.0817334651947021,0.7202466726303101,1.072506070137024,0.76631760597229,0.9861283302307129,0.9848527908325195,0.8564590811729431,0.999787449836731,1.495499610900879,7.488446235656738,20.085529327392578,20.085529327392578,1.0770303010940552,0.4292651116847992,20.085529327392578,1.4937037229537964,7.4762864112854,20.085500717163086,20.085500717163086,1.07613205909729,0.4292530119419098,20.085500717163086
50,0.5967111587524414,0.8918677568435669,0.9782463312149048,-6.951268196105957,0.6300482749938965,0.3143696188926697,0.07031501829624176,0.0487837940454483,0.7820284366607666,0.07432730495929718,-0.5006426572799683,0.6534767150878906,0.9921579360961914,0.9565380811691284,-0.9535525441169739,0.9910864233970642,1.1009492874145508,0.8150871992111206,0.9960278868675232,0.9780245423316956,0.8641525506973267,0.9953458309173584,1.004958152770996,0.9847201108932495,0.9711600542068481,-0.6063372492790222,0.8620684742927551,0.7397915720939636,0.19856476783752441,0.06305353343486786,0.8166329264640808,0.407327800989151,-1.278668999671936,-0.5895892381668091,0.9095832705497742,0.9007053971290588,-1.0855897665023804,0.7205617427825928,1.065207839012146,0.7670456767082214,0.9842485785484314,0.985625147819519,0.8505694270133972,0.9983405470848083,1.4973337650299072,7.500650882720947,20.085529327392578,20.085529327392578,1.0779114961624146,0.4293130040168762,20.085529327392578,1.496415615081787,7.494551181793213,20.085500717163086,20.085500717163086,1.07748281955719,0.4292752742767334,20.085500717163086
51,0.5958496928215027,0.8935720920562744,0.9803555607795715,-6.953536510467529,0.6302008628845215,0.3126370906829834,0.07032036036252975,0.04874701797962189,0.7847834229469299,0.07489781826734543,-0.5000889301300049,0.6553017497062683,0.9921764135360718,0.9566255211830139,-0.969032883644104,0.9909576177597046,1.0992769002914429,0.8178552985191345,0.9958286285400391,0.9780364632606506,0.851520836353302,0.996100664138794,1.0063649415969849,0.9859409928321838,0.952795147895813,-0.6017166972160339,0.8615414500236511,0.7404030561447144,0.19893878698349,0.06318463385105133,0.8159030079841614,0.40697064995765686,-1.2754002809524536,-0.5930891633033752,0.9093512296676636,0.9004964232444763,-1.084383487701416,0.7208883166313171,1.0715092420578003,0.7691677808761597,0.9862222075462341,0.9835202097892761,0.8536079525947571,0.997654139995575,1.4992188215255737,7.512707710266113,20.085529327392578,20.085529327392578,1.0787237882614136,0.4293367862701416,20.085529327392578,1.4982844591140747,7.506736755371094,20.085500717163086,20.085500717163086,1.0783109664916992,0.4293273687362671,20.085500717163086
52,0.5962833166122437,0.8927373290061951,0.9762535095214844,-6.956655025482178,0.6308053731918335,0.3127630949020386,0.07025330513715744,0.048753172159194946,0.7814193964004517,0.07419166713953018,-0.4988688826560974,0.6561024785041809,0.9921443462371826,0.9567098021507263,-0.9498483538627625,0.9911130666732788,1.1000550985336304,0.8186301589012146,0.9965133666992188,0.9774556159973145,0.8614282608032227,0.9946934580802917,1.006045937538147,0.9852123856544495,0.9670325517654419,-0.5861116647720337,0.8618965148925781,0.7405540347099304,0.19879676401615143,0.06319420784711838,0.8125178217887878,0.4072801172733307,-1.2771520614624023,-0.5935367941856384,0.9094194173812866,0.9004423022270203,-1.0625371932983398,0.72038733959198,1.0694276094436646,0.7701384425163269,0.9854239821434021,0.9843073487281799,0.8668921589851379,0.997105598449707,1.5010374784469604,7.524659156799316,20.085529327392578,20.085529327392578,1.0795034170150757,0.4293873906135559,20.085529327392578,1.500141978263855,7.51876163482666,20.085500717163086,20.085500717163086,1.0791103839874268,0.42936426401138306,20.085500717163086
53,0.5936396718025208,0.8912449479103088,0.9815945625305176,-6.966531753540039,0.6281559467315674,0.3119783103466034,0.0700179785490036,0.048875607550144196,0.7798033952713013,0.07453605532646179,-0.49371737241744995,0.6570716500282288,0.9922120571136475,0.9564448595046997,-0.9419933557510376,0.9911066293716431,1.1016823053359985,0.819227933883667,0.995712399482727,0.9785812497138977,0.8654688000679016,0.9951339364051819,1.0055171251296997,0.9850505590438843,0.9600220918655396,-0.5806715488433838,0.8611884117126465,0.7407578229904175,0.1987837553024292,0.06324923783540726,0.8125805854797363,0.4075106978416443,-1.273355484008789,-0.5940988659858704,0.9094091653823853,0.9003807902336121,-1.0625123977661133,0.7202693223953247,1.0707584619522095,0.7701470255851746,0.9862883687019348,0.9843763113021851,0.8622824549674988,0.9983669519424438,1.502887487411499,7.536561012268066,20.085529327392578,20.085529327392578,1.080306887626648,0.42939862608909607,20.085529327392578,1.5019563436508179,7.530670642852783,20.085500717163086,20.085500717163086,1.0799311399459839,0.42939889430999756,20.085500717163086
54,0.5951592326164246,0.889308512210846,0.9727548360824585,-6.96923828125,0.6289402842521667,0.3116716742515564,0.0705900713801384,0.04877576231956482,0.7765202522277832,0.07413510233163834,-0.495212197303772,0.6585131883621216,0.9921053647994995,0.9566247463226318,-0.9280480146408081,0.9910604953765869,1.1010726690292358,0.8204229474067688,0.9959291219711304,0.9790539145469666,0.8706008791923523,0.9971280694007874,1.005067229270935,0.9849554896354675,0.962830662727356,-0.5815255641937256,0.8626877665519714,0.7405092120170593,0.19895045459270477,0.06316978484392166,0.8128851056098938,0.40692272782325745,-1.2798831462860107,-0.5937991738319397,0.9093732833862305,0.9005368947982788,-1.0630836486816406,0.7207590341567993,1.0672746896743774,0.7700349688529968,0.9861130118370056,0.9838325381278992,0.8570865988731384,0.9971758127212524,1.504714846611023,7.548401832580566,20.085529327392578,20.085529327392578,1.081161618232727,0.4294327199459076,20.085529327392578,1.503840684890747,7.5425004959106445,20.085500717163086,20.085500717163086,1.080794095993042,0.4294111430644989,20.085500717163086
55,0.5932916402816772,0.8877886533737183,0.9779718518257141,-6.978084564208984,0.6284545063972473,0.3107711970806122,0.07017119228839874,0.04876825585961342,0.7760198712348938,0.07478049397468567,-0.49527621269226074,0.6604934930801392,0.9921663403511047,0.9566993117332458,-0.9248449206352234,0.9909909963607788,1.1024789810180664,0.8206777572631836,0.9960954189300537,0.9773053526878357,0.8647132515907288,0.9943462610244751,1.0055493116378784,0.9847476482391357,0.9627355337142944,-0.5783819556236267,0.8620873689651489,0.7408599257469177,0.1988089382648468,0.06316961348056793,0.8112915754318237,0.4070778489112854,-1.2768696546554565,-0.5957642197608948,0.9094761610031128,0.900495171546936,-1.0542690753936768,0.7207789421081543,1.0697410106658936,0.7713272571563721,0.985778272151947,0.9841647148132324,0.8608719110488892,0.9978944063186646,1.505619764328003,7.554354667663574,20.085529327392578,20.085529327392578,1.0815883874893188,0.4294484257698059,20.085529327392578,1.505161166191101,7.551422595977783,20.085500717163086,20.085500717163086,1.0813658237457275,0.4294448792934418,20.085500717163086
56,0.5945016145706177,0.8882396817207336,0.9769834280014038,-6.974424362182617,0.6290424466133118,0.3101746141910553,0.07031814008951187,0.04879363626241684,0.776310384273529,0.07444974035024643,-0.49868929386138916,0.6598788499832153,0.992199718952179,0.9564594626426697,-0.9261806607246399,0.9910245537757874,1.101870059967041,0.8219025731086731,0.9961416125297546,0.9779826998710632,0.8651788234710693,0.9954535365104675,1.0052682161331177,0.984519898891449,0.961441159248352,-0.5782168507575989,0.8619003295898438,0.7408539056777954,0.19887708127498627,0.06317684054374695,0.8104179501533508,0.40704116225242615,-1.2762231826782227,-0.5958962440490723,0.9094570875167847,0.9004567861557007,-1.049377202987671,0.7208534479141235,1.0708764791488647,0.7716383337974548,0.9858909845352173,0.9840355515480042,0.8621770739555359,0.9971175789833069,1.5065336227416992,7.560229301452637,20.085529327392578,20.085529327392578,1.0820119380950928,0.4294626712799072,20.085529327392578,1.5060774087905884,7.557310104370117,20.085500717163086,20.085500717163086,1.0817879438400269,0.4294597804546356,20.085500717163086
57,0.5937221646308899,0.8878135085105896,0.9806750416755676,-6.975537300109863,0.6292628645896912,0.31037119030952454,0.07035530358552933,0.04872932285070419,0.7765520215034485,0.0747433602809906,-0.49666720628738403,0.6604188680648804,0.9921600818634033,0.9566857814788818,-0.9257450103759766,0.9909628033638,1.1014680862426758,0.8220471143722534,0.9957563281059265,0.9771047234535217,0.8651828169822693,0.9948669672012329,1.0057406425476074,0.9849160313606262,0.9633700251579285,-0.5704666376113892,0.8622627258300781,0.7411942481994629,0.19894230365753174,0.06314641237258911,0.8104114532470703,0.4071376323699951,-1.2786566019058228,-0.5975346565246582,0.9094170331954956,0.9004648923873901,-1.0497212409973145,0.7207132577896118,1.069116473197937,0.7724302411079407,0.9866470694541931,0.984440267086029,0.8620961904525757,0.9973880052566528,1.5074427127838135,7.566080570220947,20.085529327392578,20.085529327392578,1.082443356513977,0.42948347330093384,20.085529327392578,1.506995677947998,7.563177108764648,20.085500717163086,20.085500717163086,1.0822300910949707,0.42947402596473694,20.085500717163086
58,0.5927290916442871,0.8873292207717896,0.9774605631828308,-6.983379364013672,0.6288890838623047,0.30960696935653687,0.07002507895231247,0.048695821315050125,0.7760431170463562,0.07357094436883926,-0.49310749769210815,0.6609084010124207,0.9922084808349609,0.9566834568977356,-0.9265087842941284,0.9912780523300171,1.1005873680114746,0.821310818195343,0.9963858723640442,0.9775089025497437,0.8634215593338013,0.995650053024292,1.0056613683700562,0.9851450324058533,0.9656763076782227,-0.568240761756897,0.8624739646911621,0.7412803769111633,0.1987188756465912,0.0631013810634613,0.8108657598495483,0.4072110056877136,-1.2799806594848633,-0.5982956886291504,0.9095314741134644,0.9005729556083679,-1.0528323650360107,0.7206331491470337,1.0665271282196045,0.7733383178710938,0.9851375818252563,0.9838268160820007,0.8578580617904663,0.9977825284004211,1.5083436965942383,7.571897029876709,20.085529327392578,20.085529327392578,1.0828628540039062,0.4294912815093994,20.085529327392578,1.5078965425491333,7.569019317626953,20.085500717163086,20.085500717163086,1.0826603174209595,0.42948058247566223,20.085500717163086
59,0.594356119632721,0.8860753178596497,0.9792030453681946,-6.983850479125977,0.6295952200889587,0.3091191053390503,0.07021041959524155,0.048664726316928864,0.7751013040542603,0.07453162968158722,-0.4976722002029419,0.6621913909912109,0.9921906590461731,0.9567511677742004,-0.9218611121177673,0.9910179376602173,1.1022415161132812,0.8228724002838135,0.9958566427230835,0.9778822064399719,0.8625890016555786,0.9950191974639893,1.0055782794952393,0.9846437573432922,0.9638745188713074,-0.5690348744392395,0.8624415397644043,0.7413123846054077,0.19890595972537994,0.06319219619035721,0.8114924430847168,0.40723952651023865,-1.2804875373840332,-0.5981331467628479,0.9093420505523682,0.900382936000824,-1.0564117431640625,0.7206576466560364,1.0671008825302124,0.7729911208152771,0.986150860786438,0.9844533801078796,0.853766918182373,0.9976586699485779,1.5092164278030396,7.577707767486572,20.085529327392578,20.085529327392578,1.083311676979065,0.4295122027397156,20.085529327392578,1.5087839365005493,7.5748209953308105,20.085500717163086,20.085500717163086,1.0830918550491333,0.4295048117637634,20.085500717163086
60,0.5897402167320251,0.8869020938873291,0.9789276719093323,-6.993946075439453,0.6272531747817993,0.30894219875335693,0.07017558068037033,0.04861585795879364,0.7754743099212646,0.07366267591714859,-0.4911862015724182,0.6641049385070801,0.9921872615814209,0.9568883180618286,-0.9218999147415161,0.9912459850311279,1.0995850563049316,0.8230356574058533,0.9959976077079773,0.977677583694458,0.8607314825057983,0.9950497150421143,1.005645751953125,0.9846451878547668,0.9655637741088867,-0.5664289593696594,0.8621370196342468,0.7413203716278076,0.19883228838443756,0.06319165229797363,0.8104243278503418,0.4073253571987152,-1.2786941528320312,-0.5980693101882935,0.9094210863113403,0.9004427194595337,-1.0502419471740723,0.7205567359924316,1.0680898427963257,0.7732098698616028,0.9860284328460693,0.9844435453414917,0.8564450144767761,0.9980239272117615,1.509685754776001,7.580630302429199,20.085529327392578,20.085529327392578,1.0835152864456177,0.42952221632003784,20.085529327392578,1.5094666481018066,7.579179286956787,20.085500717163086,20.085500717163086,1.0834068059921265,0.4295137822628021,20.085500717163086
61,0.5908026695251465,0.88470858335495,0.9792693853378296,-6.994317054748535,0.6278421878814697,0.3086155951023102,0.07028759270906448,0.04874062165617943,0.7740996479988098,0.07367392629384995,-0.49301403760910034,0.6641327142715454,0.9921841025352478,0.9566109776496887,-0.917781412601471,0.9912543892860413,1.1033297777175903,0.8236581087112427,0.9959748387336731,0.9775590300559998,0.8634339570999146,0.9958800077438354,1.00543212890625,0.9843690395355225,0.9671843647956848,-0.5615717172622681,0.8616863489151001,0.7415661811828613,0.1988234519958496,0.06318362802267075,0.809461236000061,0.4073336720466614,-1.276136875152588,-0.5996778011322021,0.9094067811965942,0.9004333019256592,-1.0444562435150146,0.7205195426940918,1.071529746055603,0.7742387056350708,0.9859026074409485,0.9844613075256348,0.8589456677436829,0.9978441596031189,1.5101392269134521,7.583539009094238,20.085529327392578,20.085529327392578,1.0837377309799194,0.42953044176101685,20.085529327392578,1.5099146366119385,7.582079887390137,20.085500717163086,20.085500717163086,1.0836212635040283,0.4295295774936676,20.085500717163086
62,0.5921840071678162,0.8868743181228638,0.9799533486366272,-6.990582466125488,0.6283336877822876,0.30780279636383057,0.07041220366954803,0.04884827882051468,0.7745722532272339,0.07408921420574188,-0.4934197664260864,0.6645058989524841,0.9921524524688721,0.9564051628112793,-0.9188423156738281,0.9911586046218872,1.102476954460144,0.8238117694854736,0.9957131147384644,0.9783847332000732,0.8617891669273376,0.9953653812408447,1.005191445350647,0.9845486283302307,0.9663740396499634,-0.5627453923225403,0.8620460629463196,0.7415068745613098,0.19888891279697418,0.06318642199039459,0.8103560209274292,0.4072684645652771,-1.2783690690994263,-0.5992811322212219,0.9093925356864929,0.9004480838775635,-1.0498430728912354,0.720628023147583,1.0674408674240112,0.7740684747695923,0.986374020576477,0.9847826361656189,0.8554168343544006,0.9979491233825684,1.5105855464935303,7.586435794830322,20.085529327392578,20.085529327392578,1.0839462280273438,0.42954325675964355,20.085529327392578,1.5103611946105957,7.584997653961182,20.085500717163086,20.085500717163086,1.0838435888290405,0.42953258752822876,20.085500717163086
63,0.5913546085357666,0.8833451271057129,0.9814938306808472,-6.993880271911621,0.6269581317901611,0.3086337447166443,0.07023479044437408,0.04863875359296799,0.7736315131187439,0.07400277256965637,-0.4912230372428894,0.6627532839775085,0.9921743869781494,0.9567996859550476,-0.9145491123199463,0.9911041259765625,1.1011323928833008,0.8238180875778198,0.9961443543434143,0.9782187342643738,0.8606356978416443,0.9954178333282471,1.005234956741333,0.9843398332595825,0.9641522169113159,-0.5624409317970276,0.8615461587905884,0.7415264844894409,0.19877777993679047,0.06315847486257553,0.8098262548446655,0.40733423829078674,-1.2755556106567383,-0.599322497844696,0.9094582796096802,0.9004870653152466,-1.0469048023223877,0.7205792665481567,1.068959355354309,0.774111807346344,0.9858373403549194,0.9845184683799744,0.8551014065742493,0.9979413151741028,1.511035680770874,7.589295387268066,20.085529327392578,20.085529327392578,1.084170937538147,0.4295480251312256,20.085529327392578,1.510819435119629,7.587880611419678,20.085500717163086,20.085500717163086,1.0840550661087036,0.4295446574687958,20.085500717163086
64,0.5901679396629333,0.8868367075920105,0.9773383140563965,-6.991857528686523,0.6276654601097107,0.30836719274520874,0.0703897550702095,0.048735156655311584,0.7729597091674805,0.07346001267433167,-0.4894956350326538,0.6632997393608093,0.9921559691429138,0.9566527009010315,-0.9103025794029236,0.9912152886390686,1.1027978658676147,0.824120819568634,0.9959689378738403,0.9778115749359131,0.8641249537467957,0.9954593777656555,1.00513756275177,0.9841508865356445,0.9638307690620422,-0.5608116388320923,0.8611047863960266,0.7415202856063843,0.1988191306591034,0.06315692514181137,0.8077878952026367,0.40738749504089355,-1.2730883359909058,-0.5995190143585205,0.9094538688659668,0.9005360007286072,-1.035142183303833,0.7205277681350708,1.0715688467025757,0.774321436882019,0.9862231016159058,0.9842568635940552,0.8599863052368164,0.9979029297828674,1.5114972591400146,7.592165946960449,20.085529327392578,20.085529327392578,1.0843709707260132,0.429557740688324,20.085529327392578,1.5112541913986206,7.5907464027404785,20.085500717163086,20.085500717163086,1.0842621326446533,0.42955321073532104,20.085500717163086
65,0.5903449058532715,0.88559490442276,0.979192852973938,-7.002202987670898,0.6270755529403687,0.30645352602005005,0.07022571563720703,0.048707086592912674,0.7725210189819336,0.07342124730348587,-0.48873990774154663,0.6667685508728027,0.9921812415122986,0.9565948843955994,-0.9055930376052856,0.9912775158882141,1.1034088134765625,0.8245089054107666,0.996211588382721,0.9775593280792236,0.8654949069023132,0.9957813024520874,1.0049853324890137,0.9840575456619263,0.9657428860664368,-0.5607333779335022,0.8616921305656433,0.7415510416030884,0.19884374737739563,0.06316733360290527,0.8083109855651855,0.4073422849178314,-1.2767345905303955,-0.5995600819587708,0.9094249606132507,0.9005119204521179,-1.038393259048462,0.7205798625946045,1.0681527853012085,0.7743380665779114,0.9860629439353943,0.9844262003898621,0.8577941656112671,0.9977307319641113,1.5117216110229492,7.593594551086426,20.085529327392578,20.085529327392578,1.0844806432724,0.4295628070831299,20.085529327392578,1.5116089582443237,7.592883110046387,20.085500717163086,20.085500717163086,1.0844321250915527,0.4295620918273926,20.085500717163086
66,0.5895095467567444,0.8856497406959534,0.9793648719787598,-6.996951580047607,0.6260136961936951,0.30773282051086426,0.07036101073026657,0.04870424047112465,0.7728106379508972,0.07423195987939835,-0.4875752925872803,0.664467990398407,0.9921765327453613,0.9566853046417236,-0.9078229665756226,0.9911209344863892,1.1012154817581177,0.8239667415618896,0.9962958097457886,0.9774587154388428,0.8644024133682251,0.9953559041023254,1.0052613019943237,0.9841048121452332,0.9661096334457397,-0.558310329914093,0.8618261218070984,0.7415949106216431,0.19884030520915985,0.06317232549190521,0.8080890774726868,0.40743303298950195,-1.277503490447998,-0.5997980237007141,0.9094310998916626,0.9004942178726196,-1.0372228622436523,0.7204655408859253,1.0681171417236328,0.7745084166526794,0.9858413338661194,0.9842339158058167,0.8581603169441223,0.9977660179138184,1.511948585510254,7.595011234283447,20.085529327392578,20.085529327392578,1.0845869779586792,0.4295647144317627,20.085529327392578,1.5118296146392822,7.594302654266357,20.085500717163086,20.085500717163086,1.0845352411270142,0.42956069111824036,20.085500717163086
67,0.58934485912323,0.8845020532608032,0.9812204837799072,-7.001502990722656,0.6266844272613525,0.3081720769405365,0.06984055042266846,0.04884488135576248,0.7724668383598328,0.07336695492267609,-0.4893709421157837,0.6644551157951355,0.9922784566879272,0.9565286636352539,-0.9054738283157349,0.9913433194160461,1.101533055305481,0.8251810669898987,0.9957090020179749,0.9777194857597351,0.8628327250480652,0.9952957034111023,1.0051038265228271,0.9841568470001221,0.9661399722099304,-0.5571389198303223,0.8615555763244629,0.7417048811912537,0.19886691868305206,0.06319426000118256,0.8077009916305542,0.4073827266693115,-1.2761980295181274,-0.6006647944450378,0.9094030857086182,0.9004366397857666,-1.0350587368011475,0.7205049991607666,1.0696457624435425,0.7749499678611755,0.9859753251075745,0.9845892190933228,0.8588671088218689,0.9978162050247192,1.5121800899505615,7.596432685852051,20.085529327392578,20.085529327392578,1.0846964120864868,0.42957010865211487,20.085529327392578,1.5120635032653809,7.595723628997803,20.085500717163086,20.085500717163086,1.0846483707427979,0.4295688569545746,20.085500717163086
68,0.5911739468574524,0.8831151723861694,0.9818689227104187,-6.998827934265137,0.6267895102500916,0.3075103461742401,0.06999876350164413,0.048765432089567184,0.7719634175300598,0.074317067861557,-0.4908870458602905,0.6650115251541138,0.9922395944595337,0.9567286372184753,-0.9046309590339661,0.9911267161369324,1.101148247718811,0.8244516849517822,0.996086061000824,0.9779195189476013,0.8634191155433655,0.9951776266098022,1.0047874450683594,0.9840731620788574,0.9676527976989746,-0.5582336187362671,0.8620668649673462,0.7416274547576904,0.19891846179962158,0.06317479908466339,0.8086759448051453,0.4073809087276459,-1.2788071632385254,-0.6001240611076355,0.9093614816665649,0.9004786610603333,-1.0407599210739136,0.7205231189727783,1.0669859647750854,0.7747265100479126,0.9858883023262024,0.9844736456871033,0.8537658452987671,0.9978667497634888,1.5124082565307617,7.597851753234863,20.085529327392578,20.085529327392578,1.0848032236099243,0.4295768141746521,20.085529327392578,1.5122979879379272,7.597141742706299,20.085500717163086,20.085500717163086,1.0847481489181519,0.4295738637447357,20.085500717163086
69,0.5915654897689819,0.8855246901512146,0.9836061596870422,-6.998345851898193,0.6275619864463806,0.3075105547904968,0.07031775265932083,0.048658087849617004,0.7731186747550964,0.07338719069957733,-0.492307186126709,0.6660444736480713,0.9921596050262451,0.9567676782608032,-0.9096546173095703,0.9912711381912231,1.1018139123916626,0.8245587348937988,0.9958860874176025,0.9775365591049194,0.8597510457038879,0.9956322312355042,1.004772424697876,0.9841045141220093,0.9689823985099792,-0.5573405027389526,0.862254798412323,0.7416540384292603,0.19889959692955017,0.06316523253917694,0.8089331388473511,0.40742525458335876,-1.2796026468276978,-0.6001731157302856,0.9093917608261108,0.9004881381988525,-1.0424385070800781,0.7204545736312866,1.0666133165359497,0.7747371196746826,0.9857169985771179,0.9843073487281799,0.8524235486984253,0.9980099201202393,1.5126259326934814,7.599272727966309,20.085529327392578,20.085529327392578,1.0849074125289917,0.42958155274391174,20.085529327392578,1.5125199556350708,7.598567008972168,20.085500717163086,20.085500717163086,1.0848541259765625,0.42957788705825806,20.085500717163086
70,0.5894030332565308,0.8839485049247742,0.984477162361145,-7.003503322601318,0.6269267797470093,0.30652934312820435,0.07023727893829346,0.048769786953926086,0.773040235042572,0.0737154558300972,-0.4925880432128906,0.667291522026062,0.9921602606773376,0.9566649198532104,-0.9102947115898132,0.9912263751029968,1.1015210151672363,0.8251540064811707,0.9959818720817566,0.9776342511177063,0.8598243594169617,0.9955042004585266,1.004764437675476,0.9841217994689941,0.9667907953262329,-0.5561404228210449,0.8619619607925415,0.7417044043540955,0.19890937209129333,0.0631880909204483,0.8082830309867859,0.4074179530143738,-1.2779638767242432,-0.6003881692886353,0.909389317035675,0.900455117225647,-1.0385406017303467,0.7204570174217224,1.0680254697799683,0.7749072909355164,0.9857819080352783,0.9844300150871277,0.855358898639679,0.9979909658432007,1.512739896774292,7.599978446960449,20.085529327392578,20.085529327392578,1.0849634408950806,0.42958277463912964,20.085529327392578,1.5126820802688599,7.599629878997803,20.085500717163086,20.085500717163086,1.0849353075027466,0.4295807182788849,20.085500717163086
71,0.5908735394477844,0.8851867914199829,0.981835663318634,-6.997851848602295,0.6275914907455444,0.3075902760028839,0.06991349160671234,0.04874400049448013,0.7725065350532532,0.07383499294519424,-0.49135684967041016,0.6660903692245483,0.9921879172325134,0.9566040635108948,-0.9070912599563599,0.9912036061286926,1.1009794473648071,0.8248254060745239,0.9963231086730957,0.9775465130805969,0.8605395555496216,0.9956467747688293,1.0047318935394287,0.9841079115867615,0.9663766026496887,-0.556046724319458,0.8621406555175781,0.7417153120040894,0.1989016979932785,0.06319274008274078,0.8083246946334839,0.40737396478652954,-1.278910517692566,-0.6005966663360596,0.9093773365020752,0.9004281759262085,-1.0388864278793335,0.7205035090446472,1.0672160387039185,0.7750411629676819,0.9857014417648315,0.9845671057701111,0.8554235696792603,0.997738778591156,1.512851595878601,7.600695610046387,20.085529327392578,20.085529327392578,1.0850108861923218,0.429584264755249,20.085529327392578,1.5127936601638794,7.600339889526367,20.085500717163086,20.085500717163086,1.0849850177764893,0.42958346009254456,20.085500717163086
72,0.5885360836982727,0.8844326734542847,0.9815866947174072,-7.003048419952393,0.6266457438468933,0.30740758776664734,0.07024511694908142,0.048683010041713715,0.7729594111442566,0.07386424392461777,-0.4894965887069702,0.6655865907669067,0.9921877980232239,0.9567415714263916,-0.9065956473350525,0.9911924600601196,1.1003984212875366,0.8254956603050232,0.9961168169975281,0.9779150485992432,0.8616220355033875,0.995629072189331,1.004728078842163,0.9840735197067261,0.9663512110710144,-0.5554900169372559,0.8618955612182617,0.741735577583313,0.19891153275966644,0.06319863349199295,0.8079890012741089,0.40739330649375916,-1.2775565385818481,-0.6006596088409424,0.9093633890151978,0.9004201889038086,-1.036818265914917,0.7204855680465698,1.0680691003799438,0.7750678658485413,0.9857575297355652,0.9845452308654785,0.8565832376480103,0.9978986978530884,1.5129690170288086,7.601407051086426,20.085529327392578,20.085529327392578,1.0850638151168823,0.42958635091781616,20.085529327392578,1.5129114389419556,7.601049423217773,20.085500717163086,20.085500717163086,1.0850375890731812,0.42958715558052063,20.085500717163086
73,0.5905629396438599,0.8834813833236694,0.9827234745025635,-7.0066094398498535,0.6272121071815491,0.3065195381641388,0.07026885449886322,0.04861738905310631,0.772209644317627,0.07358594983816147,-0.4910948872566223,0.6676769256591797,0.9921730756759644,0.9568103551864624,-0.9056813716888428,0.9912794232368469,1.1019238233566284,0.825223445892334,0.996268093585968,0.9781105518341064,0.8626200556755066,0.995675802230835,1.0047980546951294,0.984078049659729,0.9642071723937988,-0.5555800199508667,0.8617842793464661,0.7417248487472534,0.1988898366689682,0.06318406015634537,0.8079167604446411,0.40738168358802795,-1.2770024538040161,-0.6007198691368103,0.9093754291534424,0.9004392623901367,-1.0364105701446533,0.7204920053482056,1.0684266090393066,0.7751826047897339,0.9856113195419312,0.9846212267875671,0.8563812375068665,0.997913122177124,1.5130807161331177,7.602112770080566,20.085529327392578,20.085529327392578,1.0851176977157593,0.429589182138443,20.085529327392578,1.5130279064178467,7.601759910583496,20.085500717163086,20.085500717163086,1.0850909948349,0.4295874536037445,20.085500717163086
74,0.5909677147865295,0.8844165802001953,0.9826959371566772,-7.001046180725098,0.6270442605018616,0.30678316950798035,0.06990578770637512,0.04876505956053734,0.7723110914230347,0.07392973452806473,-0.4912763833999634,0.6663123965263367,0.9922212958335876,0.9565172791481018,-0.9062950611114502,0.9911775588989258,1.1022282838821411,0.825415849685669,0.9958177208900452,0.9779238700866699,0.8611108064651489,0.9952240586280823,1.0049927234649658,0.9840842485427856,0.9654034376144409,-0.5545952916145325,0.8616470098495483,0.7417780160903931,0.19886428117752075,0.06319237500429153,0.8077182769775391,0.40740203857421875,-1.2763822078704834,-0.6010319590568542,0.9093994498252869,0.9004185199737549,-1.0353214740753174,0.720460057258606,1.0692394971847534,0.7752949595451355,0.9854956865310669,0.984616756439209,0.8570014238357544,0.9979239702224731,1.5131914615631104,7.6028242111206055,20.085529327392578,20.085529327392578,1.0851707458496094,0.4295920729637146,20.085529327392578,1.5131357908248901,7.602472305297852,20.085500717163086,20.085500717163086,1.0851455926895142,0.4295904338359833,20.085500717163086
75,0.587959349155426,0.8844845294952393,0.9809484481811523,-7.003759384155273,0.6256841421127319,0.3074798583984375,0.07005315274000168,0.04865822196006775,0.7717334032058716,0.07354539632797241,-0.4857277274131775,0.6659001111984253,0.9921905994415283,0.956741988658905,-0.9033207893371582,0.9911991357803345,1.1018422842025757,0.8261639475822449,0.9956086277961731,0.9782890677452087,0.8613839149475098,0.9959079027175903,1.0049446821212769,0.9840604662895203,0.9643318057060242,-0.5542297959327698,0.8615880012512207,0.7417764663696289,0.19889728724956512,0.0632002055644989,0.8074896931648254,0.4074135720729828,-1.275986909866333,-0.6010676026344299,0.9093726277351379,0.9004026651382446,-1.0338654518127441,0.7204602956771851,1.0695078372955322,0.7753238081932068,0.985650360584259,0.9845783710479736,0.8576589226722717,0.9979727268218994,1.513251543045044,7.603179931640625,20.085529327392578,20.085529327392578,1.0851975679397583,0.4295938014984131,20.085529327392578,1.5132213830947876,7.603004455566406,20.085500717163086,20.085500717163086,1.085184097290039,0.4295930564403534,20.085500717163086
76,0.5895326733589172,0.8845547437667847,0.9809560775756836,-6.999823093414307,0.6262472867965698,0.3076127767562866,0.07012804597616196,0.048750024288892746,0.7718856334686279,0.07364977151155472,-0.486263632774353,0.6654790043830872,0.9921900629997253,0.956574022769928,-0.9024940729141235,0.9912476539611816,1.1019679307937622,0.8256672024726868,0.9959673881530762,0.9778130054473877,0.8631496429443359,0.9954805374145508,1.0049717426300049,0.9839890599250793,0.9647685289382935,-0.5542926788330078,0.8614997863769531,0.7417808771133423,0.1988791674375534,0.06319640576839447,0.8073068857192993,0.4074074327945709,-1.2754358053207397,-0.6010944843292236,0.909385085105896,0.9004064202308655,-1.0328644514083862,0.7204569578170776,1.0700994729995728,0.7753846645355225,0.9856334924697876,0.9845606088638306,0.8579248785972595,0.9979552626609802,1.5133092403411865,7.6035356521606445,20.085529327392578,20.085529327392578,1.0852237939834595,0.42959490418434143,20.085529327392578,1.5132803916931152,7.603359222412109,20.085500717163086,20.085500717163086,1.0852094888687134,0.4295935332775116,20.085500717163086
77,0.5899738073348999,0.8839982748031616,0.9797208905220032,-7.000471591949463,0.6267425417900085,0.3073650896549225,0.07003030180931091,0.048607442528009415,0.7724395394325256,0.07365194708108902,-0.4866076111793518,0.6657229065895081,0.9922254681587219,0.9567943215370178,-0.9025449156761169,0.9912555813789368,1.1028611660003662,0.825385570526123,0.9958303570747375,0.9780768752098083,0.8629063367843628,0.9955472350120544,1.0050323009490967,0.9839980602264404,0.9663681983947754,-0.5537132620811462,0.8615585565567017,0.7417871952056885,0.19889375567436218,0.06319092214107513,0.8074143528938293,0.40741196274757385,-1.2759110927581787,-0.6012106537818909,0.9093731641769409,0.9004186391830444,-1.033389925956726,0.7204486131668091,1.069492220878601,0.7754949927330017,0.9856511950492859,0.9845454692840576,0.8576904535293579,0.997868537902832,1.513366460800171,7.603891849517822,20.085529327392578,20.085529327392578,1.0852504968643188,0.4295958876609802,20.085529327392578,1.5133382081985474,7.603714466094971,20.085500717163086,20.085500717163086,1.0852382183074951,0.429595023393631,20.085500717163086
78,0.5911536812782288,0.8841233849525452,0.9813351035118103,-6.997587203979492,0.6276757717132568,0.3078708350658417,0.06996646523475647,0.048791833221912384,0.7713923454284668,0.07425522059202194,-0.4910357594490051,0.664434015750885,0.9922126531600952,0.9565836787223816,-0.9014882445335388,0.9910829067230225,1.1030633449554443,0.8247795701026917,0.9959008097648621,0.9780672192573547,0.8627032041549683,0.9952521324157715,1.005103588104248,0.9840189218521118,0.9636002779006958,-0.5530737638473511,0.8615248799324036,0.7418152093887329,0.1989065706729889,0.06319865584373474,0.8072078824043274,0.40741029381752014,-1.2756465673446655,-0.6013531684875488,0.9093561172485352,0.9003926515579224,-1.0322356224060059,0.7204325199127197,1.069752812385559,0.7755895256996155,0.9857580065727234,0.9846243858337402,0.8585109710693359,0.9979104399681091,1.5134210586547852,7.604247093200684,20.085529327392578,20.085529327392578,1.0852749347686768,0.4295969009399414,20.085529327392578,1.5133957862854004,7.604069232940674,20.085500717163086,20.085500717163086,1.085261344909668,0.4295961558818817,20.085500717163086
79,0.5891044735908508,0.8862566351890564,0.9826675653457642,-7.003721237182617,0.6256201267242432,0.306748628616333,0.07000244408845901,0.048722732812166214,0.7717934250831604,0.07338275015354156,-0.485786497592926,0.6673793792724609,0.9921926259994507,0.9566218852996826,-0.9033976793289185,0.9913043975830078,1.1036159992218018,0.8256810307502747,0.9960238337516785,0.9781169891357422,0.8643969893455505,0.9959789514541626,1.0050837993621826,0.9839483499526978,0.9659311175346375,-0.5532530546188354,0.8616297841072083,0.74181067943573,0.19890573620796204,0.06319136917591095,0.8074313998222351,0.40741094946861267,-1.276248574256897,-0.601347804069519,0.9093565940856934,0.9004126191139221,-1.0335370302200317,0.7204704284667969,1.0691155195236206,0.7755873799324036,0.9857752323150635,0.9845789074897766,0.8571227192878723,0.9978263974189758,1.513480305671692,7.604601860046387,20.085529327392578,20.085529327392578,1.0853008031845093,0.42959779500961304,20.085529327392578,1.5134501457214355,7.604424476623535,20.085500717163086,20.085500717163086,1.0852888822555542,0.4295974373817444,20.085500717163086
