epoch,loss,mae_mchirp,mae_merger_time,mae_q,mae_snr,r2_mchirp,r2_merger_time,r2_q,r2_snr,std_ratio_mchirp,std_ratio_merger_time,std_ratio_q,std_ratio_snr,val_loss,val_mae_mchirp,val_mae_merger_time,val_mae_q,val_mae_snr,val_r2_mchirp,val_r2_merger_time,val_r2_q,val_r2_snr,val_std_ratio_mchirp,val_std_ratio_merger_time,val_std_ratio_q,val_std_ratio_snr,val_weight_mchirp,val_weight_merger_time,val_weight_q,val_weight_snr,weight_mchirp,weight_merger_time,weight_q,weight_snr
0,0.291181743144989,0.6627296805381775,0.252305805683136,0.20207513868808746,0.5778176188468933,0.2801978588104248,-0.02016603946685791,-0.031430602073669434,0.4663999676704407,0.6143708825111389,0.16329580545425415,0.33502447605133057,0.7531664371490479,0.4986080229282379,0.5319843292236328,0.24510017037391663,0.18859536945819855,1.2062084674835205,0.4931160807609558,0.008429765701293945,0.08407557010650635,-0.9334760904312134,0.9804717898368835,0.06445731967687607,0.3661685287952423,0.5250005722045898,1.2343511581420898,1.2161266803741455,1.2172473669052124,1.2405470609664917,1.1090762615203857,1.1051610708236694,1.1057089567184448,1.1162946224212646
1,-0.8304076790809631,0.3561483919620514,0.20202702283859253,0.18583925068378448,0.40012791752815247,0.757353663444519,0.2781730890274048,0.12576836347579956,0.7439528703689575,0.876404345035553,0.4697513282299042,0.3758244216442108,0.874807596206665,-0.035346537828445435,0.4256126880645752,0.1264999806880951,0.18590185046195984,1.30722975730896,0.6685970425605774,0.6666613817214966,0.1096763014793396,-1.204996109008789,0.9580985903739929,0.8167632818222046,0.2980197072029114,0.44659480452537537,1.546375036239624,1.4812690019607544,1.4804918766021729,1.5302343368530273,1.387255311012268,1.344172477722168,1.3453634977340698,1.3822327852249146
2,-1.68703293800354,0.279468834400177,0.10138965398073196,0.179856538772583,0.37483224272727966,0.8486137986183167,0.7871444225311279,0.16989505290985107,0.775296151638031,0.926840603351593,0.9123355746269226,0.4396769404411316,0.8900511860847473,-0.8364758491516113,0.40921562910079956,0.13039818406105042,0.18440738320350647,1.1112855672836304,0.7004604339599609,0.6688084602355957,0.12085503339767456,-0.6617735624313354,0.883842945098877,0.8314171433448792,0.32223987579345703,0.5441296100616455,1.9181095361709595,1.8098481893539429,1.7994916439056396,1.8686344623565674,1.7285854816436768,1.641240119934082,1.635698914527893,1.6964493989944458
3,-2.47570538520813,0.23814165592193604,0.07879891991615295,0.1773824542760849,0.3608843684196472,0.8913282155990601,0.8717019557952881,0.19141554832458496,0.7923617959022522,0.94679856300354,0.9331310391426086,0.4587850272655487,0.8952341079711914,-1.8239619731903076,0.26017996668815613,0.08272223174571991,0.17696534097194672,0.9600993394851685,0.8717763423919678,0.8438531160354614,0.18388605117797852,-0.2242128849029541,0.845594584941864,0.9478467106819153,0.38032063841819763,0.7425771951675415,2.365478754043579,2.209104299545288,2.185509204864502,2.268007516860962,2.1367576122283936,2.0042030811309814,1.9873535633087158,2.0644583702087402
4,-3.21590256690979,0.22188687324523926,0.07382263243198395,0.1758766770362854,0.35291314125061035,0.9084873199462891,0.8883095979690552,0.20129060745239258,0.8009747266769409,0.9550866484642029,0.9409621953964233,0.46724995970726013,0.9031798243522644,-3.407973527908325,0.26264455914497375,0.12944410741329193,0.17577515542507172,0.3898997902870178,0.859494686126709,0.6796488761901855,0.19213956594467163,0.7434033155441284,0.9932463765144348,0.9339384436607361,0.4761393964290619,1.06158447265625,2.901346445083618,2.693397283554077,2.651557445526123,2.735166311264038,2.6281118392944336,2.4447340965270996,2.4123528003692627,2.498408794403076
5,-3.9467275142669678,0.19937431812286377,0.07350814342498779,0.17400498688220978,0.34545212984085083,0.9271324872970581,0.8898578882217407,0.2164069414138794,0.8101028800010681,0.96485835313797,0.9472606182098389,0.4802425801753998,0.9064908027648926,-4.200057029724121,0.22435343265533447,0.08561652898788452,0.17310592532157898,0.3626786470413208,0.9012691378593445,0.8352358937263489,0.21513736248016357,0.7825168967247009,0.9604710936546326,0.9268518090248108,0.45300358533859253,0.9202122092247009,3.551331043243408,3.280616283416748,3.213690996170044,3.279724597930908,3.218846559524536,2.978924512863159,2.9254231452941895,3.0020792484283447
6,-4.652636528015137,0.19083186984062195,0.07232341170310974,0.17379330098628998,0.3345489501953125,0.9353624582290649,0.8942727446556091,0.22029072046279907,0.8215030431747437,0.9680011868476868,0.9481986165046692,0.48430922627449036,0.9106913805007935,-3.7811977863311768,0.25299304723739624,0.09013034403324127,0.17366895079612732,0.7330836057662964,0.8768885731697083,0.8276857137680054,0.20226162672042847,0.19947463274002075,1.0232826471328735,0.9919235110282898,0.5405831933021545,0.7876357436180115,4.332474231719971,3.9930217266082764,3.889390468597412,3.911442518234253,3.934157133102417,3.6272952556610107,3.5428855419158936,3.5948545932769775
7,-5.323915958404541,0.18776072561740875,0.07145168632268906,0.1732586771249771,0.3270033299922943,0.9373217821121216,0.8963019847869873,0.2227899432182312,0.8296352624893188,0.9693522453308105,0.9464560151100159,0.4840724766254425,0.9151601195335388,-4.921697616577148,0.2671361565589905,0.073215052485466,0.173859104514122,0.5110706090927124,0.8667320609092712,0.8739555478096008,0.20175451040267944,0.580134391784668,1.0144275426864624,1.0240089893341064,0.5361888408660889,0.912306547164917,5.257385730743408,4.8569231033325195,4.699131965637207,4.636199474334717,4.784529685974121,4.413022994995117,4.284165859222412,4.2722578048706055
8,-6.002321720123291,0.17381946742534637,0.06592550873756409,0.17209556698799133,0.3183998465538025,0.9463051557540894,0.9123862981796265,0.2333090901374817,0.8390750885009766,0.9748814105987549,0.9545667171478271,0.4917224645614624,0.9199336171150208,-5.884682655334473,0.2157253921031952,0.06847437471151352,0.17116610705852509,0.40606561303138733,0.9080454707145691,0.8883547186851501,0.22122442722320557,0.7269384860992432,0.9455089569091797,0.9655447602272034,0.5111443996429443,0.96978759765625,6.374541759490967,5.907459259033203,5.667239665985107,5.461914539337158,5.802328109741211,5.3679704666137695,5.171644687652588,5.044582366943359
9,-6.627176284790039,0.17113293707370758,0.06927603483200073,0.17110870778560638,0.3128698170185089,0.9485260248184204,0.9039168357849121,0.23881828784942627,0.8444997072219849,0.9763924479484558,0.9542630314826965,0.5009468793869019,0.9219692349433899,-5.773927688598633,0.2375251054763794,0.06916774809360504,0.17227433621883392,0.5348264575004578,0.8869938850402832,0.8809270858764648,0.2185247540473938,0.5372259616851807,0.9591109752655029,1.0043187141418457,0.440266877412796,0.8775289058685303,7.696167945861816,7.1770429611206055,6.8182525634765625,6.378783226013184,7.024612903594971,6.5255126953125,6.229470252990723,5.925176620483398
10,-7.280664443969727,0.15987762808799744,0.06883446872234344,0.1706348955631256,0.2978404760360718,0.9556465148925781,0.9055713415145874,0.24243301153182983,0.8589158654212952,0.9778591394424438,0.9560832977294922,0.5053244829177856,0.9305310249328613,-6.970179557800293,0.22413019835948944,0.06737902760505676,0.17122498154640198,0.3840373158454895,0.8987051248550415,0.8935478925704956,0.22712278366088867,0.764110803604126,0.9573341608047485,0.9191453456878662,0.4639650881290436,0.8637174367904663,9.289804458618164,8.71375560760498,8.180754661560059,7.437468528747559,8.477518081665039,7.924829006195068,7.484824180603027,6.916309356689453
11,-7.874365329742432,0.15670691430568695,0.06639168411493301,0.17044131457805634,0.2914775311946869,0.9577252268791199,0.9125898480415344,0.24436253309249878,0.8647628426551819,0.9791870713233948,0.957091748714447,0.5074335932731628,0.9314120411872864,-6.214764595031738,0.21142904460430145,0.08158454298973083,0.1707681119441986,0.5929694175720215,0.9110069870948792,0.8521124124526978,0.2151983380317688,0.452661395072937,0.9696565270423889,1.0067929029464722,0.504039466381073,0.8185142874717712,11.16184139251709,10.576772689819336,9.780417442321777,8.582793235778809,10.206770896911621,9.621522903442383,8.962535858154297,8.007375717163086
12,-8.482571601867676,0.15404264628887177,0.06471668183803558,0.16960939764976501,0.27494558691978455,0.9592085480690002,0.9184556007385254,0.2524412274360657,0.8796502947807312,0.980964720249176,0.9591575264930725,0.5084589123725891,0.9395920038223267,-7.772932529449463,0.20062808692455292,0.06959602981805801,0.16956044733524323,0.388893187046051,0.913777768611908,0.8891940116882324,0.22349494695663452,0.7472429871559143,0.9777649641036987,0.9576889872550964,0.5274141430854797,0.9636864066123962,13.347439765930176,12.831819534301758,11.647553443908691,9.923063278198242,12.25242805480957,11.675248146057129,10.696681022644043,9.27640438079834
13,-9.047924041748047,0.1466531604528427,0.06295688450336456,0.16874441504478455,0.26815685629844666,0.9634397029876709,0.9219210147857666,0.2581776976585388,0.8855939507484436,0.9828253984451294,0.9591093063354492,0.5188784599304199,0.942911684513092,-7.728353023529053,0.20665498077869415,0.07759717106819153,0.16890215873718262,0.4403568208217621,0.9065619707107544,0.8522070646286011,0.23409152030944824,0.6845917701721191,0.9549993276596069,0.9791118502616882,0.5523134469985962,0.9272249341011047,15.941583633422852,15.559572219848633,13.806516647338867,11.351807594299316,14.63171100616455,14.161764144897461,12.707615852355957,10.692420959472656
14,-9.559900283813477,0.14146685600280762,0.06596691161394119,0.16848696768283844,0.2634013295173645,0.9651289582252502,0.9135091304779053,0.25926917791366577,0.8906686902046204,0.9830490350723267,0.9604402780532837,0.5158858895301819,0.9452359676361084,-8.640130996704102,0.1883840560913086,0.06471986323595047,0.16901622712612152,0.36863911151885986,0.9187561869621277,0.8989977240562439,0.23548895120620728,0.7669766545295715,0.9716495871543884,0.9746968746185303,0.5368640422821045,0.9304338097572327,18.923444747924805,18.823976516723633,16.265342712402344,12.824129104614258,17.400894165039062,17.14920425415039,15.016395568847656,12.100382804870605
15,-10.130426406860352,0.1318393498659134,0.061500806361436844,0.16763097047805786,0.23954617977142334,0.9706655740737915,0.9272016882896423,0.26560598611831665,0.9088711738586426,0.9861521124839783,0.9633705019950867,0.5235300660133362,0.9539438486099243,-8.67979621887207,0.19611477851867676,0.06578892469406128,0.16940030455589294,0.3760329484939575,0.9189094305038452,0.895423173904419,0.23324871063232422,0.7639913558959961,0.9291701912879944,0.9446066617965698,0.5459885597229004,0.959193229675293,20.085529327392578,20.085529327392578,19.03428077697754,14.756105422973633,19.899232864379883,19.873641967773438,17.63251495361328,13.848125457763672
16,-10.37972354888916,0.12440483272075653,0.060992490500211716,0.16613984107971191,0.22758807241916656,0.9739453792572021,0.9288591146469116,0.2778542637825012,0.9175651669502258,0.9874245524406433,0.9646209478378296,0.5377413034439087,0.9588517546653748,-8.001081466674805,0.1932888627052307,0.06677143275737762,0.16793173551559448,0.43123388290405273,0.9192089438438416,0.8884343504905701,0.22741758823394775,0.6910272836685181,0.9825226664543152,0.9745107293128967,0.5634840130805969,0.9637501835823059,20.085529327392578,20.085529327392578,20.085529327392578,16.9580020904541,20.085500717163086,20.085500717163086,19.905410766601562,15.873778343200684
17,-10.566963195800781,0.11742226034402847,0.058149755001068115,0.16457073390483856,0.2130657434463501,0.9770572185516357,0.9367856383323669,0.2879917621612549,0.9280362129211426,0.9885656237602234,0.9678677320480347,0.5402573347091675,0.9647976756095886,-6.9547319412231445,0.21463802456855774,0.06547646969556808,0.16999737918376923,0.481074720621109,0.9048352837562561,0.8953399658203125,0.22860705852508545,0.617168128490448,0.9092395305633545,0.9879778027534485,0.5163706541061401,0.9483816623687744,20.085529327392578,20.085529327392578,20.085529327392578,19.513242721557617,20.085500717163086,20.085500717163086,20.085500717163086,18.318456649780273
18,-10.809691429138184,0.11068540066480637,0.05786174535751343,0.16291925311088562,0.18514683842658997,0.9799560308456421,0.9385725855827332,0.30029332637786865,0.9456355571746826,0.9895516633987427,0.9687356352806091,0.5531798005104065,0.9723321199417114,-8.262167930603027,0.18865790963172913,0.06575261801481247,0.16799286007881165,0.3883456289768219,0.9197705388069153,0.895382821559906,0.220087468624115,0.746645987033844,0.9898260831832886,0.9518559575080872,0.5786243081092834,0.9670968055725098,20.085529327392578,20.085529327392578,20.085529327392578,20.085529327392578,20.085500717163086,20.085500717163086,20.085500717163086,20.037700653076172
19,-10.924409866333008,0.1061038002371788,0.05728726089000702,0.1610942780971527,0.1686854213476181,0.9813447594642639,0.9401558041572571,0.3150291442871094,0.9545990824699402,0.9909800887107849,0.9694207310676575,0.5688269734382629,0.9771122336387634,-8.155999183654785,0.18632730841636658,0.06505721062421799,0.16940656304359436,0.39627066254615784,0.9174973964691162,0.8963474035263062,0.23669391870498657,0.736261248588562,0.9710486531257629,0.9692334532737732,0.5358007550239563,0.997748076915741,20.085529327392578,20.085529327392578,20.085529327392578,20.085529327392578,20.085500717163086,20.085500717163086,20.085500717163086,20.085500717163086
20,-11.039156913757324,0.10072749108076096,0.05613725632429123,0.15801334381103516,0.15329572558403015,0.983420193195343,0.9424003958702087,0.3366040587425232,0.9625436067581177,0.9915165901184082,0.970650315284729,0.587505042552948,0.981639564037323,-8.220804214477539,0.1911533772945404,0.0633789598941803,0.1675509363412857,0.39046522974967957,0.9177608489990234,0.9025757312774658,0.21893787384033203,0.7419016361236572,0.9811182022094727,0.9713041186332703,0.6005620360374451,0.9802706837654114,20.085529327392578,20.085529327392578,20.085529327392578,20.085529327392578,20.085500717163086,20.085500717163086,20.085500717163086,20.085500717163086
21,-11.245951652526855,0.08497540652751923,0.05421101301908493,0.15354354679584503,0.12186509370803833,0.9882937669754028,0.9479454755783081,0.37036430835723877,0.9759289026260376,0.99397212266922,0.9733442068099976,0.6156479120254517,0.9877297282218933,-8.261667251586914,0.18380852043628693,0.06410668790340424,0.16789329051971436,0.3927469849586487,0.9236178398132324,0.9011359810829163,0.20715981721878052,0.7434487342834473,0.975878894329071,0.9782053232192993,0.597327709197998,0.9806325435638428,20.085529327392578,20.085529327392578,20.085529327392578,20.085529327392578,20.085500717163086,20.085500717163086,20.085500717163086,20.085500717163086
22,-11.353690147399902,0.0764245018362999,0.05333835259079933,0.14843706786632538,0.10513757169246674,0.9906562566757202,0.9503249526023865,0.4072568416595459,0.9820403456687927,0.9955554008483887,0.9734948873519897,0.6439258456230164,0.9907810688018799,-8.040712356567383,0.18266955018043518,0.06284953653812408,0.1685994416475296,0.4090496897697449,0.9239251017570496,0.9031204581260681,0.20427227020263672,0.7179094552993774,0.9767356514930725,0.9759586453437805,0.6210162043571472,0.9795655012130737,20.085529327392578,20.085529327392578,20.085529327392578,20.085529327392578,20.085500717163086,20.085500717163086,20.085500717163086,20.085500717163086
23,-11.408430099487305,0.07232353836297989,0.05322704464197159,0.14444267749786377,0.09605982899665833,0.9916391968727112,0.9503920078277588,0.4362684488296509,0.9849187731742859,0.995535135269165,0.9747061133384705,0.6679428219795227,0.9919537305831909,-8.081780433654785,0.18814486265182495,0.06311152875423431,0.17009253799915314,0.4032893180847168,0.9199550747871399,0.9022848606109619,0.20636242628097534,0.7259032130241394,0.9974405169487,0.983866810798645,0.5865230560302734,1.0126949548721313,20.085529327392578,20.085529327392578,20.085529327392578,20.085529327392578,20.085500717163086,20.085500717163086,20.085500717163086,20.085500717163086
24,-11.450228691101074,0.07054785639047623,0.05274418741464615,0.13975360989570618,0.09009764343500137,0.9920859336853027,0.951454758644104,0.46879929304122925,0.9867337942123413,0.9960072040557861,0.9745912551879883,0.695692777633667,0.9932567477226257,-7.879873752593994,0.1916700005531311,0.06281004846096039,0.17121073603630066,0.41386571526527405,0.918100118637085,0.9032274484634399,0.16145557165145874,0.7090333104133606,1.0043574571609497,0.9750838279724121,0.700000524520874,0.981298565864563,20.085529327392578,20.085529327392578,20.085529327392578,20.085529327392578,20.085500717163086,20.085500717163086,20.085500717163086,20.085500717163086
25,-11.466440200805664,0.06906527280807495,0.05262172967195511,0.13565386831760406,0.09147462248802185,0.9923434853553772,0.951446533203125,0.4974880814552307,0.9864851832389832,0.996545135974884,0.9753119945526123,0.721490204334259,0.9934042096138,-8.101353645324707,0.18956732749938965,0.06363203376531601,0.17234811186790466,0.3987942636013031,0.9176183342933655,0.8995726108551025,0.17210328578948975,0.7332302331924438,0.981775164604187,0.9820932745933533,0.6350749135017395,1.0045828819274902,20.085529327392578,20.085529327392578,20.085529327392578,20.085529327392578,20.085500717163086,20.085500717163086,20.085500717163086,20.085500717163086
26,-11.549894332885742,0.062019187957048416,0.05152244493365288,0.12832270562648773,0.07674664258956909,0.9938836097717285,0.9540317058563232,0.546427309513092,0.9903297424316406,0.9966767430305481,0.9756449460983276,0.7500408291816711,0.994735598564148,-8.09095573425293,0.18957385420799255,0.06302107870578766,0.17288628220558167,0.3989206850528717,0.9175432920455933,0.9011768102645874,0.1379222273826599,0.7329882383346558,0.9893402457237244,0.9773204922676086,0.6950439810752869,0.9987652897834778,20.085529327392578,20.085529327392578,20.085529327392578,20.085529327392578,20.085500717163086,20.085500717163086,20.085500717163086,20.085500717163086
27,-11.587930679321289,0.05904463678598404,0.05141100659966469,0.12394702434539795,0.06941627711057663,0.9944954514503479,0.9543201327323914,0.5722998976707458,0.9920547604560852,0.9969637393951416,0.977052628993988,0.7713326215744019,0.9958328604698181,-8.125089645385742,0.190671905875206,0.06342431157827377,0.17459748685359955,0.3939491808414459,0.9170081615447998,0.9006047248840332,0.11001956462860107,0.7392761707305908,0.993105947971344,0.9794578552246094,0.7167003750801086,0.9862544536590576,20.085529327392578,20.085529327392578,20.085529327392578,20.085529327392578,20.085500717163086,20.085500717163086,20.085500717163086,20.085500717163086
28,-11.608582496643066,0.05770781636238098,0.05096869915723801,0.12024156749248505,0.06818673759698868,0.9947096705436707,0.9550647735595703,0.5976585149765015,0.9924024939537048,0.9975267648696899,0.9768059849739075,0.7898533344268799,0.9959923028945923,-8.051759719848633,0.19029401242733002,0.06322505325078964,0.1786070168018341,0.3980260491371155,0.9178842306137085,0.9007351994514465,0.06861340999603271,0.7333757877349854,0.9872696399688721,0.9755783677101135,0.7883236408233643,0.9903249740600586,20.085529327392578,20.085529327392578,20.085529327392578,20.085529327392578,20.085500717163086,20.085500717163086,20.085500717163086,20.085500717163086
29,-11.63037109375,0.05660173296928406,0.05089149251580238,0.11682898551225662,0.06454384326934814,0.9948973059654236,0.9553866386413574,0.61983323097229,0.9931649565696716,0.9973631501197815,0.9768120050430298,0.8069533109664917,0.996386706829071,-8.080690383911133,0.18960408866405487,0.06340906023979187,0.1778150498867035,0.3964507281780243,0.9179732799530029,0.9001412391662598,0.0878247618675232,0.7345951795578003,0.9772476553916931,0.985995888710022,0.7240892052650452,0.986689031124115,20.085529327392578,20.085529327392578,20.085529327392578,20.085529327392578,20.085500717163086,20.085500717163086,20.085500717163086,20.085500717163086
30,-11.645976066589355,0.05552438646554947,0.05092114955186844,0.11328932642936707,0.06369408965110779,0.9951103925704956,0.955187201499939,0.6400381922721863,0.9933809638023376,0.9975180625915527,0.9774800539016724,0.8183614015579224,0.9966371059417725,-8.067262649536133,0.19063115119934082,0.06336577236652374,0.17998521029949188,0.39578866958618164,0.917047381401062,0.8993536829948425,0.04962277412414551,0.7361790537834167,0.9732934236526489,0.9802235960960388,0.7713950276374817,0.9860454797744751,20.085529327392578,20.085529327392578,20.085529327392578,20.085529327392578,20.085500717163086,20.085500717163086,20.085500717163086,20.085500717163086
31,-11.679259300231934,0.05219254270195961,0.050265777856111526,0.10815025120973587,0.05809302628040314,0.9956710934638977,0.9563817977905273,0.6695281863212585,0.9943945407867432,0.9976714849472046,0.9779044389724731,0.8379587531089783,0.9968544840812683,-8.013683319091797,0.19142010807991028,0.06327281892299652,0.18206787109375,0.39793771505355835,0.9162627458572388,0.8998852372169495,0.0271986722946167,0.7325601577758789,0.9874700903892517,0.9800648093223572,0.791733980178833,0.9971075057983398,20.085529327392578,20.085529327392578,20.085529327392578,20.085529327392578,20.085500717163086,20.085500717163086,20.085500717163086,20.085500717163086
32,-11.690475463867188,0.05135062709450722,0.050238385796546936,0.10545766353607178,0.05796540901064873,0.995823323726654,0.9565688967704773,0.6843183636665344,0.994497537612915,0.9980103969573975,0.9768815636634827,0.8497891426086426,0.9971024990081787,-8.013245582580566,0.1925022453069687,0.06349879503250122,0.18197642266750336,0.39722901582717896,0.9157164692878723,0.8990839719772339,0.027484118938446045,0.7337256669998169,0.9866555333137512,0.9876543879508972,0.7916473150253296,0.9931512475013733,20.085529327392578,20.085529327392578,20.085529327392578,20.085529327392578,20.085500717163086,20.085500717163086,20.085500717163086,20.085500717163086
33,-11.701974868774414,0.050506576895713806,0.05005944147706032,0.10291077941656113,0.05677477642893791,0.9959484934806824,0.956857442855835,0.6989734172821045,0.9947047829627991,0.997631311416626,0.978430449962616,0.8550639152526855,0.9972665309906006,-7.991621494293213,0.19310811161994934,0.06321143358945847,0.1830771118402481,0.3984602987766266,0.915414571762085,0.9005351066589355,0.02130991220474243,0.7319251298904419,0.9935516119003296,0.9678725004196167,0.7964255213737488,0.9878409504890442,20.085529327392578,20.085529327392578,20.085529327392578,20.085529327392578,20.085500717163086,20.085500717163086,20.085500717163086,20.085500717163086
34,-11.712794303894043,0.04960741847753525,0.04976518824696541,0.10179630666971207,0.054291676729917526,0.9961034059524536,0.9573251605033875,0.7072229385375977,0.9951195120811462,0.9981486797332764,0.9772107601165771,0.8619577884674072,0.9974201917648315,-7.975340843200684,0.1927044540643692,0.0633811503648758,0.18480083346366882,0.39907777309417725,0.9155271053314209,0.8993636965751648,-0.005890965461730957,0.7317849397659302,0.9824707508087158,0.9825392961502075,0.8218584656715393,0.995302677154541,20.085529327392578,20.085529327392578,20.085529327392578,20.085529327392578,20.085500717163086,20.085500717163086,20.085500717163086,20.085500717163086
35,-11.719669342041016,0.049454692751169205,0.04987580329179764,0.09904129803180695,0.054653607308864594,0.9961124062538147,0.9573774933815002,0.719752311706543,0.9951044321060181,0.9979988932609558,0.978154718875885,0.8718918561935425,0.9974619150161743,-7.9224700927734375,0.1939735859632492,0.06314466148614883,0.18493621051311493,0.40221720933914185,0.9145448803901672,0.9003804326057434,-0.0011661052703857422,0.7268826365470886,0.9939122796058655,0.9751492738723755,0.8110359311103821,0.982092022895813,20.085529327392578,20.085529327392578,20.085529327392578,20.085529327392578,20.085500717163086,20.085500717163086,20.085500717163086,20.085500717163086
36,-11.739086151123047,0.047648053616285324,0.04947503283619881,0.09574548900127411,0.050634656101465225,0.9963992834091187,0.9580116271972656,0.7369396686553955,0.9957208633422852,0.9981223940849304,0.977424681186676,0.875419020652771,0.9976329207420349,-7.971447944641113,0.1929173767566681,0.06338628381490707,0.18739211559295654,0.3988249599933624,0.9152029156684875,0.9001368880271912,-0.02777552604675293,0.7331821918487549,0.9842596054077148,0.9835935831069946,0.8300557732582092,0.9925637245178223,20.085529327392578,20.085529327392578,20.085529327392578,20.085529327392578,20.085500717163086,20.085500717163086,20.085500717163086,20.085500717163086
37,-11.745613098144531,0.04691581800580025,0.04941073805093765,0.09458906948566437,0.049312349408864975,0.9965259432792664,0.9580017328262329,0.7426395416259766,0.9959873557090759,0.9981281757354736,0.9783417582511902,0.8814491033554077,0.9978345036506653,-7.948075771331787,0.19284430146217346,0.0636051744222641,0.18697619438171387,0.39982113242149353,0.9154635667800903,0.899441659450531,-0.032213807106018066,0.7304199934005737,0.9876204133033752,0.9851990938186646,0.8409934043884277,0.9900764226913452,20.085529327392578,20.085529327392578,20.085529327392578,20.085529327392578,20.085500717163086,20.085500717163086,20.085500717163086,20.085500717163086
38,-11.749354362487793,0.04657699167728424,0.04925442114472389,0.09352947026491165,0.04892909154295921,0.9965486526489258,0.958288848400116,0.7475920915603638,0.9960207939147949,0.9982773661613464,0.9789711833000183,0.885454535484314,0.9979647397994995,-7.9531354904174805,0.19349022209644318,0.06325624138116837,0.18706855177879333,0.3994416892528534,0.9152347445487976,0.9002702236175537,-0.030878067016601562,0.7314901351928711,0.9871990084648132,0.9765841960906982,0.8345526456832886,0.9919946193695068,20.085529327392578,20.085529327392578,20.085529327392578,20.085529327392578,20.085500717163086,20.085500717163086,20.085500717163086,20.085500717163086
39,-11.753790855407715,0.04681723564863205,0.04935988038778305,0.09274204075336456,0.04874841123819351,0.9965395927429199,0.9581711888313293,0.7546425461769104,0.9960854649543762,0.9982198476791382,0.9773063659667969,0.8879960775375366,0.9980614185333252,-7.943955421447754,0.19366171956062317,0.06350308656692505,0.18812143802642822,0.399323970079422,0.9147745370864868,0.8994103074073792,-0.04905223846435547,0.731857419013977,0.9886667132377625,0.9827923774719238,0.8528079390525818,0.9873003959655762,20.085529327392578,20.085529327392578,20.085529327392578,20.085529327392578,20.085500717163086,20.085500717163086,20.085500717163086,20.085500717163086
40,-11.759491920471191,0.046134963631629944,0.049145303666591644,0.09146051108837128,0.04752357676625252,0.9966094493865967,0.9584769606590271,0.7593991756439209,0.9962567090988159,0.9982380867004395,0.9791040420532227,0.8932698369026184,0.9980068802833557,-7.939105033874512,0.1941830962896347,0.06333782523870468,0.1895383894443512,0.39975541830062866,0.9148070812225342,0.9004950523376465,-0.04623854160308838,0.7310861945152283,0.9849494099617004,0.9766821265220642,0.8332647085189819,0.9912953972816467,20.085529327392578,20.085529327392578,20.085529327392578,20.085529327392578,20.085500717163086,20.085500717163086,20.085500717163086,20.085500717163086
41,-11.769962310791016,0.04513053968548775,0.04889017343521118,0.08909008651971817,0.045858100056648254,0.9967488646507263,0.9589332938194275,0.7705942988395691,0.9965198636054993,0.9980791807174683,0.9780993461608887,0.8978211879730225,0.9981164932250977,-7.926698207855225,0.1947695016860962,0.06330545991659164,0.18857881426811218,0.39988887310028076,0.9140772819519043,0.9003013372421265,-0.04855847358703613,0.7305315732955933,0.9917142391204834,0.9810567498207092,0.8516679406166077,0.990047812461853,20.085529327392578,20.085529327392578,20.085529327392578,20.085529327392578,20.085500717163086,20.085500717163086,20.085500717163086,20.085500717163086
42,-11.772174835205078,0.044803686439991,0.0490148551762104,0.08874160051345825,0.04533649981021881,0.9967960119247437,0.9587516188621521,0.7731137871742249,0.9965810775756836,0.9982876181602478,0.9788382053375244,0.8969427943229675,0.9981064200401306,-7.9278082847595215,0.1943884938955307,0.0634799674153328,0.18956191837787628,0.3997356593608856,0.9144449234008789,0.8997622728347778,-0.06066727638244629,0.7312703132629395,0.9871848225593567,0.9804823398590088,0.8544704914093018,0.9922301769256592,20.085529327392578,20.085529327392578,20.085529327392578,20.085529327392578,20.085500717163086,20.085500717163086,20.085500717163086,20.085500717163086
43,-11.775094032287598,0.04479740560054779,0.04883572831749916,0.0883871391415596,0.0441134013235569,0.9968235492706299,0.9590255618095398,0.7745862007141113,0.9967107772827148,0.9983106851577759,0.9781765937805176,0.9008312821388245,0.9982321858406067,-7.93032693862915,0.19448742270469666,0.06339119374752045,0.18990127742290497,0.3994801640510559,0.9144837260246277,0.8998168110847473,-0.06847488880157471,0.732082724571228,0.9852674007415771,0.9791303277015686,0.862369179725647,0.992493748664856,20.085529327392578,20.085529327392578,20.085529327392578,20.085529327392578,20.085500717163086,20.085500717163086,20.085500717163086,20.085500717163086
44,-11.77808952331543,0.04460912197828293,0.048842817544937134,0.08739150315523148,0.04427482187747955,0.9968336224555969,0.9589686393737793,0.7796265482902527,0.9967230558395386,0.9983798265457153,0.9793228507041931,0.903724193572998,0.9982606768608093,-7.931985378265381,0.1943923979997635,0.06324606388807297,0.19034522771835327,0.3996767997741699,0.9143416881561279,0.9002662301063538,-0.05989968776702881,0.7319439649581909,0.984692394733429,0.9724034667015076,0.8410730361938477,0.9924601912498474,20.085529327392578,20.085529327392578,20.085529327392578,20.085529327392578,20.085500717163086,20.085500717163086,20.085500717163086,20.085500717163086
45,-11.780207633972168,0.04453004524111748,0.04882672056555748,0.08607804030179977,0.045287277549505234,0.9968398213386536,0.9590671062469482,0.7855643630027771,0.9966022968292236,0.9985499382019043,0.9779982566833496,0.9034588932991028,0.9982159733772278,-7.935335636138916,0.19407519698143005,0.06347344070672989,0.19071674346923828,0.3991421163082123,0.9144940972328186,0.8992211818695068,-0.07029962539672852,0.732559084892273,0.9848663806915283,0.9849684834480286,0.8537651300430298,0.9904817938804626,20.085529327392578,20.085529327392578,20.085529327392578,20.085529327392578,20.085500717163086,20.085500717163086,20.085500717163086,20.085500717163086
46,-11.782974243164062,0.04392968863248825,0.048903826624155045,0.08545184880495071,0.044897254556417465,0.9969202876091003,0.9589529037475586,0.7880842685699463,0.9966579675674438,0.9981821775436401,0.9800143241882324,0.9068601131439209,0.9980811476707458,-7.924372673034668,0.19455121457576752,0.06333237886428833,0.19105231761932373,0.3994280993938446,0.9142287373542786,0.8998915553092957,-0.0735543966293335,0.7318938970565796,0.9861963987350464,0.97821444272995,0.8541550636291504,0.9903612732887268,20.085529327392578,20.085529327392578,20.085529327392578,20.085529327392578,20.085500717163086,20.085500717163086,20.085500717163086,20.085500717163086
47,-11.784857749938965,0.04366234689950943,0.04865066707134247,0.08501479774713516,0.04494115337729454,0.9969738721847534,0.9592902660369873,0.7908772826194763,0.9966390132904053,0.9982617497444153,0.9790264368057251,0.9099797010421753,0.9979334473609924,-7.922325134277344,0.19440005719661713,0.06334760040044785,0.19132226705551147,0.3998863399028778,0.9141212105751038,0.8999254703521729,-0.07546532154083252,0.7318668365478516,0.9856408834457397,0.9802492260932922,0.8558029532432556,0.9934486150741577,20.085529327392578,20.085529327392578,20.085529327392578,20.085529327392578,20.085500717163086,20.085500717163086,20.085500717163086,20.085500717163086
48,-11.787727355957031,0.04376789927482605,0.048607636243104935,0.08467785269021988,0.04340141639113426,0.996960461139679,0.9594140648841858,0.7915459871292114,0.9968572854995728,0.9982203841209412,0.9789244532585144,0.909416913986206,0.9984168410301208,-7.917596340179443,0.19498589634895325,0.06338830292224884,0.19108828902244568,0.40000686049461365,0.913959801197052,0.8999618887901306,-0.07913923263549805,0.7318992614746094,0.988391637802124,0.9800781011581421,0.8638599514961243,0.9934330582618713,20.085529327392578,20.085529327392578,20.085529327392578,20.085529327392578,20.085500717163086,20.085500717163086,20.085500717163086,20.085500717163086
49,-11.788687705993652,0.043705590069293976,0.04869356006383896,0.08442191034555435,0.043169956654310226,0.9969729781150818,0.9593473076820374,0.7929421067237854,0.9969000816345215,0.9986363649368286,0.9776774048805237,0.9114827513694763,0.998516857624054,-7.921678066253662,0.19466373324394226,0.06339864432811737,0.19108377397060394,0.39997345209121704,0.9142223596572876,0.899749219417572,-0.07384490966796875,0.7317591309547424,0.9864013195037842,0.9833201169967651,0.8569770455360413,0.9939316511154175,20.085529327392578,20.085529327392578,20.085529327392578,20.085529327392578,20.085500717163086,20.085500717163086,20.085500717163086,20.085500717163086
50,-11.789627075195312,0.04351388290524483,0.04862593486905098,0.08434540778398514,0.042897194623947144,0.996978223323822,0.9593812227249146,0.7935900688171387,0.9969197511672974,0.9986785650253296,0.9802370667457581,0.908814549446106,0.99839848279953,-7.917569637298584,0.19458529353141785,0.06343849003314972,0.19145913422107697,0.3996586203575134,0.9141693115234375,0.8998621702194214,-0.08328855037689209,0.7319716215133667,0.9849440455436707,0.9803804159164429,0.8703659772872925,0.9929717183113098,20.085529327392578,20.085529327392578,20.085529327392578,20.085529327392578,20.085500717163086,20.085500717163086,20.085500717163086,20.085500717163086
51,-11.792377471923828,0.04319321736693382,0.04852629825472832,0.08334945142269135,0.04289521649479866,0.9970163106918335,0.9594870209693909,0.7977112531661987,0.9969412684440613,0.998235285282135,0.978744387626648,0.9110398888587952,0.9983408451080322,-7.918423652648926,0.19453197717666626,0.06343795359134674,0.1913646161556244,0.39975953102111816,0.9141672849655151,0.8995784521102905,-0.08073627948760986,0.7317922115325928,0.9853408336639404,0.9801710247993469,0.8644645810127258,0.9919731616973877,20.085529327392578,20.085529327392578,20.085529327392578,20.085529327392578,20.085500717163086,20.085500717163086,20.085500717163086,20.085500717163086
52,-11.792516708374023,0.04300898313522339,0.04848584532737732,0.0834781602025032,0.04318774864077568,0.9970548748970032,0.9595644474029541,0.7978541254997253,0.9969216585159302,0.9983856678009033,0.9790241718292236,0.9115173816680908,0.9980825781822205,-7.911094665527344,0.19477064907550812,0.06344672292470932,0.19148457050323486,0.4002159535884857,0.9141483306884766,0.8996119499206543,-0.08305931091308594,0.7312695980072021,0.985539972782135,0.9806293845176697,0.8668931126594543,0.9939377903938293,20.085529327392578,20.085529327392578,20.085529327392578,20.085529327392578,20.085500717163086,20.085500717163086,20.085500717163086,20.085500717163086
53,-11.793219566345215,0.043089188635349274,0.048466794192790985,0.0830613523721695,0.04395044595003128,0.9970388412475586,0.9597389101982117,0.8007938861846924,0.9967966675758362,0.998591959476471,0.9795334339141846,0.9132262468338013,0.9983572959899902,-7.914080619812012,0.19461584091186523,0.06347790360450745,0.19186900556087494,0.39987805485725403,0.9141074419021606,0.8996033668518066,-0.08613395690917969,0.7318416833877563,0.9843770265579224,0.9792122840881348,0.868203341960907,0.9926671385765076,20.085529327392578,20.085529327392578,20.085529327392578,20.085529327392578,20.085500717163086,20.085500717163086,20.085500717163086,20.085500717163086
54,-11.7947359085083,0.04311026260256767,0.048514965921640396,0.08297836780548096,0.04257550463080406,0.9970459938049316,0.9595683217048645,0.8006239533424377,0.9969674348831177,0.9982610940933228,0.9788121581077576,0.9144111275672913,0.9984955191612244,-7.912595272064209,0.19493386149406433,0.06348451972007751,0.1922832578420639,0.39973363280296326,0.9139909148216248,0.8995871543884277,-0.08438563346862793,0.7316324710845947,0.9876125454902649,0.9801384210586548,0.8585677742958069,0.9903386235237122,20.085529327392578,20.085529327392578,20.085529327392578,20.085529327392578,20.085500717163086,20.085500717163086,20.085500717163086,20.085500717163086
55,-11.793265342712402,0.043023236095905304,0.04847360774874687,0.08294370025396347,0.04348691552877426,0.9970499873161316,0.9596054553985596,0.7999615669250488,0.99685138463974,0.9985026121139526,0.9785502552986145,0.9127830266952515,0.9981608986854553,-7.913571357727051,0.1946266144514084,0.06348887085914612,0.1919519603252411,0.3999537527561188,0.9141209125518799,0.899612307548523,-0.08708691596984863,0.7318460941314697,0.9852128028869629,0.9810194969177246,0.8683063387870789,0.9927543997764587,20.085529327392578,20.085529327392578,20.085529327392578,20.085529327392578,20.085500717163086,20.085500717163086,20.085500717163086,20.085500717163086
56,-11.794665336608887,0.04301567003130913,0.04835140332579613,0.08272502571344376,0.04287140816450119,0.9970548748970032,0.9597722887992859,0.8007520437240601,0.996933102607727,0.9984663128852844,0.9793704748153687,0.9158076643943787,0.9983798265457153,-7.911846160888672,0.19478711485862732,0.06344045698642731,0.19209767878055573,0.399777352809906,0.9139818549156189,0.899667501449585,-0.08883965015411377,0.7318911552429199,0.9852977395057678,0.9801284074783325,0.8697828650474548,0.9921237826347351,20.085529327392578,20.085529327392578,20.085529327392578,20.085529327392578,20.085500717163086,20.085500717163086,20.085500717163086,20.085500717163086
57,-11.795954704284668,0.04303809255361557,0.048505205661058426,0.08269992470741272,0.04239453747868538,0.9970622658729553,0.9595789909362793,0.801533043384552,0.9970130920410156,0.9984809756278992,0.9787805676460266,0.9181070327758789,0.99857097864151,-7.9153594970703125,0.19472932815551758,0.06346293538808823,0.1918184906244278,0.39960095286369324,0.9140799045562744,0.8996413946151733,-0.08555006980895996,0.7319543361663818,0.9851653575897217,0.9800922274589539,0.867470920085907,0.9908928275108337,20.085529327392578,20.085529327392578,20.085529327392578,20.085529327392578,20.085500717163086,20.085500717163086,20.085500717163086,20.085500717163086
58,-11.795690536499023,0.04299727827310562,0.04848526418209076,0.08263374119997025,0.04217781871557236,0.9970680475234985,0.9596707224845886,0.8007063865661621,0.9970296621322632,0.99830162525177,0.9786049127578735,0.9152200818061829,0.9981914758682251,-7.911470890045166,0.19488580524921417,0.06345124542713165,0.19195778667926788,0.3997613489627838,0.913927435874939,0.8995414972305298,-0.08626949787139893,0.7316924929618835,0.9868776798248291,0.9805681705474854,0.8640974760055542,0.991777777671814,20.085529327392578,20.085529327392578,20.085529327392578,20.085529327392578,20.085500717163086,20.085500717163086,20.085500717163086,20.085500717163086
59,-11.796485900878906,0.042946964502334595,0.048471562564373016,0.08238942176103592,0.042535483837127686,0.9970671534538269,0.9596015214920044,0.80291748046875,0.9969984889030457,0.9985500574111938,0.9786950945854187,0.9138965606689453,0.9983886480331421,-7.911509037017822,0.19485773146152496,0.06347780674695969,0.19206061959266663,0.39968329668045044,0.913927435874939,0.8994872570037842,-0.08758687973022461,0.7317739725112915,0.9866557717323303,0.9815168976783752,0.8671063780784607,0.9920695424079895,20.085529327392578,20.085529327392578,20.085529327392578,20.085529327392578,20.085500717163086,20.085500717163086,20.085500717163086,20.085500717163086
60,-11.795454025268555,0.0429634265601635,0.04838167876005173,0.08279810845851898,0.04240172356367111,0.9970734119415283,0.9597542881965637,0.8006651401519775,0.9969840049743652,0.9983882904052734,0.9790154099464417,0.9142061471939087,0.9982141852378845,-7.909054756164551,0.19491690397262573,0.06343955546617508,0.19210243225097656,0.39974865317344666,0.9138960242271423,0.8996008038520813,-0.08941328525543213,0.7316309809684753,0.9871150255203247,0.980462908744812,0.8707960844039917,0.991818368434906,20.085529327392578,20.085529327392578,20.085529327392578,20.085529327392578,20.085500717163086,20.085500717163086,20.085500717163086,20.085500717163086
61,-11.79872989654541,0.042543090879917145,0.04851175844669342,0.08199328929185867,0.041713714599609375,0.9971050024032593,0.9595698714256287,0.8044995665550232,0.9970866441726685,0.9988426566123962,0.9786662459373474,0.9171689748764038,0.9985589385032654,-7.912203788757324,0.1947569102048874,0.06343986093997955,0.19205980002880096,0.39964601397514343,0.9140019416809082,0.8996208906173706,-0.08906757831573486,0.7318955659866333,0.985396146774292,0.9805419445037842,0.8696587681770325,0.9915522933006287,20.085529327392578,20.085529327392578,20.085529327392578,20.085529327392578,20.085500717163086,20.085500717163086,20.085500717163086,20.085500717163086
62,-11.797771453857422,0.042840659618377686,0.048460930585861206,0.0820380300283432,0.042120080441236496,0.9970883727073669,0.9596706628799438,0.8045210838317871,0.9970288276672363,0.9984382390975952,0.9791769981384277,0.9164741635322571,0.9984533190727234,-7.912308692932129,0.1947651505470276,0.06345728784799576,0.19203609228134155,0.39967793226242065,0.9139865636825562,0.8995681405067444,-0.08812892436981201,0.7317944765090942,0.9860979914665222,0.9810385704040527,0.8684909343719482,0.9916574358940125,20.085529327392578,20.085529327392578,20.085529327392578,20.085529327392578,20.085500717163086,20.085500717163086,20.085500717163086,20.085500717163086
63,-11.796974182128906,0.042919207364320755,0.04845131188631058,0.08217114210128784,0.04237549006938934,0.9970861673355103,0.9596997499465942,0.8032012581825256,0.9969963431358337,0.9984363317489624,0.9788572192192078,0.9151983261108398,0.998432457447052,-7.9132561683654785,0.19472721219062805,0.06345168501138687,0.19204601645469666,0.3996275067329407,0.9140220880508423,0.8995243310928345,-0.08828520774841309,0.7319343090057373,0.9852665662765503,0.9811272025108337,0.8687151074409485,0.9915844798088074,20.085529327392578,20.085529327392578,20.085529327392578,20.085529327392578,20.085500717163086,20.085500717163086,20.085500717163086,20.085500717163086
64,-11.799450874328613,0.042715322226285934,0.04846002534031868,0.08166230469942093,0.04148818179965019,0.997081995010376,0.9596663117408752,0.8054333925247192,0.9971096515655518,0.9987812042236328,0.9792193174362183,0.9165510535240173,0.9981366991996765,-7.911230564117432,0.19468538463115692,0.06346290558576584,0.19220967590808868,0.39978399872779846,0.914034903049469,0.8995684385299683,-0.0893106460571289,0.7317594289779663,0.9847681522369385,0.9806606769561768,0.8685318231582642,0.9923228621482849,20.085529327392578,20.085529327392578,20.085529327392578,20.085529327392578,20.085500717163086,20.085500717163086,20.085500717163086,20.085500717163086
65,-11.798164367675781,0.04255153238773346,0.048488203436136246,0.08257841318845749,0.0415281318128109,0.9971103668212891,0.959696888923645,0.8028256893157959,0.9971254467964172,0.9981520175933838,0.9785386919975281,0.9177652597427368,0.9984362721443176,-7.910645961761475,0.1948269009590149,0.06344704329967499,0.19219708442687988,0.39973658323287964,0.913901686668396,0.8995891809463501,-0.08899092674255371,0.7317894697189331,0.986111581325531,0.9802138209342957,0.8681092858314514,0.9919610023498535,20.085529327392578,20.085529327392578,20.085529327392578,20.085529327392578,20.085500717163086,20.085500717163086,20.085500717163086,20.085500717163086
66,-11.797520637512207,0.042871762067079544,0.048422638326883316,0.08215522021055222,0.042270880192518234,0.9970672130584717,0.9597310423851013,0.8037903308868408,0.9970363974571228,0.9982331395149231,0.9782437682151794,0.9140136241912842,0.9984135627746582,-7.909060001373291,0.1948559284210205,0.06345038115978241,0.19213923811912537,0.3998079001903534,0.9138821363449097,0.8995274901390076,-0.09010803699493408,0.7316982746124268,0.9864731431007385,0.9803473949432373,0.8703051805496216,0.9920076131820679,20.085529327392578,20.085529327392578,20.085529327392578,20.085529327392578,20.085500717163086,20.085500717163086,20.085500717163086,20.085500717163086
67,-11.79893684387207,0.04244893789291382,0.04843854904174805,0.0821627825498581,0.04138776659965515,0.997118353843689,0.9596667289733887,0.8039798736572266,0.9971104264259338,0.9986687302589417,0.9786162376403809,0.9149281978607178,0.9985257387161255,-7.91052770614624,0.1947280615568161,0.06344501674175262,0.1922169029712677,0.39980894327163696,0.9140082597732544,0.8995735049247742,-0.09029960632324219,0.7317804098129272,0.9854306578636169,0.9805644154548645,0.8701169490814209,0.9921818375587463,20.085529327392578,20.085529327392578,20.085529327392578,20.085529327392578,20.085500717163086,20.085500717163086,20.085500717163086,20.085500717163086
68,-11.798018455505371,0.04268038645386696,0.048419274389743805,0.08196569979190826,0.04236944019794464,0.9970892667770386,0.959775984287262,0.8042219877243042,0.9970073699951172,0.9983301758766174,0.9784409403800964,0.9168418645858765,0.9983275532722473,-7.909692287445068,0.1948029100894928,0.06344578415155411,0.19223067164421082,0.3998294174671173,0.9139618873596191,0.8995751142501831,-0.09017407894134521,0.7317290306091309,0.9859640002250671,0.9807111620903015,0.869570791721344,0.992480456829071,20.085529327392578,20.085529327392578,20.085529327392578,20.085529327392578,20.085500717163086,20.085500717163086,20.085500717163086,20.085500717163086
69,-11.799490928649902,0.04290083423256874,0.04841860011219978,0.08149513602256775,0.04171648249030113,0.9970900416374207,0.959665060043335,0.8064117431640625,0.9970881342887878,0.9985367059707642,0.978744387626648,0.9177955389022827,0.9986820220947266,-7.910614013671875,0.1947513371706009,0.0634414404630661,0.19222413003444672,0.3997800946235657,0.9139992594718933,0.899587869644165,-0.08994424343109131,0.7317489385604858,0.9857187867164612,0.9806326627731323,0.8695505857467651,0.9919848442077637,20.085529327392578,20.085529327392578,20.085529327392578,20.085529327392578,20.085500717163086,20.085500717163086,20.085500717163086,20.085500717163086
70,-11.799369812011719,0.04248939827084541,0.048486243933439255,0.08190041780471802,0.04169470816850662,0.9971174597740173,0.9596190452575684,0.805168628692627,0.99711012840271,0.9986114501953125,0.9787297248840332,0.9159621596336365,0.9983036518096924,-7.909842491149902,0.19475847482681274,0.06346471607685089,0.1921503245830536,0.3998296558856964,0.9139965176582336,0.8995528817176819,-0.08984994888305664,0.7317072749137878,0.9854098558425903,0.9808429479598999,0.8702213764190674,0.9921256303787231,20.085529327392578,20.085529327392578,20.085529327392578,20.085529327392578,20.085500717163086,20.085500717163086,20.085500717163086,20.085500717163086
71,-11.799478530883789,0.04270439222455025,0.04838695749640465,0.08185958862304688,0.04157235100865364,0.9970869421958923,0.9597471952438354,0.8054799437522888,0.9971073269844055,0.9981343150138855,0.9787672758102417,0.9196889400482178,0.9985933899879456,-7.910305976867676,0.19481292366981506,0.06345590949058533,0.19219520688056946,0.3997674584388733,0.9139542579650879,0.8995650410652161,-0.08933794498443604,0.731763482093811,0.9858555793762207,0.9809006452560425,0.8689338564872742,0.9919806718826294,20.085529327392578,20.085529327392578,20.085529327392578,20.085529327392578,20.085500717163086,20.085500717163086,20.085500717163086,20.085500717163086
72,-11.799332618713379,0.04263819381594658,0.048406995832920074,0.08171625435352325,0.04193878546357155,0.9971044063568115,0.959740161895752,0.8058993220329285,0.9970709681510925,0.9985042214393616,0.9793005585670471,0.9179911017417908,0.9985361695289612,-7.909846305847168,0.19482801854610443,0.06345725804567337,0.19217875599861145,0.3997863829135895,0.913945734500885,0.8995574712753296,-0.08943474292755127,0.7317309379577637,0.9859055280685425,0.9808938503265381,0.8692508339881897,0.991955041885376,20.085529327392578,20.085529327392578,20.085529327392578,20.085529327392578,20.085500717163086,20.085500717163086,20.085500717163086,20.085500717163086
73,-11.7989501953125,0.04272894933819771,0.04832915961742401,0.08209208399057388,0.04120650514960289,0.997090756893158,0.9598567485809326,0.8038615584373474,0.9971345067024231,0.9983471632003784,0.9792881011962891,0.9189571738243103,0.9985900521278381,-7.9106621742248535,0.19480133056640625,0.06345485895872116,0.19219349324703217,0.39976146817207336,0.9139497876167297,0.899561882019043,-0.08919358253479004,0.7317959666252136,0.9858189225196838,0.9808831214904785,0.8682748079299927,0.991936445236206,20.085529327392578,20.085529327392578,20.085529327392578,20.085529327392578,20.085500717163086,20.085500717163086,20.085500717163086,20.085500717163086
74,-11.798843383789062,0.042688097804784775,0.048426441848278046,0.08211692422628403,0.04177040606737137,0.9970796704292297,0.9596831798553467,0.805200457572937,0.9970743656158447,0.9985460042953491,0.9788146615028381,0.9161919355392456,0.9984664916992188,-7.9102630615234375,0.19476015865802765,0.06345411390066147,0.19220861792564392,0.3998115658760071,0.9139817357063293,0.8995791077613831,-0.0895925760269165,0.7317277789115906,0.9854879975318909,0.9808032512664795,0.8685137033462524,0.9919004440307617,20.085529327392578,20.085529327392578,20.085529327392578,20.085529327392578,20.085500717163086,20.085500717163086,20.085500717163086,20.085500717163086
75,-11.798832893371582,0.042433902621269226,0.048321645706892014,0.08217812329530716,0.0415741391479969,0.9971295595169067,0.9598554372787476,0.8034346103668213,0.9971050024032593,0.9982461929321289,0.9786900877952576,0.9139568209648132,0.9987213611602783,-7.910321235656738,0.1948021799325943,0.06345907598733902,0.19223706424236298,0.3997708857059479,0.9139602184295654,0.899580717086792,-0.08974313735961914,0.7317805290222168,0.9857454895973206,0.9808624982833862,0.8683916330337524,0.9917960166931152,20.085529327392578,20.085529327392578,20.085529327392578,20.085529327392578,20.085500717163086,20.085500717163086,20.085500717163086,20.085500717163086
76,-11.800301551818848,0.0425804927945137,0.04846237227320671,0.08150426298379898,0.04145355150103569,0.9971082806587219,0.9596729278564453,0.8064654469490051,0.9971272349357605,0.9986283779144287,0.9789723753929138,0.9162062406539917,0.9984582662582397,-7.910233974456787,0.19479897618293762,0.06345737725496292,0.1922527253627777,0.39977896213531494,0.9139615297317505,0.8995653986930847,-0.08978259563446045,0.7317657470703125,0.9857228398323059,0.980900228023529,0.8684472441673279,0.991801381111145,20.085529327392578,20.085529327392578,20.085529327392578,20.085529327392578,20.085500717163086,20.085500717163086,20.085500717163086,20.085500717163086
77,-11.80002498626709,0.04274670034646988,0.04840492084622383,0.0816778615117073,0.04149242863059044,0.9971014261245728,0.9597353935241699,0.8059296607971191,0.997128427028656,0.9985681772232056,0.9791917204856873,0.916900634765625,0.998553454875946,-7.910287380218506,0.1947910636663437,0.06345511227846146,0.1922433227300644,0.3997652232646942,0.9139659404754639,0.8995745182037354,-0.08974719047546387,0.7317678332328796,0.9856997728347778,0.9808420538902283,0.8684781193733215,0.9918271899223328,20.085529327392578,20.085529327392578,20.085529327392578,20.085529327392578,20.085500717163086,20.085500717163086,20.085500717163086,20.085500717163086
78,-11.798991203308105,0.0425434373319149,0.048371631652116776,0.0819702073931694,0.042242951691150665,0.9971202611923218,0.9597915410995483,0.8057564496994019,0.9970090985298157,0.998553454875946,0.9787734150886536,0.9154655933380127,0.9980324506759644,-7.9100446701049805,0.19478318095207214,0.06345776468515396,0.19222722947597504,0.39977195858955383,0.9139685034751892,0.8995535373687744,-0.0900501012802124,0.7317529916763306,0.9857001304626465,0.9810043573379517,0.869228720664978,0.991877555847168,20.085529327392578,20.085529327392578,20.085529327392578,20.085529327392578,20.085500717163086,20.085500717163086,20.085500717163086,20.085500717163086
79,-11.800084114074707,0.04282291978597641,0.04837341234087944,0.08156578242778778,0.041507232934236526,0.9970837235450745,0.9598397016525269,0.8067045211791992,0.9971092343330383,0.998505175113678,0.9790151715278625,0.9185296297073364,0.9987386465072632,-7.910353660583496,0.19477954506874084,0.06345678865909576,0.19222204387187958,0.3997652530670166,0.9139693975448608,0.899564266204834,-0.08991062641143799,0.7317825555801392,0.9856873750686646,0.9810287952423096,0.8689703345298767,0.9919604659080505,20.085529327392578,20.085529327392578,20.085529327392578,20.085529327392578,20.085500717163086,20.085500717163086,20.085500717163086,20.085500717163086
